ID,y_true,lightgbm_oof_probability,xgboost_oof_probability,catboost_oof_probability
ID_1FE951BD,1,0.4493939716454871,0.4865278899669647,0.4060197002620461
ID_5927A443,1,0.9281486237959499,0.9664506316184998,0.939147120596766
ID_C4E67025,1,0.6572111029235189,0.7232293486595154,0.6078514766553442
ID_44DC5CE9,1,0.9356455185611093,0.9669313430786133,0.9627442879893918
ID_33C677BB,0,0.5877823109847432,0.4080740213394165,0.4001639231272525
ID_D236E800,1,0.5591012390315561,0.6448062658309937,0.5403752801019543
ID_CF0BD595,1,0.9327554035517163,0.9542968273162842,0.952940757632322
ID_2578671F,1,0.6040203589181473,0.6670508980751038,0.5329052334084347
ID_2C20EC5C,1,0.9348017383769484,0.9627896547317505,0.9519856632052288
ID_47BCE4E4,1,0.9310381285894416,0.9679399728775024,0.9667124486539798
ID_2F462027,1,0.5765616554006032,0.4338706433773041,0.4521118664521
ID_4E87DA0C,1,0.7007970274464459,0.7924452424049377,0.6934166158960987
ID_7E828959,1,0.9393263659295361,0.9345998764038086,0.9403873852103996
ID_997B5475,1,0.9388452665606845,0.9519380927085876,0.9525827894306462
ID_1ED766BE,1,0.9422572243402387,0.9272547960281372,0.941749444313579
ID_68CDD69A,1,0.9223053174487809,0.9555549621582031,0.9521997149853292
ID_FD9CEB90,0,0.6685633765295397,0.7410378456115723,0.642561154698209
ID_21DA9AD7,1,0.5651537693793073,0.6089881062507629,0.6676363660627251
ID_B7F27F63,1,0.9332758932314492,0.9607917070388794,0.9659125394906376
ID_D3C45252,1,0.4038624596980727,0.26524627208709717,0.360640511243889
ID_24E921F0,0,0.41514132824935823,0.2544587254524231,0.2873546449577217
ID_D794CB38,1,0.5122152189315887,0.4095253050327301,0.3171841088797392
ID_002D2DCE,1,0.544412474228468,0.5246976613998413,0.4467244804713169
ID_DB01B3C5,0,0.6360715751379107,0.6204036474227905,0.3115280780765281
ID_A512C0C4,0,0.4314993655497055,0.39809074997901917,0.3756499140502012
ID_3467AC70,1,0.9315116882269341,0.9425843954086304,0.9337256769660112
ID_4AF2520D,1,0.368406240109065,0.4596725106239319,0.5140899112211332
ID_7BC5D8E5,1,0.9359095230551343,0.9683173894882202,0.9515554791906152
ID_B1701DBC,1,0.9068794761862329,0.904685914516449,0.9127919240316348
ID_43155069,0,0.3538544902634577,0.38809236884117126,0.2424694164452522
ID_08FFBD6F,0,0.4978102762766263,0.4332779049873352,0.5008346457158125
ID_EFFEF255,0,0.49481119926422773,0.40187427401542664,0.4887696066200212
ID_540FDFB6,1,0.4248315708015631,0.3728533089160919,0.3660516619153619
ID_65A675DE,1,0.9377461948507523,0.9348538517951965,0.9482496073094012
ID_C89D13D6,1,0.7322115036141709,0.8386613726615906,0.9037729534336753
ID_8FF3A884,0,0.6700170850548695,0.7056623697280884,0.5748751986743452
ID_F2957772,1,0.9319153823239499,0.970887303352356,0.95280646258819
ID_5278A4C4,1,0.9288969731123977,0.9504231810569763,0.9532474588251189
ID_8452358D,1,0.9331143280212223,0.9545005559921265,0.9552206053613018
ID_6F093349,1,0.932495844301972,0.9498480558395386,0.949987380157548
ID_B62607AF,0,0.5147647593393346,0.4135878384113312,0.3464776285801248
ID_071B0BCA,1,0.9164732375074027,0.9534714818000793,0.9516164087601682
ID_EED71D9F,1,0.5611339982801722,0.6567177772521973,0.503760588221305
ID_F2398E60,1,0.49093814268717495,0.5930802822113037,0.6209843904332301
ID_92BAA68C,1,0.910139630752666,0.9542747139930725,0.9629151573544668
ID_B08C9EE2,1,0.5746286005362765,0.5292389988899231,0.5324620941144833
ID_B753EC09,1,0.9084857857463575,0.9649291634559631,0.9631015117091826
ID_00853859,1,0.926826936590155,0.9540945291519165,0.9404888148733108
ID_6BA49441,1,0.6030167312620383,0.6764853000640869,0.5928542133299455
ID_C3289F72,0,0.8034745659148742,0.8265569806098938,0.7256359789251107
ID_4B712589,1,0.5619119295474365,0.5701622366905212,0.4845379490215475
ID_3EDCC453,0,0.6960739122958661,0.6769751310348511,0.449916729029706
ID_20AD8C5B,1,0.9352224908877899,0.9146373271942139,0.9071667397741954
ID_1AC8D537,1,0.9213478528105734,0.8829587697982788,0.8987327407095184
ID_82832774,1,0.5783689648108479,0.6692781448364258,0.6465736368071494
ID_52FF3CF8,0,0.5848418449643639,0.5652743577957153,0.6190660160023093
ID_92E59CC2,1,0.8418980864827893,0.9217904210090637,0.9450161073380736
ID_9F32FCB4,1,0.5579915908703157,0.5277836322784424,0.5588004835745708
ID_E02C6235,0,0.9302398925804101,0.9477307200431824,0.9482791348782368
ID_A792B804,0,0.5936885135525548,0.6139675974845886,0.5020297938406706
ID_4771A568,1,0.9337727668466183,0.8855788111686707,0.8912003326764929
ID_EB2856D1,1,0.8411372908193901,0.8379585146903992,0.8793720061170964
ID_EE3405FF,1,0.9341271069323458,0.8894250392913818,0.916976335858881
ID_442F6008,1,0.38960370917156595,0.30434903502464294,0.3106477287883457
ID_C1158C74,1,0.9302398925804101,0.9606748223304749,0.9558577388235088
ID_EB771E87,0,0.9330857835783569,0.9691174626350403,0.9592813918869852
ID_03B6FE88,1,0.8539846893607222,0.9017462134361267,0.926461609056022
ID_4CE3928A,1,0.9075870214239129,0.9230036735534668,0.9336659122023352
ID_15006571,1,0.6688844059665777,0.6255467534065247,0.5265511128725856
ID_BAA1A435,1,0.9287424900322407,0.9473707675933838,0.9276469933830478
ID_CE667BDB,1,0.5550779017653531,0.5414553880691528,0.4746417844119033
ID_D0422C79,1,0.9247018650340825,0.9567410349845886,0.959605591530021
ID_19D5F507,0,0.696357818188063,0.705279529094696,0.7367546763466257
ID_CE2EAF7B,1,0.9305550664053476,0.9466717839241028,0.9299706497959322
ID_77B0997B,1,0.6475256975295173,0.657039225101471,0.672053705758289
ID_402DB219,1,0.6501349157416322,0.7590641975402832,0.6411143882308574
ID_9AF35771,1,0.6994144646688489,0.4714779257774353,0.4046199927329185
ID_44B65024,1,0.932637663192945,0.9204769134521484,0.8930119561078312
ID_C463D596,1,0.5465029548618839,0.5753239393234253,0.5375337426785082
ID_FEE7CBA4,1,0.591670243513842,0.5565407872200012,0.5570605873407274
ID_052EE082,1,0.9278260425746154,0.9562819004058838,0.9425239343536608
ID_ED025255,0,0.842105587786127,0.9254246354103088,0.9561918525302208
ID_79498CB3,1,0.6016641359912817,0.4389056861400604,0.5011148748843332
ID_92ABB8BB,1,0.9238702486168282,0.9463262557983398,0.949873272485005
ID_6BD709B3,1,0.9144057690271631,0.942743182182312,0.9297413177534166
ID_BF037E11,1,0.9204765547845539,0.9805545806884766,0.9567122670736457
ID_6D89173F,1,0.7412755268592157,0.7797804474830627,0.7438697919126989
ID_4BACF83A,1,0.9249068551077715,0.963156521320343,0.9424387047531811
ID_B1777B62,0,0.7063278985758916,0.7548604011535645,0.7285002400073725
ID_3E228C60,1,0.7064782853038715,0.6735147833824158,0.6411783599902554
ID_083806BF,1,0.9216504435581017,0.9673184752464294,0.9286531262304716
ID_AC817E84,1,0.932223684305975,0.974222719669342,0.9623952383247713
ID_7C868BD2,1,0.9214257503915851,0.9611252546310425,0.9520232856547556
ID_6569628D,1,0.7554557929118656,0.8337073922157288,0.7847911605957077
ID_15F1FD16,1,0.705407879261455,0.7320308089256287,0.5757304349647268
ID_EC10FFE9,1,0.9312703272541061,0.9614912271499634,0.9636565090265248
ID_12014A18,1,0.9308023291036143,0.9774525165557861,0.9643869547328568
ID_43BA654E,1,0.9317657454322341,0.970283031463623,0.9356685001897952
ID_3EC2F125,0,0.9368593169329213,0.9794248342514038,0.966585237042552
ID_E68BB851,1,0.6126338045282038,0.5197046399116516,0.5590309891493213
ID_3C6B933B,1,0.9169861369168003,0.9212604761123657,0.9193840536624368
ID_E069FF87,0,0.7330057953953413,0.7430739402770996,0.6898451818791165
ID_A94ABC13,1,0.47636625019840234,0.49354565143585205,0.5489534557642742
ID_C3CDF3F5,1,0.8168748326696555,0.8703436255455017,0.9303619139572308
ID_47F9010E,1,0.7635900189767852,0.664657711982727,0.7409887406824185
ID_432DE02C,0,0.9312567152468788,0.9576631188392639,0.9643849275083044
ID_6C1E84EC,1,0.541715905013019,0.33886557817459106,0.4413689625800073
ID_F87DBF89,1,0.7558280373832315,0.6759636998176575,0.7361686923675903
ID_29BCF620,1,0.7071936906199767,0.6636898517608643,0.7012711326964215
ID_612C68AA,1,0.9206898018516216,0.9511408805847168,0.9557180952546004
ID_D9C38AAC,1,0.5760130650978084,0.5260405540466309,0.4308360765049205
ID_3F33293C,1,0.6636008038710077,0.7891445159912109,0.6993821789570088
ID_8643A4EE,0,0.7546597993061132,0.7983651161193848,0.7684919549617213
ID_54E3DA1F,1,0.7543515273600633,0.8198320269584656,0.7660546187067291
ID_DF440C5F,1,0.9358201010757187,0.9713308215141296,0.9582328758634272
ID_4CEF19D5,1,0.9184686060686622,0.9577764272689819,0.971793162570792
ID_3F656297,1,0.9334166218489387,0.9621116518974304,0.956418244405882
ID_7A92A9A3,0,0.5846034085310455,0.6105488538742065,0.550854838038076
ID_20C3BA14,1,0.9162511948493718,0.9350957274436951,0.9507693883421244
ID_23FC77E6,0,0.5849920030635503,0.5564626455307007,0.5234633472631188
ID_0FD10927,1,0.6491620941918488,0.5444376468658447,0.5393381137823845
ID_9B0992F6,1,0.9366358447041504,0.9436986446380615,0.9451573161502972
ID_CECB65B0,0,0.5626759885112805,0.6346784830093384,0.6543567625320881
ID_F4CC4567,1,0.9450371336539491,0.967359721660614,0.96880605318023
ID_76482336,1,0.9357010496868423,0.9485642313957214,0.9484728251599578
ID_12C90873,1,0.43434328094870633,0.389384001493454,0.4225788824364994
ID_A0168846,1,0.9359474639121963,0.9402058720588684,0.9291057030999617
ID_265B53D1,1,0.9185906291021849,0.9674689769744873,0.9459049942148604
ID_28EC6262,1,0.4825721347682528,0.44973546266555786,0.4699751276810696
ID_8AF58913,0,0.7513114975594913,0.800251305103302,0.7238777021106425
ID_6B3B7230,1,0.922279337551658,0.9111577272415161,0.9097080369191796
ID_C4F7832E,1,0.936567273001886,0.9692145586013794,0.9719944765790276
ID_C1028851,0,0.5478826305943164,0.5180355906486511,0.5727635892385056
ID_7BE20DE8,1,0.6158443383721457,0.6348598599433899,0.6417252539371088
ID_116F5986,1,0.7180508546416614,0.7471078634262085,0.6768302344553069
ID_DC678B61,0,0.5585977836663121,0.6590737700462341,0.590168672807851
ID_D7C0F8E1,1,0.8498287002666312,0.9461642503738403,0.9545875179311588
ID_D693110B,1,0.40316043797716944,0.30221331119537354,0.3133051663547176
ID_16AAFFA4,1,0.936567273001886,0.9640775918960571,0.9724718994529764
ID_2B7015DE,0,0.431906383392179,0.5003555417060852,0.4687778266674816
ID_BB6D21F8,1,0.3420028447613204,0.2564569115638733,0.2191251006400938
ID_DA9EEF12,1,0.9421512374351193,0.964094340801239,0.9600615933678582
ID_78957986,1,0.936567273001886,0.9671006798744202,0.9509982183962344
ID_6A4657FF,1,0.5419414712127647,0.53354811668396,0.5992505645063934
ID_5045DC23,1,0.942451520854879,0.9578278064727783,0.9703650810573384
ID_781ECE50,1,0.9323817039809863,0.9532708525657654,0.9629932149044338
ID_17004110,0,0.6143743421054346,0.6466404795646667,0.4932848662175621
ID_B28332B9,1,0.6468926040851924,0.7801967263221741,0.6938991611671016
ID_6643D98F,1,0.47083305112807633,0.5157371163368225,0.4272765138003036
ID_64A0BD4B,1,0.9340113423843568,0.9682947993278503,0.9623435579987336
ID_3DC7DA3E,1,0.40012158990040325,0.2708798050880432,0.3482303663061171
ID_B0DEB458,1,0.9340113423843568,0.9716468453407288,0.969696127074968
ID_5C616378,1,0.5809957781408391,0.6171380281448364,0.6091874793929487
ID_2161BBF3,1,0.9340113423843568,0.964499294757843,0.957114955379758
ID_4E042597,0,0.5409316244544123,0.5182151794433594,0.6348914367951888
ID_550B5CE3,1,0.9278245824057625,0.9701363444328308,0.970156697420704
ID_4A4BC2F9,1,0.941385274507012,0.9699246883392334,0.9641439078397912
ID_7EF69E89,1,0.6094645368099795,0.678303062915802,0.5965173123177568
ID_56FA607E,1,0.9214120681000199,0.9658756852149963,0.9698307199777504
ID_D7616E08,1,0.5798597660279301,0.656116783618927,0.5979038438415158
ID_4A3849B9,1,0.5101209520241871,0.4574463963508606,0.4822753585491361
ID_00A9231F,1,0.9379197715489991,0.9353068470954895,0.94185785402947
ID_DF61196D,0,0.4887677204739279,0.5712130665779114,0.5892518210349873
ID_4BE94895,1,0.9157293499372707,0.8503153920173645,0.8759826361651096
ID_1BEF5D6A,0,0.4491254212247632,0.5217297673225403,0.589659780500297
ID_029B00FE,1,0.9228678662429144,0.8288165926933289,0.8556735067752664
ID_D69186A8,0,0.9171545351577294,0.8429868221282959,0.9076834920563424
ID_69BA4960,1,0.8816482153175319,0.8815876245498657,0.8762957753461583
ID_D26F57E2,0,0.8903261039784516,0.9006811380386353,0.8361089592358693
ID_92677253,0,0.44577110658853775,0.291266530752182,0.3377896804466596
ID_03AFD197,0,0.513752373708098,0.4025333523750305,0.4484316129990054
ID_39AE476B,1,0.5118124835823811,0.5125244855880737,0.3854382756301541
ID_82688AD1,1,0.9171545351577294,0.8897080421447754,0.885157432349801
ID_38FF4203,1,0.8861888275954539,0.8816908597946167,0.9233852275602948
ID_E499B9B8,0,0.46462132674817785,0.30356907844543457,0.4601424206349412
ID_2565FC07,0,0.5419986215259276,0.25296682119369507,0.3729635760195855
ID_66C42E55,1,0.9182028515402827,0.9334872961044312,0.8931793909155196
ID_911F86B4,1,0.5560281737712272,0.3821831941604614,0.3130124354678698
ID_8FF4BB5D,0,0.5548383780825147,0.49171191453933716,0.4791661131133316
ID_E65AB050,0,0.9290349831748821,0.9400249719619751,0.9442706818149328
ID_286ACDF0,1,0.45528412828587156,0.20246301591396332,0.2044800001974301
ID_03E9D7A4,0,0.4216061678174567,0.4318794906139374,0.471671447222598
ID_B4B1EEC2,1,0.8488593871502794,0.902277946472168,0.926628264847652
ID_714F4E77,1,0.9220301292913313,0.9064985513687134,0.9321838446144288
ID_92138467,0,0.5334144188277625,0.44657084345817566,0.4426799004257694
ID_8EE71A53,0,0.4385093729630781,0.45167550444602966,0.4974031386887373
ID_EA309336,1,0.44974330507763244,0.46244871616363525,0.3852172798875661
ID_4083C9A9,1,0.467720991507182,0.2698214054107666,0.4247541339672069
ID_C8EA287D,1,0.8932264629530342,0.8186805844306946,0.8795398511731175
ID_BB7BEAFD,1,0.8693262759696911,0.7757904529571533,0.8824561082297843
ID_E0D93E0E,1,0.915888134037862,0.9284707903862,0.9320257194812144
ID_6E4987AC,1,0.8925247847943698,0.9223160147666931,0.9528327043208143
ID_74AAB88B,1,0.5828601130515432,0.5675551295280457,0.6269042639895113
ID_9E17C829,0,0.5958599558204141,0.731088399887085,0.6986518050943765
ID_23183437,1,0.9342288437044177,0.9332796931266785,0.910409009965929
ID_E4E6EEA5,0,0.4201517501278889,0.6155738234519958,0.5632398308749741
ID_1657FBB7,0,0.37180923798780735,0.36876288056373596,0.3573235576834878
ID_4C614225,0,0.3462063961871854,0.34726718068122864,0.2857126741880565
ID_C6E39914,1,0.9288872940039645,0.9569191932678223,0.9573572748584818
ID_0D85CFE4,1,0.656302947270447,0.642997145652771,0.6015068285227244
ID_D79CB72E,1,0.5801166041355366,0.3667716979980469,0.475061273899177
ID_39312AF0,1,0.4780095523075854,0.5810368657112122,0.6139598752355816
ID_5A83CD7B,1,0.9393846849084556,0.9748491644859314,0.9644662298868096
ID_77A3B272,1,0.3774918480501652,0.3660382628440857,0.3310942413764435
ID_7D528C25,1,0.48970362431105224,0.5564886331558228,0.6491569128361967
ID_2566F653,0,0.29164906565310444,0.2562495470046997,0.2598184996860104
ID_6189B9FC,0,0.41631324966433775,0.34912291169166565,0.251144381063095
ID_265C3C3B,1,0.9364960423129494,0.9033080339431763,0.9525762709976868
ID_61E503C7,1,0.9288035021130283,0.9311286807060242,0.9582561218778805
ID_C2D40741,0,0.3871584154354022,0.22055202722549438,0.3399434775070331
ID_1702668A,0,0.44926174997342916,0.36535340547561646,0.448090796525067
ID_8108A483,0,0.4476787097372644,0.44590750336647034,0.411245031866028
ID_0A8C12F2,1,0.942397962957506,0.9515535831451416,0.957641963137774
ID_6B44FC2C,1,0.9371229277167868,0.9151417016983032,0.9596420039756436
ID_86155AAE,1,0.3708637301972648,0.36205676198005676,0.3838136811900628
ID_86A0AB17,0,0.4545561683345148,0.3211056590080261,0.3822944338459048
ID_6C1F4FBF,0,0.4344796896362427,0.40284809470176697,0.4447924022249226
ID_5CEB6CF0,1,0.3950547830654753,0.3395925760269165,0.3930147494448578
ID_4DC9A319,1,0.9121047527733974,0.9034850001335144,0.9274102643768464
ID_A70991D0,0,0.4096441842882563,0.3176186680793762,0.3405080572312685
ID_0B3F430C,0,0.30125822121621465,0.24095958471298218,0.2511194923145616
ID_85A77EE0,1,0.4563259870020344,0.3041820526123047,0.2395908981593389
ID_413375AE,1,0.6139507493348063,0.4767712950706482,0.5281706157748257
ID_42D85B69,1,0.9355281716357484,0.9569201469421387,0.9575510722420814
ID_778DB41E,1,0.7772350740098084,0.8619624376296997,0.9346774075203425
ID_B4160E67,1,0.9425435412578121,0.9589774012565613,0.9580133080126874
ID_54E28BF5,1,0.9472437438174405,0.9525078535079956,0.9523022784355152
ID_2888B098,1,0.8924634526928289,0.9339621663093567,0.9339786871247928
ID_DE838CE9,1,0.9374170952854893,0.9689571261405945,0.9638135568345094
ID_3461A6A9,1,0.9384413812541773,0.9220408797264099,0.9500496556894736
ID_FA58BB34,0,0.7238204292659317,0.6371888518333435,0.5293640083652286
ID_08F02A27,1,0.936453797472847,0.9357700943946838,0.9596737004184582
ID_41A3AB9B,1,0.8346053354134448,0.9149869084358215,0.920198781503906
ID_82D9FFA5,0,0.4082654198458102,0.2923806309700012,0.2728484501198508
ID_9796915F,1,0.9233375481248931,0.8776670098304749,0.83096118482212
ID_5B3993BE,0,0.42017921240879,0.4434748888015747,0.4513710283853313
ID_D99814F1,1,0.9116311769189643,0.9559848308563232,0.9051376646805164
ID_4E9FF5CF,1,0.9416717470843653,0.9568454027175903,0.9549018286010272
ID_B30063C2,1,0.5638071075218175,0.5481151342391968,0.4599588835350974
ID_9007982C,1,0.9037179958498834,0.8916422128677368,0.9103475623875328
ID_C1FD0943,1,0.9453417274836194,0.9541141390800476,0.9396233334242352
ID_1C443DEF,0,0.5937152255056722,0.6765546202659607,0.6030353762459022
ID_6EF1C940,1,0.9288447472014482,0.9435760378837585,0.91836459315434
ID_8FA4F8AB,0,0.44276036713029937,0.3702557682991028,0.2899818493851358
ID_71F540D8,1,0.9300490656454745,0.9596763849258423,0.9529981017357528
ID_88352921,1,0.9292934768433054,0.9761031270027161,0.968995546767518
ID_3ABA5A58,1,0.943168219652014,0.9712094664573669,0.9636618860785032
ID_DEC0C75B,1,0.943168219652014,0.9741040468215942,0.9526590778206164
ID_9D732C24,1,0.8861001786409238,0.8827922344207764,0.9351159872807786
ID_816F2659,1,0.9291974824519335,0.9669313430786133,0.9616008013260994
ID_493FBA64,1,0.92323040071135,0.9526869654655457,0.9548698479516052
ID_D0D4CAEC,0,0.5058039428622058,0.6687877178192139,0.5452438907770352
ID_85551C5C,1,0.49785333592725933,0.6775435209274292,0.6675197638633007
ID_B75CCA54,1,0.9089552255660537,0.9371907711029053,0.905099193009319
ID_0FE63445,1,0.6506693796290695,0.8016331195831299,0.8377603485064233
ID_FA7A3BB6,1,0.9300490656454745,0.9537815451622009,0.9558247828433796
ID_F3A658D0,1,0.9402560453790908,0.9481592774391174,0.9718919400064416
ID_A1891718,0,0.36207093550178626,0.3188479542732239,0.302061887237562
ID_0D3DCEE8,0,0.6109746703370721,0.6929283142089844,0.6251634582854331
ID_A442976C,1,0.9441432849129687,0.9606359004974365,0.9615614813602548
ID_F22B6FA0,1,0.9285428471641552,0.9463374614715576,0.9345876008843392
ID_C65A779C,1,0.9376045030603523,0.9538857936859131,0.9684531874445018
ID_A6F7EA1E,1,0.9376045030603523,0.9562689065933228,0.9688612182707864
ID_91C695DC,1,0.9304188274991703,0.954496443271637,0.9528957074762237
ID_81F05F63,1,0.6245081055112117,0.7714985609054565,0.8228206115707934
ID_D253F35F,1,0.919484444853265,0.9062402248382568,0.936451727254114
ID_7A3BEF01,1,0.4822799980360694,0.4497114419937134,0.4195726428617923
ID_81169AB9,1,0.9411937871600916,0.955290675163269,0.962649649692616
ID_83395215,1,0.9391271605073193,0.9618035554885864,0.9566881667749992
ID_53495D1A,0,0.44173759910059546,0.4377891719341278,0.4551690031796993
ID_0E9D51C4,1,0.8970327682437073,0.9353833794593811,0.9391428385698156
ID_1204C559,1,0.3255958938954629,0.3503382205963135,0.3192719616188238
ID_72024473,1,0.4310393774215383,0.4471900761127472,0.4297572774402493
ID_33B114CA,1,0.8912283656280983,0.9363745450973511,0.9457467255510372
ID_40FD73EA,1,0.9396884477881579,0.9639360308647156,0.9478453643828172
ID_AB7DD191,1,0.9318482365258162,0.9643727540969849,0.959505910239398
ID_61CD6E87,1,0.8837463342536985,0.9126855731010437,0.9370871260246276
ID_9B785BDB,1,0.9085462540092039,0.9644840955734253,0.933426078769022
ID_C62C2900,1,0.7493338280761777,0.738027036190033,0.9010324440581722
ID_E8D31319,1,0.9443735797871056,0.980826735496521,0.9745768865967552
ID_27790398,1,0.9166476507878204,0.9681490659713745,0.9466862614712857
ID_5F245A32,1,0.6557146950177426,0.8162523508071899,0.7377054499775871
ID_23F04A4D,1,0.9356991946248222,0.9796196222305298,0.9686196110869028
ID_E2E86D13,1,0.6870280996611053,0.7767027020454407,0.815124026381195
ID_4C92D064,1,0.9502974481798726,0.9841613173484802,0.9714228983373988
ID_6A1C5D57,0,0.46709338851927673,0.5109601616859436,0.4403468771813236
ID_7F500D5C,1,0.9318482365258162,0.9673303961753845,0.9590136878484647
ID_9EB866BD,1,0.46653001181621495,0.5581672787666321,0.4086390969680328
ID_A902E49A,1,0.8573000989149985,0.9404206871986389,0.9344467812050894
ID_7B80D18B,1,0.9235330073677965,0.9293386340141296,0.9444967099346404
ID_415E1972,1,0.9432556112875503,0.96964430809021,0.9643457337589788
ID_46D01EB0,0,0.4855829112493403,0.41367191076278687,0.3951396375075898
ID_8F6951B6,1,0.9427221402295922,0.9625799655914307,0.9629061092977572
ID_3DA70DF8,1,0.944892202588315,0.9680950045585632,0.9578763853199774
ID_E545182B,1,0.5942364421200181,0.6962619423866272,0.6165011067369269
ID_3F0646FE,0,0.4508690176529601,0.4993843138217926,0.5728299890115474
ID_938CBD7C,0,0.9407358693577667,0.9771707057952881,0.9822536541704378
ID_82967851,1,0.5241629519073354,0.5376912355422974,0.3726644067207876
ID_297B647B,1,0.46551998590822224,0.37170326709747314,0.3634686956193255
ID_498A3FB4,1,0.9266011144891819,0.9351100921630859,0.8754199524005911
ID_60BA4CAD,1,0.9275917145618431,0.9514971375465393,0.9066300749337384
ID_5711ACFF,1,0.8478577262383824,0.8342573046684265,0.9089126725990582
ID_B9680862,1,0.9375589976987801,0.9769992232322693,0.9813297991731984
ID_C0B01638,1,0.9283194884523073,0.9583064913749695,0.9485697392857384
ID_0EBE53E4,1,0.6893058795289625,0.7456073760986328,0.7538045830716671
ID_888D6464,0,0.9459031226937151,0.9702847003936768,0.9691217371457544
ID_A3000120,1,0.6029983414494137,0.47268611192703247,0.3677064547034127
ID_B860973C,1,0.6055394102733214,0.6475284695625305,0.6246157408375165
ID_2FA4E0E4,1,0.9367109923291993,0.9698183536529541,0.929166739573486
ID_86F49959,1,0.9391392180623797,0.9585867524147034,0.9565908144973846
ID_B31C138B,1,0.5140473406322661,0.5382024049758911,0.4916926477224648
ID_32C3BF2E,0,0.30986934833603064,0.2946752607822418,0.375641523027364
ID_80450B1A,1,0.9080554378497391,0.9238772988319397,0.9527262402858628
ID_54B659EB,1,0.9400062379995886,0.9608808755874634,0.9309114527921912
ID_64502CAF,1,0.9318352306824431,0.9528244137763977,0.9515967561372636
ID_6ADF83C8,1,0.9080554378497391,0.9506815671920776,0.9502306801065572
ID_2B7D04A5,0,0.36975867357259457,0.3649429976940155,0.2571669976802307
ID_7205C942,0,0.375986255244288,0.3200029730796814,0.2742997191003437
ID_1A121219,0,0.35598496371285837,0.32789814472198486,0.238240610509067
ID_F50F0E96,1,0.49559338082619875,0.5617009401321411,0.5270051122259474
ID_F93EC8E4,1,0.9473127376319466,0.9475834965705872,0.9564287656657514
ID_E372B590,1,0.9417550818824079,0.9504669308662415,0.9428375843252882
ID_B13B5007,1,0.9136685933821065,0.9693313241004944,0.942136631081391
ID_5892A516,0,0.3317092613783879,0.3986395299434662,0.4070598641736938
ID_41D5D3BF,0,0.42603083591614205,0.5539037585258484,0.458439623099807
ID_A02434DC,1,0.915932443115089,0.9555824398994446,0.9468006011469826
ID_267CFA2B,0,0.43383106089219803,0.4155156910419464,0.5917884696504452
ID_85F50A77,0,0.2728707964152916,0.19072434306144714,0.2039475292489486
ID_82DBEF55,1,0.945771717634627,0.9309832453727722,0.9358425874613928
ID_4FE20C82,1,0.9457098363821013,0.9080163240432739,0.9305567502560084
ID_979875D4,0,0.296313165213574,0.30028554797172546,0.2805536792096397
ID_1C0CA540,1,0.920598093897985,0.93338942527771,0.9344120466626736
ID_50F7DA5A,0,0.9442680106416503,0.9454230070114136,0.9503824125267046
ID_818B8044,1,0.7010037587170769,0.6803545355796814,0.7905512021860295
ID_52BD3587,0,0.4045800525826574,0.3325296938419342,0.4834169573902344
ID_5EEB7A11,1,0.932288327515087,0.9258399605751038,0.9461489148767136
ID_81529176,0,0.33485179689157935,0.23589305579662323,0.3126912490819019
ID_6EFF806B,1,0.9388767763181546,0.9229912757873535,0.9319070785974636
ID_D79F847A,1,0.31809478441667105,0.258542001247406,0.2494737576184298
ID_57ED45D9,0,0.3643538740010883,0.35362210869789124,0.3061054530331835
ID_400D1515,1,0.932288327515087,0.9448831081390381,0.9359367989116126
ID_10506E50,1,0.9330502101055422,0.9330302476882935,0.9459720168624414
ID_2CB3EA65,1,0.4490225472646863,0.38123050332069397,0.3819397525579437
ID_404D823A,1,0.5881584961564738,0.5810497999191284,0.7067899618489486
ID_BF7D59E5,1,0.9059131357986976,0.95257568359375,0.9530568298412992
ID_B85F7A8E,1,0.9391210753737751,0.9528017640113831,0.9183990305509884
ID_0EFD63CE,1,0.9443625957149953,0.9476707577705383,0.934005739756308
ID_F045B712,1,0.8496077273550011,0.8007225394248962,0.9292291895664212
ID_14FAFA37,0,0.5323847617511196,0.4602759778499603,0.5325830987591196
ID_118AF328,1,0.9045261398924722,0.9027217626571655,0.9060778806861196
ID_5531D8AB,1,0.9376285124610702,0.9559484124183655,0.9398946437780616
ID_4E7C9CF1,1,0.930445396786232,0.9444902539253235,0.9430572751545766
ID_8944720A,0,0.31657050835137124,0.28880375623703003,0.3337475601344976
ID_0210A4D9,1,0.9429979627683162,0.9115016460418701,0.9254976752927258
ID_ED8A37A1,1,0.932288327515087,0.9525406956672668,0.964750761136728
ID_5206EBD4,1,0.9384696680734927,0.9371229410171509,0.9381442502941184
ID_35F6D8AF,1,0.9376285124610702,0.9239293932914734,0.9388350749374156
ID_29F6357A,1,0.9142818557943166,0.9432907104492188,0.95776387805653
ID_BE03209F,1,0.9427709617262804,0.9429774880409241,0.9557273549293
ID_53BB310B,0,0.3623933564511275,0.37646782398223877,0.4086914675505342
ID_3D8E659C,0,0.6119251884529322,0.5862231254577637,0.6453044563586209
ID_61EB7B8E,1,0.9391584326481555,0.8936470746994019,0.9196254369958224
ID_8C19B413,0,0.6129396636197013,0.5545666217803955,0.6425669310816761
ID_70A7B799,1,0.9377597917603274,0.9557080268859863,0.957402109912686
ID_F69D9A69,1,0.9376914026999114,0.9606240391731262,0.9471417672982404
ID_7C2CF736,1,0.9432060641230755,0.9614241123199463,0.9673877706253046
ID_CE420438,1,0.9372002422723572,0.9622988104820251,0.9664512611668244
ID_5145A977,1,0.5981486529555333,0.6312923431396484,0.6923438826368357
ID_2BFC72FD,0,0.44039932961864503,0.5211076140403748,0.4729048899613124
ID_C1996EAE,1,0.9389206628878634,0.9112336039543152,0.9470133046173276
ID_FF31985A,0,0.45678079816001504,0.3828083574771881,0.4327186451702434
ID_E6BC9437,0,0.7396510935394391,0.6888501644134521,0.6674505422582939
ID_54D6571A,1,0.9389206628878634,0.9116161465644836,0.9395143657071372
ID_3491CE65,1,0.932288327515087,0.9648416042327881,0.9643564684075532
ID_CD9FC592,1,0.9365902665739579,0.9765111804008484,0.9691181884866416
ID_583B4352,0,0.4579572785721655,0.583044707775116,0.5782198394307263
ID_B6B50837,1,0.49184206840936295,0.5668482184410095,0.4599298508752673
ID_8EE60FC5,1,0.9384696680734927,0.9436626434326172,0.9546559468239896
ID_4E7CABD9,1,0.5969323721619146,0.5222017168998718,0.4877018161301452
ID_969A914F,1,0.9323134978275157,0.9438329339027405,0.9425075755654724
ID_79F12136,0,0.658082281793575,0.6778618693351746,0.6719598195998167
ID_E6D196C5,1,0.9485072303695754,0.9749123454093933,0.963827715359055
ID_6006A62A,1,0.9468875155366799,0.9742587804794312,0.9609209441738804
ID_1023EC7E,1,0.9365902665739579,0.9765422344207764,0.9732847891904248
ID_385B6C0F,1,0.5241212813533991,0.5871948599815369,0.5784143398605917
ID_D575F611,1,0.9211642416927365,0.9552023410797119,0.935038263174344
ID_60DF28F3,0,0.3694287452007119,0.42651933431625366,0.4210968768414766
ID_D0FF2BCE,1,0.3694287452007119,0.4288465082645416,0.4146120693144061
ID_689ADA40,1,0.6977269401534264,0.5815161466598511,0.6523016264681457
ID_CF9506F8,1,0.9366597825869555,0.9480034708976746,0.9375653720828544
ID_E3A271EE,1,0.9140677916918034,0.9258691668510437,0.9215099594384284
ID_758AD5CC,1,0.569015477353828,0.6833852529525757,0.6433668215567463
ID_24AC56A2,0,0.5076241966652415,0.6134630441665649,0.6075879122830459
ID_0EC5C80A,1,0.9332309383810793,0.9610912203788757,0.9674170847529204
ID_EE85E1C4,1,0.9433142655896601,0.9712986350059509,0.9534952324441216
ID_2251250D,1,0.930881471843077,0.9531593918800354,0.9644292831307154
ID_F0FC377D,1,0.8101735642220801,0.827610194683075,0.8909679149146289
ID_19C76F65,1,0.9476096601217012,0.9526532292366028,0.9633193657979724
ID_46D958E6,1,0.9389206628878634,0.9560151100158691,0.9597857232488608
ID_4C91D9EC,1,0.8560943686729398,0.8773394823074341,0.9490359372989804
ID_2ACF8BCD,1,0.9287318562724051,0.9588478803634644,0.9605417423065336
ID_551F161A,0,0.5166434434306894,0.581628680229187,0.5197198968519501
ID_5E8C8DD0,1,0.9457452962616444,0.9621368050575256,0.96052700684465
ID_6A0DA214,1,0.9285196944266785,0.9706738591194153,0.967376727132602
ID_664D2CCE,1,0.42627726621590223,0.47127774357795715,0.4700691015401913
ID_52DA7C06,1,0.9285196944266785,0.9705871343612671,0.9669425697657622
ID_20940827,1,0.8749795029349884,0.9253827929496765,0.9410462582707976
ID_25D9B636,1,0.9388767763181546,0.9806697964668274,0.9663831203327538
ID_52CB4FCB,1,0.9095931673425013,0.8896934390068054,0.941794942145274
ID_FA25A0CD,1,0.9251725943141296,0.9627975821495056,0.955343589800945
ID_E424A1CF,0,0.5169846178075321,0.5313987731933594,0.4542085564914386
ID_4DDA05DD,0,0.4247115985729414,0.4666089415550232,0.4737115832137107
ID_DAA0B177,1,0.9472115650434528,0.9705459475517273,0.9558042052198032
ID_E5A7DE91,1,0.9362812885349934,0.9618261456489563,0.962797085067316
ID_576448E5,1,0.9373218111039385,0.9601404666900635,0.964825830394626
ID_CEC08043,1,0.9345619550732052,0.9743419885635376,0.9740157268990768
ID_430EA20B,1,0.6152315548318246,0.678061842918396,0.6797622797635616
ID_96DD947B,0,0.4484416561034226,0.39189183712005615,0.3386543648564902
ID_D80F826B,1,0.43937205927930406,0.3949756324291229,0.3497202796341703
ID_D373963F,1,0.9465702089519742,0.9665929675102234,0.9607375676763948
ID_0C7BD1A5,1,0.9361619778490863,0.9595818519592285,0.9489929488324824
ID_A6FF700C,1,0.929795496762978,0.9801678657531738,0.9591239324756928
ID_40E867AA,0,0.45947778680490936,0.4654863774776459,0.4216143267079102
ID_688AED11,1,0.9297875455431108,0.9511463046073914,0.9529382472234984
ID_50C9C59E,0,0.4216256617446819,0.4573970139026642,0.3960091023227817
ID_7E773C34,1,0.8694284107264445,0.9469488859176636,0.952451888458787
ID_F337E5D4,1,0.5112263919255254,0.46467846632003784,0.4142995044086016
ID_5312C4BC,1,0.9363278810230904,0.9089713096618652,0.927020280860096
ID_4D3650B3,1,0.9363278810230904,0.9256993532180786,0.929536697125586
ID_7118DF81,0,0.48986821844180667,0.4643220901489258,0.3953016727405682
ID_9188AE28,1,0.8433633997550207,0.9356251358985901,0.955825016459322
ID_55C96DA2,1,0.9388767763181546,0.9720140099525452,0.961961475305893
ID_A9C73938,1,0.9446975148233728,0.9656826257705688,0.9572165029767008
ID_99A6DD69,1,0.9448851630752149,0.9624943733215332,0.9545039937715724
ID_0767B165,1,0.9339235024689885,0.9638200998306274,0.9583339836678852
ID_7BE450E2,1,0.5611132794952286,0.6622800230979919,0.5979712679118111
ID_35A50C79,1,0.9326848506354641,0.9665716886520386,0.960386854411476
ID_EA91E84C,1,0.5258771881936047,0.6020099520683289,0.5904603379063106
ID_ABE57139,1,0.9440462345481752,0.9631571769714355,0.9582612846293423
ID_D2BB5203,1,0.7079717598498768,0.7465347051620483,0.6623559474207208
ID_FDCD2D3D,1,0.9388767763181546,0.9751623868942261,0.9482111830865324
ID_874EFB18,1,0.6704841511691351,0.5547866821289062,0.605305439184023
ID_A74F666A,1,0.6509343536217003,0.6267737150192261,0.664679395424966
ID_6A03E903,0,0.7152660900991124,0.7669530510902405,0.7707425838939268
ID_22359F8F,1,0.9381772958360494,0.9618657231330872,0.9557205898784192
ID_9EC6DADE,1,0.676806657511733,0.6645068526268005,0.6578161721180138
ID_1E15CBBE,1,0.4671042522241342,0.5074636340141296,0.4147692112070935
ID_717294A3,1,0.9343505273071847,0.9731648564338684,0.955765745523159
ID_10B91CDB,1,0.932288327515087,0.9772766828536987,0.9626416876528168
ID_9018AB15,1,0.9328971542025732,0.9658268690109253,0.9595730318187184
ID_CF6F0243,1,0.9390245215910265,0.9750363230705261,0.9452654804096444
ID_658E7F32,1,0.9316004413070523,0.9634435772895813,0.935696177719282
ID_D27C9FEF,1,0.9314319733353554,0.9586870074272156,0.946959950055742
ID_9FE8D577,1,0.9332776607560298,0.9603646993637085,0.9173865363434636
ID_55D474D3,0,0.4909932293915217,0.48933863639831543,0.3568359710663218
ID_C3816830,0,0.5257914476014979,0.598076343536377,0.6101211467489118
ID_EBF5B890,1,0.928582097563119,0.9585074782371521,0.9533354763675838
ID_F5D19F44,1,0.9390245215910265,0.9618486166000366,0.9504619029565228
ID_6BD01315,1,0.932288327515087,0.9666208028793335,0.953387880550562
ID_DFF8AE6B,0,0.5570002553441756,0.4934779405593872,0.5261336857429735
ID_566B3A80,1,0.5963186221058749,0.5954544544219971,0.5687825324800417
ID_D123B9DF,1,0.4451139983994042,0.44980037212371826,0.4751514603624389
ID_2D980B6C,1,0.9277328315764368,0.9488857984542847,0.9489322120200966
ID_50E1D073,1,0.9163301914617803,0.9745696187019348,0.9577079839116476
ID_9BF9DA19,1,0.5812057564494542,0.4115956425666809,0.5013779726819213
ID_03422E73,0,0.9163301914617803,0.9760010242462158,0.9602133420474188
ID_6C323092,1,0.6544154747791132,0.4847642183303833,0.5244240008809418
ID_E3A697C1,1,0.907054966663361,0.9623841643333435,0.9389155100561312
ID_44CA109B,1,0.9163301914617803,0.9784447550773621,0.9523753162144424
ID_8BB2A13B,0,0.566535773872924,0.5308109521865845,0.5088913211707962
ID_9B4BF8D2,1,0.6667012971025412,0.6604229211807251,0.6203211262446141
ID_E6B6C0B5,1,0.9149064121613298,0.9646992683410645,0.9555503841590052
ID_E69C2962,1,0.6490190144521929,0.5792255401611328,0.5853692113687153
ID_0BB99803,1,0.48279337405397915,0.5572241544723511,0.4809961768242508
ID_9DCB8F62,1,0.9149064121613298,0.9575726985931396,0.9549710101404014
ID_1F1DFE4A,1,0.5025802196066582,0.45581719279289246,0.5087246673100552
ID_9DE68287,1,0.8536077531851147,0.8932670950889587,0.8967148314001718
ID_882B8937,1,0.89743404625934,0.8834019303321838,0.9036550526566004
ID_68854D5E,0,0.9218206241358786,0.9663377404212952,0.9622853608944536
ID_CBB83F58,0,0.5032266032596303,0.3484787940979004,0.4582322200616131
ID_5CB62514,1,0.9153839784217268,0.9582127928733826,0.9491899547912742
ID_C16FBD8A,1,0.7052103951298196,0.6357009410858154,0.6815765825917971
ID_DA64D7FE,0,0.7542837494632351,0.8829297423362732,0.8582620629246268
ID_957B8785,1,0.6032348132696265,0.5137028098106384,0.5806972254507733
ID_F6D60A52,1,0.9245499234937179,0.9383257627487183,0.9455739343108224
ID_6BCC8B0E,0,0.6096491317151683,0.5145044922828674,0.5058862007681276
ID_57CBF996,1,0.6431431449962074,0.7782628536224365,0.8760731846452375
ID_22E6A850,1,0.4643866794625072,0.4266706705093384,0.4361596414802779
ID_1225796E,0,0.683947901910149,0.6353686451911926,0.548666299849742
ID_E1A709AF,1,0.9368230794940559,0.9501013159751892,0.9442323023859313
ID_C7560DEA,0,0.44358919778130657,0.5124878883361816,0.3924328947374462
ID_1E530CC5,1,0.9352910462292642,0.9736422896385193,0.9593718015971692
ID_5F526927,1,0.9429636519385014,0.9527947306632996,0.949906327594674
ID_4327C4DA,1,0.5354016421172838,0.5535452365875244,0.5875756324431963
ID_C52F69A6,1,0.932288327515087,0.9594089984893799,0.9563222789250728
ID_417535DE,1,0.926031258136472,0.958633303642273,0.9487306464104068
ID_C6D93FAF,0,0.672492923045278,0.7078690528869629,0.6528029042991291
ID_80282323,1,0.3585275041243051,0.3446407616138458,0.3729138268442731
ID_646A676C,1,0.9352383730228595,0.9667714238166809,0.9599638293743092
ID_A80CCDB1,1,0.9374746478555095,0.9696232080459595,0.9474702129485542
ID_C9BA1615,1,0.9435913210942991,0.9763584136962891,0.9596367859792054
ID_5935ED7A,1,0.9390355651635469,0.974452793598175,0.9485290093428536
ID_CD20F70E,1,0.9319153823239499,0.9628568291664124,0.9598561962240644
ID_E5AF8AF9,0,0.9354941239368759,0.9587449431419373,0.9502551549934004
ID_B7E83195,1,0.9472058130572739,0.9741568565368652,0.9581634982379018
ID_148D12D2,1,0.9319153823239499,0.9755008816719055,0.9627729341208554
ID_0D0ADD6A,1,0.9461329233655553,0.9657063484191895,0.957742781656573
ID_DD4E9CFA,1,0.9375061699829604,0.9597206115722656,0.9643040985223912
ID_C864D217,1,0.9089766576594956,0.9347915649414062,0.941018880688751
ID_58728705,1,0.9064863848011482,0.9528984427452087,0.9275081651950472
ID_27026B6B,1,0.94356111063159,0.9609126448631287,0.9315558324401344
ID_740037D9,1,0.9399087197192791,0.9616398215293884,0.9258650838923048
ID_CD2937D4,1,0.9406495965813684,0.9603179693222046,0.9491884179024066
ID_DD83C95F,0,0.618121433641678,0.6381587386131287,0.5208495604560186
ID_488B4AA4,1,0.916902902022911,0.967156171798706,0.9453267234110684
ID_C68AD564,1,0.9386794633092932,0.9445982575416565,0.9495714139023108
ID_64783AD0,1,0.932806626012207,0.9741331338882446,0.962037159407499
ID_3A959363,1,0.9332100285669575,0.9608290195465088,0.925104017486098
ID_8CD824C6,0,0.932288327515087,0.9827874898910522,0.9609523952162756
ID_1C9747C1,1,0.5726292185519184,0.7106049060821533,0.6579255525755641
ID_59B63426,1,0.932288327515087,0.9824665784835815,0.9724056834674366
ID_AB4475C2,1,0.941511428094234,0.9654020071029663,0.941800817531387
ID_EE067B67,1,0.9392449758527143,0.9644938111305237,0.9401033054942944
ID_D804156F,1,0.7100064458825812,0.8036225438117981,0.8141754383769361
ID_BE335041,1,0.937482244750161,0.9507552981376648,0.943625316838217
ID_B934AA2E,0,0.39463858840513133,0.5553215742111206,0.4934377664585607
ID_BB481EF6,1,0.833034931121456,0.9417181611061096,0.9271836226281251
ID_F6AE561B,1,0.9368136623858775,0.9653753638267517,0.9466862562192668
ID_56BE2BD9,1,0.7132511522313534,0.7590023875236511,0.7533682990120655
ID_7EB6F119,1,0.9358736277644532,0.9722506999969482,0.940660103374576
ID_EE4AB314,1,0.6523368659760594,0.7549483180046082,0.6286765288190432
ID_9EAAC0ED,1,0.9386066659449097,0.970352828502655,0.946143078259121
ID_CAEDC886,1,0.5581748728426766,0.6696845889091492,0.5523614803439749
ID_5CBA7A86,1,0.889998683566678,0.9276290535926819,0.9281794893060864
ID_6B82518A,1,0.9307908040232845,0.9664439558982849,0.9578408633598136
ID_5CC7158F,1,0.5563485900509797,0.5847694873809814,0.5915268774630308
ID_0DAFA839,1,0.932288327515087,0.9661241769790649,0.9515752429909208
ID_DC9B0E28,0,0.42079062930185257,0.459156334400177,0.6429873440947489
ID_5858B4BC,0,0.6314647444329106,0.733030378818512,0.7320664005296176
ID_FCFEFAF2,0,0.5900296304855925,0.5542303919792175,0.6645452786180467
ID_4FAC6F7C,1,0.9374714858129808,0.9541423916816711,0.9446983505384196
ID_F7C7ADAF,1,0.8627679362783457,0.8589258193969727,0.8756266624477292
ID_6DFAE512,1,0.9319153823239499,0.9623405337333679,0.9664359396947044
ID_A75585F1,1,0.9374714858129808,0.9624313116073608,0.954053404578318
ID_6BF1EC60,1,0.8608642383105456,0.9091631174087524,0.9258442573016888
ID_4B27B222,0,0.6850431635881027,0.7304477095603943,0.7037046450758593
ID_29F51221,1,0.5739841387958302,0.6666744947433472,0.7152788523773619
ID_D0582EDA,1,0.9332981251489497,0.9632318615913391,0.9494518413436536
ID_3585E84F,1,0.5095385250363275,0.5153142809867859,0.4368750457205517
ID_66FF0516,1,0.9352977336774644,0.9723441004753113,0.9523166624024904
ID_B8E0D817,1,0.9334825437921463,0.9639240503311157,0.9380170886410368
ID_527A51CA,1,0.6741164653690105,0.6623092889785767,0.6874656517087397
ID_3D197242,1,0.633497089239126,0.7784327864646912,0.628842780350338
ID_810D734C,1,0.6977557205492773,0.7637064456939697,0.4913694390147299
ID_60833321,1,0.625233969345373,0.4615013599395752,0.4539012986462833
ID_015CEE3C,1,0.9335259337746868,0.9692326784133911,0.9612630470432392
ID_15E55F0A,1,0.6511059345862562,0.7453041076660156,0.746111569927758
ID_643ACF41,1,0.9345419826296558,0.9118941426277161,0.9292836653776289
ID_47933C8C,0,0.9251725943141296,0.9731927514076233,0.9654240476244796
ID_0543CB9E,0,0.5184987266293786,0.6907095313072205,0.6383952568080397
ID_C400C8A8,1,0.935569490036473,0.9616285562515259,0.925256905235911
ID_3FC185C6,1,0.9033627874316663,0.9167193174362183,0.906805189512574
ID_A776FC55,1,0.932288327515087,0.9804617166519165,0.952903928014336
ID_CE77BA01,1,0.9373292950730137,0.9638170599937439,0.9541638338905032
ID_1D4B3086,1,0.5341770640797397,0.4605395793914795,0.4571636993765972
ID_4B8CA486,1,0.934770803105634,0.956423819065094,0.9525162731552604
ID_C29B4EBE,1,0.6650772007180302,0.6714165806770325,0.7219971982789597
ID_D4539961,1,0.4521354069595187,0.4165510833263397,0.4009301312129721
ID_04DEE23B,0,0.7637323296003765,0.728126585483551,0.6820441520063586
ID_D842C870,1,0.8560833684319226,0.8903050422668457,0.927486102904417
ID_93C135A8,1,0.9379570812880804,0.9572723507881165,0.9516805337572348
ID_EF39C8E8,0,0.5293187300523512,0.616044819355011,0.5679037539756269
ID_A6EDA137,1,0.9335625657910736,0.9584875106811523,0.9599798899006444
ID_20FF216E,1,0.9412976444374584,0.9458168745040894,0.955680240886397
ID_7D693DD6,1,0.47335530172281737,0.39051753282546997,0.4964160035108015
ID_13913FB2,1,0.932288327515087,0.9860839247703552,0.9780133264487834
ID_C1F239B0,1,0.6955028541933886,0.7298080921173096,0.5102608995967369
ID_89C13F82,1,0.6840940597047077,0.7204582691192627,0.6025425333954917
ID_289050C2,1,0.41356177168588704,0.46285396814346313,0.3726742229018426
ID_F4E16FD8,1,0.9381268769466095,0.9396041035652161,0.958044310047522
ID_7CBCC60D,1,0.9220061150387449,0.953382134437561,0.9631075711624112
ID_2973AD5B,0,0.5437301480332064,0.5459252595901489,0.4619321042494542
ID_0B40A926,1,0.7689118932729808,0.7991858720779419,0.900122938769576
ID_6B2D0F38,1,0.5512308114536867,0.6187095046043396,0.5652947803870843
ID_0F89E7B4,0,0.5002680466238693,0.5036721229553223,0.4839979682786799
ID_5EAE1D03,0,0.5186599181079026,0.4154914915561676,0.3317823886230143
ID_527B1488,1,0.9362252180578408,0.9550513029098511,0.9643699114689782
ID_C8C221FA,1,0.9430269147298249,0.9601112604141235,0.9610175990211024
ID_6ECE869F,1,0.9376546322045664,0.9697875380516052,0.9667695854370508
ID_F50DFAAB,1,0.9314938715103933,0.9726032614707947,0.9484262754879428
ID_86D13545,1,0.929709114242508,0.9690858721733093,0.9721146858144898
ID_D772ABF6,1,0.6049738892651744,0.5062816739082336,0.5027362395146966
ID_C85FCA8A,1,0.42271037560608,0.4566420614719391,0.4162392015565065
ID_6BEEA7A0,1,0.642670759523159,0.6711111068725586,0.5622581638108594
ID_5A188984,0,0.6099106110978871,0.6503849029541016,0.6523532987029097
ID_AB77D371,1,0.941973617902135,0.96720951795578,0.9711354212016328
ID_859A7895,1,0.9354825380477365,0.9619802236557007,0.9611940103888416
ID_77FB28D8,1,0.9355985214558296,0.9576919078826904,0.9451060151357934
ID_80F03AB0,1,0.8728990097957335,0.9117990732192993,0.9261642703393967
ID_BBEC5936,1,0.9177007783386969,0.9405667185783386,0.8959548598884395
ID_380BAFFF,1,0.9381027335481313,0.9698415994644165,0.9741195341653098
ID_1F304AF0,1,0.44628559131485396,0.521356999874115,0.5409584826404442
ID_DB28E461,1,0.9456331863595487,0.9733466506004333,0.9592092242075736
ID_E5A35FD8,0,0.5119597309736471,0.6473038196563721,0.6749004316376601
ID_AC8983F6,1,0.9299999480872634,0.9736372232437134,0.956272067639462
ID_EFE5B23E,1,0.5931562125759018,0.7255763411521912,0.7454524294269986
ID_A0C28C70,1,0.9479570499630701,0.975925087928772,0.9634459666545072
ID_04F95B39,1,0.9304188274991703,0.93255215883255,0.9639237960665687
ID_00D88BD4,1,0.5382687613397331,0.38320672512054443,0.5116962935037739
ID_C41DC317,0,0.45665900910671925,0.4140670597553253,0.4511010824866898
ID_C8089256,0,0.5668821352852806,0.7130947113037109,0.8158376069192192
ID_7A22A216,1,0.9375796174783987,0.9515314698219299,0.9521525959125666
ID_F429DC84,0,0.5464060451007924,0.5656993985176086,0.4935714565135068
ID_0A5147CF,1,0.9430011591946711,0.9163504242897034,0.9215170529552142
ID_05AC72B2,0,0.4899272962881593,0.5700682401657104,0.5771171308825477
ID_BEC74407,1,0.9430011591946711,0.9262232780456543,0.946411707138394
ID_4D1CC69A,1,0.9381027335481313,0.9494473934173584,0.9584600067656712
ID_FCCFAD14,1,0.5362510398989696,0.4855095148086548,0.5377626700376588
ID_D0372346,1,0.6625723044911559,0.6202685832977295,0.6333456013744312
ID_9075130F,1,0.9281839237940445,0.9659555554389954,0.963941155757718
ID_46A5FD4D,1,0.44998871102414423,0.4766533076763153,0.5046720797774409
ID_545B30EC,1,0.9390443839459487,0.9692344665527344,0.9650975296773476
ID_59C1C19F,0,0.6845844525541275,0.7003152966499329,0.6632073891016962
ID_EFA18D1D,1,0.8717214102128272,0.8996608853340149,0.9361187617580486
ID_FF530A4C,1,0.9422199748216916,0.9596652984619141,0.951629299745423
ID_99B518EC,0,0.42902268805555827,0.31315261125564575,0.4952949426202024
ID_69B14B42,1,0.44467756700868394,0.3594095706939697,0.3333336491035917
ID_F269CB20,1,0.57435656273095,0.6409680843353271,0.6089834784851327
ID_63B26E46,1,0.9332048108806997,0.9415143132209778,0.9616490855274684
ID_38C6B40E,1,0.8673026723787105,0.9191379547119141,0.9445175260140322
ID_CDF1AB66,1,0.9387077621259755,0.9594598412513733,0.946130857718151
ID_CE19B7EC,1,0.7670133103587873,0.7883923649787903,0.8565626210281965
ID_B28940AA,1,0.9362781981967164,0.9534909129142761,0.9417332832665478
ID_0A03FD0B,1,0.9485743781900484,0.9706643223762512,0.9661896284468412
ID_69E249CB,1,0.6377132985717708,0.6419570446014404,0.6334584300669006
ID_6EA75B5E,1,0.49020354311509234,0.47099176049232483,0.5253431465540874
ID_6F7D1578,0,0.6277785081318753,0.6646968126296997,0.5299237340370112
ID_31E5BBF0,0,0.46396374301330384,0.4886700510978699,0.5483560624230264
ID_2AF11C56,1,0.9215656599622681,0.9460323452949524,0.9576213107435462
ID_52D268D0,1,0.9378975694818755,0.9656780958175659,0.9676643382350888
ID_629BF50E,1,0.5586563107999353,0.5553997755050659,0.596194931951387
ID_C12136F0,1,0.9361227795800651,0.9155629277229309,0.9450483581805011
ID_46571CFC,0,0.5591865869300632,0.6316680312156677,0.5572441318190151
ID_C58AD1A0,1,0.6719518659457395,0.6707006692886353,0.5648804609261375
ID_2EDAC203,1,0.9493426523228061,0.9799941778182983,0.9731076614025114
ID_F722CE17,1,0.46916322644826247,0.46263667941093445,0.4773531247489421
ID_AB39942F,1,0.8498262402324944,0.9283859133720398,0.926206538246929
ID_6FC961D4,0,0.589579126164696,0.6531078219413757,0.5771255488042003
ID_8DA9D906,0,0.5299779103494403,0.6659837365150452,0.6288746405409819
ID_A3F73425,1,0.9388717197355023,0.9569610953330994,0.9590968894883511
ID_00401F99,1,0.47775014372662744,0.4188651740550995,0.4438258627398165
ID_575DAE20,0,0.46463035287469956,0.3159463107585907,0.4112910408455043
ID_0293C532,1,0.5454141943748897,0.6951256394386292,0.6847492834844092
ID_919C03F1,1,0.9390443839459487,0.9632501006126404,0.9700923379275788
ID_539FE42A,1,0.5642683187109975,0.6470312476158142,0.5572549569776291
ID_3F4D28FB,1,0.9083845212818323,0.9207361340522766,0.9574449672083069
ID_FE33134F,1,0.936455122973913,0.9512226581573486,0.9615612561014564
ID_B2F0BB3A,1,0.9402574089935719,0.9427667856216431,0.9529071033458828
ID_004E8CB1,1,0.9231851359182499,0.9553162455558777,0.9621468390896386
ID_049A4279,1,0.44044412861684995,0.39402899146080017,0.3453817760353188
ID_B56D77B3,0,0.5874458625277873,0.58592689037323,0.4959318167957972
ID_5C9CC4A3,0,0.5534785923253722,0.530099630355835,0.5604927126471569
ID_AA98DBDB,0,0.563913471658576,0.5099079012870789,0.6336300128592962
ID_F2624439,1,0.9374801207762761,0.9603627324104309,0.9639273249975466
ID_E83EC397,1,0.9485110930478808,0.9723338484764099,0.9705689765561952
ID_F13E820F,1,0.3359129689414355,0.39956527948379517,0.3565962171279989
ID_C2D9C172,1,0.891721856451683,0.9049962162971497,0.9457544548915422
ID_75DE388C,1,0.9390245215910265,0.9659861326217651,0.958665995348088
ID_23E8E465,1,0.9487105879147815,0.9588446617126465,0.9625251860342632
ID_CAFA7E3D,1,0.9351910275102105,0.9342984557151794,0.9496079371382404
ID_4FFE599B,0,0.42531004600668043,0.3604147136211395,0.4416560852872367
ID_485E2F89,0,0.47738666480573266,0.3843843936920166,0.3351252941849862
ID_997F9378,1,0.9428549860179019,0.969295084476471,0.9653054655794904
ID_988B5552,0,0.40823309810629066,0.5566259026527405,0.4380031860622161
ID_3EBE9283,1,0.4280368008052055,0.36605381965637207,0.3801300463100652
ID_BBA683A5,1,0.793029454399497,0.8571482300758362,0.9293114051483264
ID_8560E595,1,0.9369172190955025,0.9493420124053955,0.9559240818650449
ID_9526989A,1,0.9473406151798155,0.9676920771598816,0.9603223602870586
ID_D4BEC813,0,0.38820682704053405,0.3641398847103119,0.3421484765344825
ID_333F3623,0,0.31038735318906596,0.3279705047607422,0.2775402671983825
ID_31588542,0,0.5387517010824496,0.48312991857528687,0.3706601194674831
ID_A57A2C7B,1,0.9174130938136136,0.923522412776947,0.9326121728213134
ID_4CC7DD1D,1,0.9286148707939157,0.9361444711685181,0.9181177700405806
ID_1172A0C3,1,0.9319153823239499,0.9622586369514465,0.9569300609950234
ID_628BBA45,1,0.9369026632800793,0.940358579158783,0.9567396449265996
ID_3AE03F40,1,0.49778187417077047,0.5427576899528503,0.5313822110673236
ID_72B06281,1,0.9319153823239499,0.9776523113250732,0.9657515476056996
ID_55FB74C6,1,0.94331810919499,0.9683956503868103,0.9439925897885364
ID_A70980A7,1,0.4335624996216569,0.49270060658454895,0.3441370874780445
ID_42812CC8,1,0.6005021602639455,0.7417872548103333,0.6589818765337788
ID_F91F31FF,1,0.9415007187936124,0.9692829847335815,0.9698928398384756
ID_3C85DA2E,1,0.5533711700640876,0.7395516633987427,0.765425796161464
ID_D7982FA1,1,0.4830407714725407,0.49524882435798645,0.43439351855384
ID_4318A129,1,0.679380114213709,0.8090150356292725,0.7988294763006348
ID_A5D08754,0,0.4478834329670694,0.644171416759491,0.5785068386064631
ID_5F92544B,1,0.9460592304934259,0.9590230584144592,0.9434282176872496
ID_7A523104,1,0.923824039926247,0.9440376162528992,0.943681146844533
ID_9A645C06,1,0.9328938809496392,0.9458063244819641,0.9402937872850472
ID_779470C6,1,0.92319108064974,0.9518311619758606,0.9501304355730932
ID_01F28D8A,0,0.7112721584157388,0.6584636569023132,0.66396133581514
ID_93C1057E,1,0.8892389897938807,0.9166262745857239,0.9377957393977556
ID_FB8A7E68,1,0.9328938809496392,0.9436142444610596,0.9420717595339052
ID_68C18D0C,1,0.9228176758048582,0.9666774868965149,0.9586480684816148
ID_D5B5A96E,1,0.9310112215676198,0.9671747088432312,0.9617114564028496
ID_31C45552,0,0.4808314687841494,0.5176929831504822,0.3300467684824519
ID_B2EFA99A,1,0.6424326564811232,0.6716999411582947,0.7552631520766334
ID_0B26A673,0,0.4241554429258043,0.3542211353778839,0.3184986431663721
ID_7E3ECD00,1,0.9275616449865169,0.9634373784065247,0.9554622996249036
ID_7F3FA94D,1,0.9439111582053729,0.96769118309021,0.938868770882588
ID_C5A0A3E7,1,0.9253982307960302,0.9260525107383728,0.9411175107189096
ID_A1735C93,1,0.5342765655421011,0.5121468305587769,0.4515498022224309
ID_22CC4EBD,1,0.4723198481720646,0.46894025802612305,0.4152704110967
ID_A0FECCDD,0,0.6732882685326484,0.7201417684555054,0.6445438268448508
ID_572B35A6,1,0.9332207564417168,0.9408501982688904,0.933935853288648
ID_9519C5DD,1,0.9283040215803305,0.8685111403465271,0.8756983945031445
ID_C7AD2EDB,1,0.4002147389140249,0.3858034610748291,0.3588547869290775
ID_6F2445AC,0,0.9285424225823842,0.9741967916488647,0.957622513694398
ID_75FAF9C7,1,0.4817981627895778,0.34915652871131897,0.3331143602635618
ID_CEBC2A3A,0,0.42230171815740375,0.5677477121353149,0.5332271187702635
ID_0C066F7F,1,0.9255790126540341,0.9355760812759399,0.9009219763447168
ID_49B36E72,1,0.4276235282722837,0.551775336265564,0.5434799958635106
ID_A862E174,1,0.3350542441289464,0.3093410134315491,0.3166661899690416
ID_44F47F00,1,0.5520225370143593,0.5539630651473999,0.6641113354317495
ID_7BC18A25,1,0.9428978641365258,0.9399497509002686,0.9415471522010336
ID_3A7F6175,1,0.9467955899765504,0.9531930685043335,0.9429533366913112
ID_E3400838,1,0.8867488225216273,0.8806269764900208,0.9316200589983245
ID_20EBBDDF,1,0.9382473598272995,0.9530462026596069,0.9370963647093647
ID_84AC03B4,1,0.9378962929285612,0.955374538898468,0.9478831494829122
ID_D5FBFF68,1,0.9390521517094785,0.9100327491760254,0.9094049154335416
ID_E04C3FFD,0,0.6631604929346744,0.7680093050003052,0.7753366869092757
ID_D85E383F,0,0.3527592881903699,0.3749369978904724,0.3669616551025846
ID_C455C5A4,0,0.534666721123785,0.6251933574676514,0.6373385137837934
ID_09C8FD41,1,0.5667162400342229,0.4774848222732544,0.4738581135507982
ID_F033A3D0,1,0.9291790513144622,0.9409891963005066,0.946505071620728
ID_84885023,1,0.9035792339951574,0.9252750277519226,0.9393484460720176
ID_4838110C,1,0.45079769708626427,0.38754507899284363,0.3586808560861266
ID_367663C7,0,0.3841570366476794,0.4599463939666748,0.3195080343811072
ID_B6DE147F,1,0.9390500526393043,0.9542326927185059,0.9503316360185142
ID_18BBDDE7,1,0.9372659536734662,0.9620692729949951,0.9549152476302392
ID_765470AE,1,0.47668472112786664,0.5970568656921387,0.6195015978041407
ID_08C3B372,1,0.9246983566253816,0.9403648972511292,0.9463056774276284
ID_29720097,1,0.9400990949495801,0.957115888595581,0.9544979896706872
ID_73E8EA1D,1,0.3515088757625457,0.34789952635765076,0.2735621246316514
ID_7E061FB2,0,0.3797143325593305,0.4684838354587555,0.3826203626727622
ID_42800C10,1,0.9362341683409253,0.9599902629852295,0.956701941684563
ID_C886ED25,1,0.9392043210370682,0.958385705947876,0.9571414945030656
ID_168AB1A3,0,0.5157922224661566,0.5153369307518005,0.535958165664875
ID_C4BF2217,1,0.9086383633878627,0.925524890422821,0.9281139601870187
ID_884E201A,1,0.9101846702465763,0.8935174345970154,0.91710939506907
ID_D0E294E4,1,0.5972882120458448,0.5168471336364746,0.4363168617405414
ID_68919C16,1,0.8619300145308976,0.8487399816513062,0.9379480778560576
ID_37222ADD,1,0.6180411520588311,0.7760546207427979,0.7189847253279138
ID_02512E4D,1,0.9362845595934992,0.9430831074714661,0.954707724504686
ID_41B6BDF4,1,0.4962286784180062,0.4785052239894867,0.3330656508620392
ID_C87A8477,1,0.9368797934370083,0.9674589037895203,0.9553071174513108
ID_D53FD9DF,0,0.9347292842989908,0.941276490688324,0.9576630298223382
ID_7AA26E71,1,0.9168158872846298,0.9449284672737122,0.923126384790232
ID_D33C684E,1,0.9269928438848137,0.9559714198112488,0.9273005934786004
ID_389A2F84,0,0.47354666084448527,0.5799863934516907,0.4113643595074866
ID_7F47ABE8,1,0.9223879001137465,0.9413172602653503,0.9315951037706338
ID_EFC8020D,1,0.8425889994058786,0.938422679901123,0.9191113128246138
ID_DCE312D0,1,0.6916763755427062,0.6687489151954651,0.553278039974962
ID_87B45FAE,1,0.9312601229108699,0.9717446565628052,0.965858035154909
ID_00298A4E,1,0.8494180535002415,0.892748236656189,0.9421046467447692
ID_3A8ED15B,1,0.9347228045971616,0.9396442174911499,0.9195591956341828
ID_05B98279,0,0.6392771512290469,0.6813071370124817,0.4592982742980301
ID_170F2439,1,0.9219433653645107,0.9477890729904175,0.9215883373724416
ID_F412081A,1,0.9340894661930759,0.9528623223304749,0.9443246325203614
ID_E5BB2015,1,0.9110619972659338,0.9506644606590271,0.9437112151816468
ID_37B84904,1,0.46052335077788686,0.5259209871292114,0.5347074142908572
ID_9E3FD2CB,1,0.9317119012595606,0.9547942876815796,0.9317646380906224
ID_D851BB05,1,0.9140398882031656,0.9369068741798401,0.9153761683039608
ID_DDCEB930,1,0.3730836630812915,0.20575624704360962,0.2638423014074983
ID_CA551AEC,0,0.26032380138307964,0.15876775979995728,0.2731287420767658
ID_B992ECCA,0,0.9388767763181546,0.933292031288147,0.9275330879841068
ID_F5A3A556,0,0.37536278639745935,0.19770315289497375,0.26385540858906
ID_090A94C7,1,0.932288327515087,0.9287352561950684,0.9378616540120028
ID_0902CF20,1,0.9388767763181546,0.9289407134056091,0.9236272509023116
ID_6B2C8E86,1,0.9250771739089336,0.8630580902099609,0.9086589149479276
ID_52435B30,1,0.9160302396704191,0.9075067043304443,0.9257878195861604
ID_009995F8,1,0.901842752094992,0.9144058227539062,0.9172828037411732
ID_A0B09509,0,0.38823363868984573,0.27343297004699707,0.3149818890648204
ID_B4B7ACAB,1,0.9025774695464782,0.9140426516532898,0.91279884921569
ID_DC9B94E2,0,0.6660070206300281,0.7820696234703064,0.7809938002659779
ID_131E93CA,0,0.9302617421582952,0.9729335904121399,0.9330515378874852
ID_30E1D8A5,0,0.4018213798470512,0.43078795075416565,0.3992372329263005
ID_37551D30,1,0.9308023291036143,0.9296260476112366,0.9389312863283288
ID_0CB6BBF9,1,0.9259226426740574,0.9507845044136047,0.9618526969061476
ID_AC6DC5D0,1,0.9319153823239499,0.9480034112930298,0.9557986250752376
ID_D5406377,1,0.9006267551674488,0.9477037191390991,0.9411232086473638
ID_8479C56D,0,0.5736473269632547,0.5953762531280518,0.6044171753814174
ID_B786D4DD,1,0.2991519182542821,0.3524415194988251,0.416280806578823
ID_C134F30E,1,0.9032591590864755,0.920510470867157,0.904783352515076
ID_50463576,1,0.9266418016999582,0.92308509349823,0.9327685185998834
ID_5767AF74,1,0.9291446044289796,0.9590553641319275,0.9235599921597794
ID_3805BB8C,0,0.6447764928628185,0.45313534140586853,0.5319416309007945
ID_CD31D3D8,1,0.9233034629369546,0.8683493137359619,0.8259022283392495
ID_17A37F50,0,0.5288099586442224,0.48640209436416626,0.5198124112233155
ID_9188944F,1,0.4995192660245506,0.4026308059692383,0.455951491331539
ID_16F57F38,1,0.9315722536587352,0.925844132900238,0.8965978763813214
ID_3C66A21A,1,0.9270860767014922,0.9461723566055298,0.9461994325783843
ID_1BB22422,1,0.8021334058616388,0.8819409608840942,0.912688406589672
ID_2F9A0B54,1,0.9248015765466632,0.9406771659851074,0.9441751159954704
ID_FD0BE1C2,1,0.32781420074908296,0.40040862560272217,0.3863225326921831
ID_7606E49F,0,0.6957126591192324,0.7234863042831421,0.6581842296957874
ID_B39C15E3,0,0.4109546304541985,0.44439029693603516,0.3672622776650242
ID_531F07A7,1,0.9189935889037747,0.9568341374397278,0.892994698573916
ID_F2F68D10,1,0.9275681316381662,0.9408599138259888,0.9311942539649452
ID_46AC79CB,1,0.9281839237940445,0.9548853635787964,0.96683992544981
ID_5A548062,1,0.9281839237940445,0.9494791030883789,0.9613265114851818
ID_D8C7E62F,1,0.6178055248661183,0.5264008641242981,0.6052236207097228
ID_5555CB0E,0,0.5251707531549813,0.49211302399635315,0.3695030655809095
ID_9B7CE721,1,0.5783395163048445,0.4881797730922699,0.5387185914261746
ID_0BACB672,1,0.9132045621581055,0.904999315738678,0.9092128450560416
ID_D46638E1,1,0.8430163740141823,0.8784374594688416,0.8868628937994095
ID_413B4C3A,1,0.9277213994356766,0.9207555651664734,0.9280905016797916
ID_31BEF6AE,0,0.40172029630268596,0.3744763731956482,0.3977584329303906
ID_0AF2900C,1,0.6668753444747104,0.6738751530647278,0.7748711723342866
ID_BD535717,1,0.930988743727485,0.9524382948875427,0.9274082378400716
ID_24F0FFD1,0,0.4198717529951128,0.408293217420578,0.4189631442749232
ID_A787FFEE,1,0.38838518357132906,0.3610750436782837,0.4705341111294828
ID_ED0AEE49,1,0.4606413976180849,0.6806290149688721,0.6401067148810693
ID_6AB6F500,0,0.7136128603108557,0.7269893288612366,0.5488610103981314
ID_CEAF495C,1,0.9319153823239499,0.9529627561569214,0.9604509502412772
ID_C69689F8,1,0.9377996676269422,0.966894805431366,0.9584549968290408
ID_638342E9,1,0.6355295388802017,0.7885673642158508,0.6998626452854602
ID_A57B2D5D,1,0.9319153823239499,0.9716924428939819,0.9619848408558817
ID_C88F2A0D,1,0.5081316073712002,0.5099067091941833,0.3848304282125028
ID_BE2B8687,1,0.9319153823239499,0.9704385995864868,0.9701601174200132
ID_6E691B06,1,0.9294524424255026,0.9624305367469788,0.9594033861594646
ID_E89B6F06,1,0.9277395194808804,0.9437429904937744,0.956204633536642
ID_1B3F601B,1,0.9281054184468401,0.9316838979721069,0.9452941415795773
ID_0702D9DD,1,0.9274338717615368,0.9648193120956421,0.9436825965068986
ID_23CCE190,0,0.6222346923420519,0.7030028104782104,0.6104184005772445
ID_8BAEEA40,1,0.9130091121255428,0.8895474076271057,0.9099563198558842
ID_CFA8014B,0,0.5741421341064059,0.5513210892677307,0.4210681192328057
ID_4865C78F,1,0.9004329669430581,0.9037380814552307,0.918435013801715
ID_F5D7D294,1,0.5423641462908477,0.6450188159942627,0.5976235319929313
ID_AC75E872,1,0.9135294176324047,0.9689814448356628,0.9388793373482164
ID_00A82A05,1,0.49003312143482186,0.6247166991233826,0.4810777207234497
ID_82265C5C,1,0.6947513045363473,0.6903434991836548,0.5781082547973961
ID_1A2A9670,1,0.41587219169855993,0.3945905268192291,0.3439862946041401
ID_BA192FF6,1,0.9345288674756282,0.9690269827842712,0.9588579985240102
ID_8CE3B56E,1,0.9420378512952431,0.9447200894355774,0.9476665132422758
ID_AF651D55,1,0.9438533695692495,0.9229101538658142,0.9328343727384028
ID_77B65FEF,1,0.5513138144975218,0.5291455388069153,0.4974875737699111
ID_8477B7A0,0,0.7995903491633429,0.8824787139892578,0.8597891454868395
ID_9376523B,1,0.9164535401301065,0.928017258644104,0.9132748598809468
ID_65E91C12,1,0.9323811084709972,0.9580574035644531,0.9563966918761088
ID_EC889D3D,1,0.6766945379650178,0.666444718837738,0.6235096618239225
ID_E1288747,1,0.5895537181674964,0.571659505367279,0.5176133334589563
ID_64A2C9DF,1,0.9355330287388908,0.9631545543670654,0.9506874259481232
ID_35DB2B29,1,0.945658234870807,0.9601821303367615,0.9448983055339378
ID_9F4AF4AE,1,0.931259662708757,0.9684999585151672,0.9557792036460234
ID_49FFC76C,1,0.9345201098011454,0.961068868637085,0.9382686422645524
ID_B47CE1BA,1,0.931259662708757,0.9736170768737793,0.9541847351401856
ID_ACD191E9,1,0.8572559745012779,0.913519561290741,0.9058414302988662
ID_96DEB397,1,0.944414324851084,0.9665138721466064,0.9404818209444912
ID_36E9B205,0,0.44785344385005277,0.39685866236686707,0.3904876102983668
ID_BB0102B4,1,0.931259662708757,0.975939154624939,0.9567911056412464
ID_1C9550A6,1,0.4477689070121313,0.4379314184188843,0.6123464833600422
ID_797D15FA,1,0.9285674144533579,0.9613881707191467,0.9411004502855138
ID_C7E7AAB7,0,0.4785821219483053,0.5112583637237549,0.4010782775894001
ID_59DF74CC,1,0.9277254950565313,0.9635140895843506,0.9500041184962076
ID_82576A52,1,0.9405227036653733,0.9644713401794434,0.9451703159692972
ID_858CA23D,1,0.781977360243982,0.7327709197998047,0.67168987376481
ID_8740DACB,1,0.9336920593406361,0.9486708641052246,0.9288136295254984
ID_02E5F04F,1,0.6113667241862585,0.5748289227485657,0.6067637443977861
ID_5EF899EF,0,0.7471562178990767,0.8223791122436523,0.6849239472198806
ID_42DB49E0,0,0.925448169600077,0.9800926446914673,0.9606497061874012
ID_6C14A5E8,1,0.931320980437323,0.9626722931861877,0.9528164116588876
ID_819CB208,1,0.9309598260424501,0.9293174147605896,0.912524473370502
ID_F6256E9E,1,0.6448266945545803,0.5070124268531799,0.5160643316496828
ID_4F92160F,1,0.9353669558010003,0.926708996295929,0.9295711260638152
ID_08D1DE2E,1,0.4096788181590104,0.32156333327293396,0.4800525457023412
ID_2AA3917E,0,0.5023946370678445,0.4727768898010254,0.4612777494810539
ID_D6AEB1B1,0,0.6332541021965401,0.5232150554656982,0.5128839664142361
ID_3373490F,1,0.928432280363037,0.9261815547943115,0.937451064998042
ID_2E0433E2,1,0.9297491985998666,0.9689128398895264,0.9623531682803068
ID_9D81D14E,1,0.9259663874017899,0.9490311741828918,0.93306566749428
ID_A75F78DE,0,0.4805510346109852,0.5025208592414856,0.428071766102031
ID_078BBCB2,1,0.934006652791395,0.9195606112480164,0.9094712383020042
ID_82B09C2E,0,0.5828453460200982,0.5365039706230164,0.530980883842075
ID_9F79A368,1,0.5294368590397945,0.4492330551147461,0.5849456424760274
ID_98D0A0CA,1,0.9257318455560162,0.9133406281471252,0.9307501285232797
ID_A6A408AF,0,0.7208445959630322,0.6953297853469849,0.6982913890473263
ID_B8439785,1,0.9231149622839527,0.9525658488273621,0.945622278656445
ID_D16165F4,1,0.6664450787431659,0.6090697646141052,0.6530379116891546
ID_5890619E,0,0.8593045752320131,0.9511151313781738,0.9300924376259708
ID_8FF803F4,0,0.6340128485492054,0.6007733345031738,0.5280779111801573
ID_9FA0D218,1,0.922281880471407,0.9601449966430664,0.9522161024135076
ID_40AA8925,0,0.6179463020069793,0.48470449447631836,0.4926055236437466
ID_B9A58907,1,0.5912080434786922,0.568694531917572,0.5906547987410224
ID_BF59D5B1,1,0.6870677789395582,0.7764748334884644,0.6717067545473503
ID_3070742E,1,0.9392795777662107,0.9664293527603149,0.9589882036949092
ID_4262A398,1,0.4856545004648372,0.49587708711624146,0.5380139887068259
ID_E17DB819,1,0.9372007073504093,0.9466232657432556,0.9433878204109428
ID_1445ED40,1,0.8617718944866432,0.9538866281509399,0.923157477198534
ID_A94A1E86,1,0.9370609014173884,0.9519592523574829,0.950262460792808
ID_04FF56E0,1,0.3550735846072944,0.4351181089878082,0.439686481483429
ID_DD634450,1,0.38967525004134457,0.4066760540008545,0.4927828387433354
ID_1C851BD0,1,0.9405003540156011,0.9483168721199036,0.9094228627879204
ID_CCCD6B89,0,0.817181752336692,0.9211265444755554,0.94433190925493
ID_2DE99080,1,0.9279197304285057,0.9250368475914001,0.8667953407434412
ID_C2BF04B1,1,0.9367456207482312,0.9375616908073425,0.8821236467204661
ID_A55B440A,1,0.9390245215910265,0.9586914777755737,0.9362127788447218
ID_4FEED3A4,0,0.5493168139120541,0.5532593727111816,0.6107973745455182
ID_163722A0,1,0.9310587161178246,0.9605745077133179,0.9526863667198112
ID_B56D8A1A,0,0.3234910588828255,0.2884843647480011,0.3399434625181812
ID_01AB4F85,0,0.3078537610899568,0.2956334054470062,0.3517392906468932
ID_16304866,0,0.3774089265086121,0.4268430471420288,0.4039454120528454
ID_4D46DC53,1,0.9311809209947547,0.9603782296180725,0.9655021393426302
ID_05D0A293,1,0.8370554327550295,0.927354633808136,0.9293925516131504
ID_3AA44D1F,0,0.2885218755687156,0.2863228917121887,0.3548002096300001
ID_D6738EC4,1,0.9294504355386729,0.9360740780830383,0.9556850326859384
ID_CE578DF2,1,0.9364852583246768,0.9374849796295166,0.9575879723335212
ID_B40367FE,1,0.920850664981748,0.9383315443992615,0.9316181348070044
ID_59EFC0C8,1,0.9220433096281365,0.9423971772193909,0.9356855683891838
ID_2DBD1AFF,1,0.5054338693787866,0.5178051590919495,0.6350800869002801
ID_1770B0FC,1,0.6606287731706681,0.8080536127090454,0.6762779136646633
ID_DF71BE47,1,0.9433834781471049,0.9752942323684692,0.95023453297354
ID_0AC907B7,1,0.9373089485026859,0.962203860282898,0.959232606499736
ID_CB054B9B,1,0.936705314126682,0.9547519087791443,0.9603949954275248
ID_A2ED9EEC,0,0.6900105465390415,0.728967547416687,0.6744147625019257
ID_096E6CEE,1,0.93542852185085,0.9467945098876953,0.9117215767422236
ID_76508CF3,1,0.6067695985104116,0.6136986613273621,0.6260844209984985
ID_162E91A6,1,0.6061872627340107,0.6528918743133545,0.5700119911788462
ID_4263E11D,0,0.5317288935667118,0.7167273759841919,0.5882599629170915
ID_A17F1BC9,1,0.4487759582225208,0.6040590405464172,0.6037266877114608
ID_9B42CDAF,0,0.6720097592420196,0.7592986822128296,0.780275885106102
ID_E7AA9AE0,1,0.28072733057370847,0.1896287202835083,0.168557706091925
ID_E561060E,1,0.9358915292144462,0.9669048190116882,0.9533816948098652
ID_64AD66AA,0,0.253973351474513,0.26642557978630066,0.3202207942853405
ID_0BD19985,0,0.38587020788437804,0.3671198785305023,0.2901132736799783
ID_B4DA4719,1,0.9361270208755839,0.9524547457695007,0.950594374165082
ID_3E761C3C,1,0.38021906543473,0.4375622868537903,0.4253114809397731
ID_C044B203,0,0.6628074723598957,0.7206722497940063,0.6717630444466495
ID_153B74C9,1,0.5570693582112659,0.49938729405403137,0.4682060424574019
ID_DE74CAE8,1,0.9357750703126799,0.9530855417251587,0.9463106591202878
ID_364E6636,0,0.4461982191066063,0.46625208854675293,0.4998281008660655
ID_6633F6B5,0,0.2798127530451559,0.2786202132701874,0.2771589361368061
ID_14C8A712,1,0.9246675857819736,0.9351277351379395,0.9514878503729244
ID_F0CB5EBE,0,0.3181524632226177,0.25635072588920593,0.2212822948928491
ID_C1473F59,0,0.2802536759081451,0.2581017315387726,0.3271826932368084
ID_193A3EE7,0,0.3013682236263897,0.19016119837760925,0.2483895153406314
ID_4BCED682,1,0.9143923808321867,0.9124162197113037,0.8676061837386371
ID_435A4AC7,0,0.32090302525461084,0.16592545807361603,0.3163291849612965
ID_6EF21266,0,0.9393150618740805,0.954316258430481,0.904778956783269
ID_A1DDAA22,1,0.9344389423640331,0.9020628333091736,0.859891970433394
ID_70FA0E69,1,0.9403745078006414,0.9129468202590942,0.937610151851823
ID_2F77C255,1,0.2783337725751649,0.15751075744628906,0.2820624356687853
ID_0AF1070F,0,0.2885536679717553,0.12382341176271439,0.2822771812934518
ID_B911AD7D,1,0.9074429556206924,0.8922362327575684,0.917344101165522
ID_6D03AECD,0,0.7066250660458058,0.6388940215110779,0.6760435529540838
ID_B35F99ED,1,0.42035333750063836,0.3670486509799957,0.3356185398408641
ID_9A9ACBEF,0,0.7296590521709382,0.7790027260780334,0.733330023683445
ID_FC37970C,1,0.8679067713392314,0.9256293177604675,0.92048125810375
ID_64B802D6,1,0.8931352729525396,0.8686844706535339,0.9073392660905238
ID_187C8C2E,1,0.6400658009889809,0.38801443576812744,0.4537005123034919
ID_67892CFA,1,0.9118871291291807,0.9364344477653503,0.9432984217469738
ID_5303E988,1,0.9385422874797006,0.9438876509666443,0.9361927531290586
ID_A51E6E6C,1,0.903630268373124,0.9404010772705078,0.9412941674760532
ID_3BC200F7,0,0.5895467835958704,0.5095620155334473,0.528224561387305
ID_047A11DD,0,0.9407921926298457,0.9531441330909729,0.9463332753954262
ID_5F1BBDFF,0,0.5738916395700379,0.6239904165267944,0.5742016116935614
ID_4E2136ED,1,0.69934969324372,0.7357698082923889,0.6833665943950533
ID_4071219A,1,0.6309716723006629,0.4939064085483551,0.5431389883131579
ID_F8DC3EF7,0,0.5213475015131546,0.6195608377456665,0.6338797791356117
ID_AFF04870,1,0.9408926551514947,0.9679133892059326,0.9485246247941904
ID_23543D3E,1,0.8765021541972684,0.9305111169815063,0.8703522284446418
ID_13CFA982,1,0.46221421981474087,0.412027508020401,0.4862452936448462
ID_8B6043C8,0,0.678793647074818,0.5640007853507996,0.578783671517674
ID_57680E20,1,0.9166005282478239,0.9550338983535767,0.9371358889400184
ID_855BBE30,0,0.45051518947013997,0.4282372295856476,0.4513614948722816
ID_FA9888D0,1,0.20911961918730693,0.17900337278842926,0.1897615569505872
ID_7E70793A,1,0.463110495715388,0.5328981876373291,0.3568635834004097
ID_919982EB,1,0.9359923014216165,0.9730743169784546,0.9654675405881636
ID_D3186EE5,1,0.9381799069271609,0.9649640321731567,0.949960095492293
ID_F939517A,1,0.9359829663116127,0.9690724611282349,0.9637085866795496
ID_F26D88DC,1,0.9481225952604541,0.9763100147247314,0.9602088861193164
ID_C09B3D0D,1,0.6510731379968796,0.6409479975700378,0.6398126999982992
ID_9017D140,0,0.43137140641148536,0.5191642642021179,0.4526990184807788
ID_F9F16AD0,1,0.9182740934733744,0.9332343339920044,0.8933633379721481
ID_0C32145A,1,0.8803272554060871,0.930901050567627,0.9164604994075528
ID_1AEAB2CE,1,0.9414685466931937,0.972912609577179,0.942191427469711
ID_50520809,0,0.5150301406449279,0.5837751030921936,0.5683001880055208
ID_3D682D48,0,0.7906649117925529,0.7846375703811646,0.8033146392017697
ID_6AACFD62,1,0.9014954460815892,0.9475966691970825,0.947820769521584
ID_7E7FC533,1,0.5378569164636903,0.6576629281044006,0.6338534133701675
ID_1801E65D,1,0.6798245935614321,0.744691789150238,0.6760062238616247
ID_E5EFBC54,1,0.8755522242919959,0.9314541220664978,0.9249437493491364
ID_FED5B936,1,0.9304314707432059,0.9477621912956238,0.9628186053533256
ID_2C6A02B7,1,0.9505467425422205,0.9706816077232361,0.9660003903846496
ID_4D771E7C,0,0.8386245401328855,0.8087051510810852,0.8603974604950962
ID_51AAE2C9,0,0.2848658281412793,0.3191821575164795,0.3428890817831444
ID_89D3DC85,1,0.9438030205201092,0.957611083984375,0.940155993594748
ID_6CE4E8D4,0,0.4529281772424418,0.3997800052165985,0.3575706253958893
ID_A7432300,0,0.35607367784827626,0.2793956398963928,0.3765213712372421
ID_2A54B55A,1,0.6036684918201828,0.5970336198806763,0.6719665806459557
ID_D1BF8BFE,1,0.9350179783793696,0.9104279279708862,0.9290063022856472
ID_2618F364,0,0.4617751286167717,0.2639796733856201,0.414783984186598
ID_C144A2CF,0,0.945471735217005,0.9514984488487244,0.9479642725256064
ID_AEAE2FB9,1,0.9188154349053906,0.8524656295776367,0.8971259203593148
ID_6BB12A67,1,0.8973142887311241,0.9412002563476562,0.9415802671804792
ID_5C390239,0,0.25828459020833117,0.11579179763793945,0.1759463853406789
ID_535AED56,0,0.35231411069447316,0.3062780499458313,0.3571648000408355
ID_36643EB4,1,0.9227772073841077,0.8758492469787598,0.9134852634034812
ID_1E3FADAD,1,0.915932443115089,0.9367340803146362,0.9522870294956832
ID_7D7DA535,0,0.350383771224347,0.2533174455165863,0.2615217700724025
ID_2D17ADE8,0,0.4514834221695147,0.3178479075431824,0.4847150337522541
ID_6A6BB8D6,1,0.9421794947195463,0.9227870106697083,0.9226994541716518
ID_42A5B393,1,0.9494101135448996,0.9549868106842041,0.953175783640092
ID_5914064B,1,0.9377106206340425,0.9280034899711609,0.8449813899740471
ID_A8E13829,0,0.36753223681262176,0.3647671937942505,0.3660951401906767
ID_2A0044E5,1,0.472550166943214,0.41607025265693665,0.4028558770691018
ID_D149062B,1,0.6224358538885324,0.6000235080718994,0.6519425907895636
ID_EDF737C3,1,0.4880221634543113,0.5748754739761353,0.5617962499965077
ID_8F47E3E8,1,0.40165414045286996,0.5512484312057495,0.4984279144151916
ID_7DB14AC8,0,0.7237616019258735,0.7366275787353516,0.6580267485965715
ID_77E6EF43,1,0.5487567439241994,0.6231945157051086,0.5214557489120604
ID_823C5F46,1,0.5944722279457113,0.6986719965934753,0.5716948899502752
ID_EDDC7B82,1,0.28270307618155116,0.24001242220401764,0.2759758692594909
ID_D004D910,1,0.9427709617262804,0.9698920249938965,0.9582286435947892
ID_DD426C56,1,0.9428791950842464,0.9768999814987183,0.9566379019435504
ID_49EB8CA5,1,0.9389206628878634,0.9554142951965332,0.9491522451470183
ID_C4C536C9,0,0.32118644022183174,0.2769618630409241,0.3204361588542788
ID_1E90C204,1,0.9389206628878634,0.9573198556900024,0.9502189006194316
ID_4B7A5DDF,1,0.9427076205743912,0.9378373622894287,0.9442807766886312
ID_D4507538,1,0.9468783663417121,0.9564580917358398,0.9440806957033444
ID_2D152555,0,0.3649795334062283,0.49924689531326294,0.4455185176302046
ID_DE5B99E0,1,0.9466649747688447,0.9558241367340088,0.9508875141563446
ID_E30CCAAF,0,0.2912871645905155,0.18156658113002777,0.2888231251969285
ID_86249821,1,0.9485703734620954,0.9542577862739563,0.9452979642980645
ID_D89F20AB,0,0.2835183917806014,0.27195850014686584,0.2907125522436208
ID_7E06072E,1,0.5152333797046087,0.5569487810134888,0.5720969291041743
ID_7DB45ACA,1,0.9302890056737321,0.9498717188835144,0.9176544534113728
ID_31F62C97,0,0.28648104078325115,0.25000855326652527,0.233343540324102
ID_F75915BA,0,0.3131818786975037,0.4044831395149231,0.3202307354744663
ID_E463D8FC,1,0.9390245215910265,0.955996572971344,0.9409345356980384
ID_0BA4B502,0,0.28423227549262353,0.31724587082862854,0.2706483649891961
ID_1FA26E45,0,0.2204092000728311,0.17604587972164154,0.2450197602050589
ID_5F6D84B3,1,0.9390245215910265,0.9513999819755554,0.9512799588854272
ID_8AE6AED0,1,0.5536249525209234,0.6232135891914368,0.5947356808056699
ID_3444066B,0,0.4965324257741639,0.4637090563774109,0.5265516134196689
ID_1170083A,1,0.9325498800572641,0.9258690476417542,0.9359790379902616
ID_BFABCB2F,0,0.3857094140159531,0.25411567091941833,0.2977721610220643
ID_CFC00C8B,1,0.40818154174250393,0.47006916999816895,0.5185170462124745
ID_9C0C7012,1,0.5903318818628582,0.5859020352363586,0.6478726898010092
ID_F691A2F8,1,0.9390245215910265,0.9536709785461426,0.9461998414640452
ID_1CF99A7B,0,0.36120543250895204,0.4243640601634979,0.3464953590737084
ID_5EB63757,1,0.9378855047425861,0.9615557193756104,0.9503458338635666
ID_CCD4679E,0,0.8481427576018716,0.8903049230575562,0.918808102021519
ID_485AA2DD,1,0.932288327515087,0.9377896189689636,0.9611381639158736
ID_54914F4C,0,0.5264460237287663,0.45291948318481445,0.5899198816514507
ID_D3F6BB00,1,0.9330899935888664,0.9542426466941833,0.9586487861079804
ID_8C4342FD,1,0.910139630752666,0.9371910691261292,0.9449377222964654
ID_47CDCA16,1,0.9157665016411388,0.9093104600906372,0.8989104074549272
ID_B3A537F3,1,0.9340326098424898,0.9407821297645569,0.905038361625702
ID_12D388F4,1,0.8958526346211115,0.8907603025436401,0.879789309321748
ID_8778E9DC,0,0.35034735694880637,0.34430941939353943,0.4054378551525576
ID_FEFE765F,0,0.2703418761347545,0.1847585290670395,0.2993364343155604
ID_11979FC6,1,0.9309996712094516,0.9506017565727234,0.923362699608687
ID_43FA21C1,1,0.8817479420890986,0.8907296657562256,0.9138411184578856
ID_885431D9,1,0.4639842678527211,0.48552682995796204,0.4929001373612546
ID_8AD650B9,1,0.8963164532948481,0.9310381412506104,0.9146938538706896
ID_4CDDEBC1,1,0.9046434752058429,0.8979544639587402,0.9108672713644912
ID_F035AE69,1,0.9317678129773861,0.901857852935791,0.9406057145374233
ID_4AFFBF49,0,0.9373573626777464,0.9622489213943481,0.9422328714206778
ID_E9677018,1,0.9350669620662773,0.9280838370323181,0.934439608780253
ID_030F8237,1,0.92633307074062,0.9564006328582764,0.9444714961641292
ID_0696CEB5,1,0.5681640285971825,0.6472409963607788,0.5603527444637764
ID_C4EDCD74,1,0.9366386453843426,0.9472252726554871,0.9626994432110588
ID_763DE411,0,0.4182198735408022,0.40266016125679016,0.4876474166093701
ID_8CA56258,0,0.5397649655059105,0.5121235251426697,0.502152321391986
ID_82F08703,1,0.33120277923303715,0.241452157497406,0.2887068511239289
ID_AD3E6504,1,0.26741856796968344,0.21741868555545807,0.2469063128124727
ID_4A6AEEAA,0,0.29510041069502707,0.3078403174877167,0.2346438206615035
ID_5D28A6CC,0,0.26270439285219654,0.3323401212692261,0.3192510114663754
ID_43E7D5FF,1,0.9125944031945127,0.9593123197555542,0.924150705423358
ID_D5B7C838,1,0.5499975258238161,0.49176499247550964,0.4559762830985442
ID_6DF1F577,1,0.9319153823239499,0.9522258639335632,0.9574788173776048
ID_B503BA22,1,0.925220541734376,0.8835706114768982,0.9181244908611176
ID_AB25E9F1,0,0.32220922015997916,0.3102099597454071,0.4665764706935518
ID_B46ECF07,1,0.9267456278634144,0.9625463485717773,0.9245679048214815
ID_BE5FACDA,0,0.467069040198274,0.41982439160346985,0.5041604466238123
ID_5CA6DED9,1,0.9280679658734938,0.9488036036491394,0.9217298936857968
ID_538F1367,1,0.938259102076952,0.9389848709106445,0.9359150795304124
ID_BEC23094,1,0.9329454841315533,0.956928551197052,0.943601315714691
ID_4E0B548A,1,0.9296914701709584,0.9246659874916077,0.9167124074454917
ID_0282DAB2,1,0.9244273453952958,0.9336709976196289,0.9045817827606492
ID_000F2E9A,0,0.524975213577781,0.6987923383712769,0.6184832713725583
ID_73DDBFB8,1,0.9356027624192842,0.9553655385971069,0.9419207056897568
ID_39E44BF7,1,0.9339316109706746,0.9598758816719055,0.9241809037762156
ID_8C05E274,0,0.4159091648807134,0.5199676156044006,0.4240932421562894
ID_6B4A29F3,1,0.4723611912204719,0.4339669942855835,0.3924513862810827
ID_FBC9E807,1,0.9353325039831056,0.9278714060783386,0.9329406468044662
ID_ECE52050,1,0.9319153823239499,0.944105327129364,0.9325827235414016
ID_F1FDA3D2,0,0.5165350859527063,0.6095837950706482,0.5513344142740847
ID_0E198FBA,1,0.9288590185535514,0.925296425819397,0.943691687209234
ID_8A237487,0,0.931700747352289,0.9301148056983948,0.9132220257510514
ID_84E513AF,1,0.7630224411924412,0.8479167222976685,0.8479010584349365
ID_926A8541,1,0.37383779389949096,0.20777754485607147,0.1994315090165291
ID_8EA6097E,0,0.29349685821254495,0.24247430264949799,0.3152723175207115
ID_E583A454,1,0.9225387481387514,0.9411072134971619,0.9181526679227384
ID_06962E6C,1,0.8022631515532473,0.8930324912071228,0.8982527094908697
ID_D702E2A6,1,0.2995447624230176,0.25087496638298035,0.2338939948424201
ID_96A9B97C,1,0.9294283490944069,0.9635430574417114,0.9520395936427712
ID_016E2FB4,1,0.9023005365500112,0.9434198141098022,0.9357032546935188
ID_FEC14492,0,0.33615198311045874,0.34388819336891174,0.3254526189949288
ID_304F528E,0,0.4294599572428659,0.4545932710170746,0.5285844048689748
ID_AFB00B93,1,0.7671009822935206,0.8213032484054565,0.897428849056869
ID_9C4693A7,0,0.3046095756575351,0.22554148733615875,0.291132255150281
ID_518521EA,0,0.2920933937871095,0.338083952665329,0.3008738985239827
ID_C6DA519C,0,0.482128644445445,0.5146178007125854,0.3985549080387842
ID_101094AC,1,0.916981100333007,0.9200649857521057,0.9150557953247104
ID_59E6922E,1,0.9112823227835183,0.9105152487754822,0.9212526236594644
ID_2551F0DD,1,0.9228332368751127,0.9254907965660095,0.8941941251493238
ID_CAF453C8,1,0.921102875531726,0.9587700366973877,0.9439812409162864
ID_44C3D7A6,0,0.40198124374962535,0.4720708429813385,0.4020762523613244
ID_0AA2AB27,1,0.914016019707878,0.9321609735488892,0.914210237060948
ID_D3DD08C8,1,0.4974338337251012,0.6035917401313782,0.4977129381706385
ID_EE9F9D59,1,0.9075223436680545,0.9572456479072571,0.9275785492490908
ID_ECA51D9E,1,0.3626886427899728,0.27233654260635376,0.3579515123408114
ID_D4F88032,1,0.7352468930677525,0.5933754444122314,0.6064033956962209
ID_01446E6D,1,0.9281839237940445,0.9774370193481445,0.954789547506429
ID_FC3671BD,0,0.9286798886121679,0.9810065031051636,0.9561947770296436
ID_A9F400DC,1,0.9250579176963933,0.9287152290344238,0.9209394772381528
ID_D620C881,1,0.840899263139409,0.9250359535217285,0.930839940189062
ID_FE1B58A1,1,0.4702169894583103,0.5734949111938477,0.5379602199760887
ID_6F067799,1,0.5825087004742646,0.5345428586006165,0.5349951514797441
ID_8EAF82DE,0,0.27470266505517393,0.305217981338501,0.3110271140240893
ID_3C62F4DD,1,0.9114035083634028,0.9504132866859436,0.9289047161361896
ID_1FAB8811,0,0.25372485273995754,0.3039391338825226,0.2215183945548976
ID_F679E96C,0,0.248222652924966,0.3148065507411957,0.3003734705396216
ID_727DE3EC,1,0.9128216731538159,0.9594024419784546,0.9268572020591084
ID_519BD3F9,1,0.904884533797373,0.9591293931007385,0.9471571422623988
ID_F7A127F1,1,0.9336536568834385,0.9585930109024048,0.9471461556557988
ID_EC8B670E,1,0.9286798886121679,0.9800441861152649,0.9448693888226763
ID_4FA26B7A,1,0.8736950509847877,0.9545295238494873,0.91451247787111
ID_FC713166,1,0.5743153582761018,0.5717898011207581,0.5002972270362934
ID_E612D67C,1,0.30153456756567804,0.2305302917957306,0.2038480720766213
ID_713B3D3A,0,0.5306856567037637,0.5408263802528381,0.5377237379031982
ID_B77326E4,1,0.6185116819617428,0.6252344250679016,0.6424845296359915
ID_FEA0A39A,1,0.9168968110258379,0.9689781665802002,0.9413161734653924
ID_38E9FA6A,0,0.35082021180687895,0.3584028482437134,0.2979045594333488
ID_4EB915C2,1,0.8813610147190276,0.8130081295967102,0.8439772769785209
ID_142D4039,1,0.941317846891367,0.9419947266578674,0.9228212383837258
ID_58E13646,1,0.932288327515087,0.9259228110313416,0.9014080361402506
ID_B99F170C,1,0.41491178211337465,0.3326065242290497,0.2981734126656616
ID_911EF7B9,0,0.9317376410196587,0.9390266537666321,0.92179914987911
ID_5D9B616B,0,0.47490507784545904,0.5209998488426208,0.4084665074448984
ID_F535DB79,0,0.3000409158376999,0.27345216274261475,0.3030301723383333
ID_E8DF06B0,0,0.3188261147655583,0.2628798186779022,0.3178989738135321
ID_B2F27EA4,0,0.3261215708972936,0.40227723121643066,0.3618189655808959
ID_C41DD6F4,1,0.933697428069936,0.9477505087852478,0.945836586046125
ID_300C1A4B,1,0.5199178364164193,0.5230268239974976,0.5370817634023207
ID_C8FD6478,1,0.42069759444066257,0.42490071058273315,0.4220777160270464
ID_4DE517D2,1,0.7143294988636247,0.6423208713531494,0.7653079442692873
ID_DFA2F7B5,0,0.23392785167276056,0.18584345281124115,0.2492990802174307
ID_04B94479,1,0.9220908061567279,0.9000157713890076,0.922811774485264
ID_A4FD6155,1,0.9279979219417944,0.9188069105148315,0.9344716255315052
ID_4B745A87,1,0.9279979219417944,0.9050372242927551,0.93034002557213
ID_7C597C82,1,0.3809023780082051,0.36007505655288696,0.4841634778073276
ID_B144C832,0,0.42791554675499016,0.38251829147338867,0.4310569489447288
ID_5C78B566,0,0.26262285467310387,0.22062018513679504,0.2388133680487263
ID_F16F88FF,0,0.23569201466789522,0.22696445882320404,0.2000085845867462
ID_84203A3C,0,0.2366967070139777,0.17359846830368042,0.2621709751600382
ID_8B625442,1,0.9319153823239499,0.9598603248596191,0.957824116762388
ID_D6C698F2,1,0.2149524242252993,0.30571258068084717,0.244804720829838
ID_B2D9847F,0,0.2737078947562662,0.20157259702682495,0.3126922051577417
ID_976005EC,0,0.3181389218672896,0.31904658675193787,0.2538606777566213
ID_D8B5E151,1,0.9319153823239499,0.92868572473526,0.9330210242695032
ID_CAA95A47,1,0.9319153823239499,0.9529212713241577,0.9442780162450086
ID_E2D61930,1,0.3687190453010223,0.23412129282951355,0.2972451700696163
ID_0DA5E0B4,1,0.9289006440558655,0.8970692753791809,0.8761139563422945
ID_F7314F55,1,0.930705249863175,0.9327694177627563,0.9323326222103964
ID_1CA90D52,1,0.923697934908626,0.8961320519447327,0.9166596521480186
ID_3D5FFF90,0,0.29553783231017344,0.23025944828987122,0.3196372856964632
ID_9880EF6A,0,0.28938465619661186,0.2613186538219452,0.2640176830173742
ID_93054FBF,0,0.21118090259873645,0.1949547678232193,0.2517992042062956
ID_A17F4DB0,1,0.923697934908626,0.8613882660865784,0.9102246664513656
ID_EBCBDBC7,0,0.31596630816955557,0.17303340137004852,0.3048913958739869
ID_2C0AABC9,1,0.9276715106688888,0.9157984256744385,0.9436909506770018
ID_A3BD8AAE,1,0.5874291326009627,0.5201094746589661,0.4832421024712385
ID_CE508739,1,0.9324255150792247,0.9503690004348755,0.9292566899024012
ID_D1FA5545,1,0.908220914042418,0.9668270349502563,0.9407975231140622
ID_31E84A55,1,0.9336491860910487,0.9716562628746033,0.9228332852334804
ID_1851F627,1,0.3281925886240774,0.39032793045043945,0.3776433762005338
ID_193A888A,1,0.908325943061697,0.9483696222305298,0.9356630206498694
ID_46F9F869,1,0.8345248098939139,0.8884180188179016,0.9147871196511796
ID_752C158B,1,0.29377801872024994,0.1600816547870636,0.2167699538303664
ID_9B5E7962,0,0.2962789345824479,0.22080360352993011,0.2542254203710365
ID_BAB75CC3,0,0.4577379180677861,0.4909215271472931,0.4504995360985916
ID_ADB6E192,0,0.4745822696553322,0.47268134355545044,0.3766722595379921
ID_83033C9C,0,0.3167384367499222,0.3051261007785797,0.3365353420720163
ID_72A98E3F,0,0.4129779478993877,0.35014480352401733,0.3565267800659655
ID_9BB473A4,1,0.5700777260163401,0.45233437418937683,0.5144997794547327
ID_400F0754,1,0.6063368021428563,0.5880772471427917,0.5363957429840461
ID_E483A748,1,0.9256178963340017,0.9559070467948914,0.9238733133645386
ID_094FF53C,1,0.9081704635557206,0.9174554347991943,0.8883055261111076
ID_A84E071E,1,0.9293531186742291,0.9409252405166626,0.9119092186906124
ID_589FB0BB,0,0.41509284869281304,0.3309192359447479,0.3058957605235481
ID_779BB385,1,0.9132635375238949,0.9493801593780518,0.9112414340217274
ID_A5C1C3D5,1,0.8300970340485303,0.7803710699081421,0.8597686310563014
ID_3D3AEB01,0,0.6845952449319235,0.6696116924285889,0.7844838703043648
ID_9903D033,0,0.34261300774844433,0.46910360455513,0.4906897459530908
ID_FBF9A40B,1,0.9228477240463571,0.8490896224975586,0.8438653281421783
ID_2691F373,0,0.6094560056675892,0.5910314917564392,0.486006238575348
ID_3C3FA6CD,0,0.42215218173987834,0.3840925395488739,0.484547466579438
ID_E5864A19,1,0.4978087310168108,0.4003719091415405,0.3175776270092458
ID_85B6BE5A,0,0.5553424115946504,0.638925313949585,0.588964509364049
ID_539262F6,0,0.743067630369533,0.7777998447418213,0.6807765101214945
ID_D2904177,1,0.6370662432536349,0.6341228485107422,0.6232207156992922
ID_780E49B7,1,0.9174000886492271,0.9689521193504333,0.940330222696378
ID_2E2FD893,1,0.6551294949640271,0.5573853254318237,0.6267984999752917
ID_CB7A0821,1,0.6873203452138394,0.6770985722541809,0.6793754015661158
ID_1F7135F6,1,0.927854561681856,0.9264332056045532,0.9419037045713466
ID_4726D3CE,1,0.5032449520745201,0.6915371417999268,0.7470383185807863
ID_BEA23D9D,1,0.3605749124010221,0.29756131768226624,0.4166287515880633
ID_FD8D65D8,1,0.9124279236116537,0.9196189045906067,0.9459790764436002
ID_94E5E8C9,0,0.6244994695910971,0.564491331577301,0.6640940851162794
ID_AD6CEB5A,1,0.40282076069732015,0.39665520191192627,0.4920547967096065
ID_4520428C,1,0.8863723186974071,0.8944554924964905,0.9115537504539226
ID_DC294D8A,1,0.3502789871887232,0.38039979338645935,0.449091696968819
ID_56643AF6,0,0.6231405970952001,0.6073922514915466,0.5864858255659353
ID_8B9DEF69,0,0.3812621485479585,0.5491325855255127,0.5161419153490064
ID_D355CF11,1,0.9343504799322538,0.9378215074539185,0.9236639576251356
ID_45C9F535,1,0.8899479963291713,0.9128783345222473,0.922758618006876
ID_6960195B,1,0.9118603815904267,0.960693895816803,0.9658745034826962
ID_81CE2B65,0,0.4676821171448667,0.5818893909454346,0.5490604781604118
ID_39800FBA,1,0.5402687346191362,0.5483043193817139,0.5983859964182244
ID_9F63930A,1,0.9097325447100613,0.9666610360145569,0.9619482586691924
ID_4C6DF45F,1,0.9157622091841204,0.939661979675293,0.9325624065244348
ID_1715B9E3,1,0.914914214134903,0.9448919296264648,0.9425716879532704
ID_0BA55AB7,1,0.9090765920245091,0.9702478051185608,0.9611851922483744
ID_C746BCAB,0,0.6268794452094292,0.7260487675666809,0.5972325864867145
ID_2ED3DFB8,1,0.7532123858920572,0.8616876006126404,0.903757048524468
ID_2B49D501,1,0.543654732419903,0.43881744146347046,0.5311360653510855
ID_270E05CB,0,0.3080759422531969,0.24441322684288025,0.2956276447818924
ID_A6EE3440,1,0.7703482979578228,0.664600670337677,0.8210966892521129
ID_A69C41ED,1,0.5276700320357169,0.6773595809936523,0.781606586983829
ID_0559893B,1,0.9299481998900538,0.9168394804000854,0.9204091770746128
ID_1EE20B79,0,0.3593887742752444,0.3378368318080902,0.3636142219379103
ID_D26C05E1,1,0.9010324916847415,0.8927125930786133,0.8674729697375188
ID_6C60372E,0,0.7919602316516999,0.7731866240501404,0.7836339018116623
ID_815F0951,1,0.9218748363453217,0.870441734790802,0.908763161885972
ID_6237C479,1,0.9216955588629561,0.9194774627685547,0.917546711924318
ID_4EBA230C,1,0.9417285563192541,0.9179405570030212,0.9397164195484328
ID_C66D64EB,0,0.3817812498964871,0.28307533264160156,0.2814410461523933
ID_1B608ACB,0,0.497353745062127,0.400178998708725,0.3802000110159812
ID_BAC9FEAC,1,0.7477106815982288,0.7435879707336426,0.889419454223946
ID_8D1FA66E,1,0.7660716731263588,0.7911426424980164,0.8771006275942291
ID_779A7B92,1,0.9245422236782058,0.9520266652107239,0.916544806561094
ID_6446BB3D,1,0.9131505779041695,0.9338362216949463,0.9396932423945218
ID_F8D50AD8,0,0.2620411054144426,0.2345217913389206,0.2185537547523971
ID_C1E14AB1,1,0.9169158134787836,0.9240421652793884,0.9300716443891204
ID_67F337C8,1,0.9261803847695258,0.902472198009491,0.9444364527849832
ID_988481AF,1,0.9163025053405752,0.8880528807640076,0.9239310048036764
ID_0C806B90,0,0.28305676918781136,0.23423972725868225,0.3490571086304639
ID_FB45045B,1,0.8990934614955007,0.9266320466995239,0.932273060849217
ID_C1D2F3B8,1,0.8561789190234484,0.9211593866348267,0.9349069939140752
ID_30AF6611,0,0.7525996447010829,0.8252854347229004,0.9116722667415118
ID_C1902636,0,0.2766107036277007,0.32446497678756714,0.2590707628199443
ID_684F308B,1,0.7529612380789575,0.8687579035758972,0.8883582830486927
ID_F2A0B3E1,1,0.4505209869352194,0.5716098546981812,0.6947446749276699
ID_0A8E6F81,1,0.9186301999059471,0.9624472856521606,0.958947022151424
ID_BC21DEDF,1,0.9259324308657212,0.9563834071159363,0.9583102204366544
ID_411167C1,1,0.27504418965635485,0.2613235116004944,0.232729080793234
ID_2A858F02,1,0.8160667040656802,0.9190112352371216,0.9232326877685828
ID_894585BA,1,0.9226759454369663,0.9649524092674255,0.9638581520664208
ID_52F752A7,1,0.486888794630411,0.5745880007743835,0.5390561920982402
ID_FF1A406D,1,0.9152663918689877,0.9702918529510498,0.9620348025168204
ID_614EA5C8,1,0.9376929871333004,0.9752910733222961,0.9571399079465444
ID_77F91D1E,1,0.9256802729751382,0.953031599521637,0.9560636367689674
ID_4F3163DE,1,0.9341980829618742,0.9293089509010315,0.9487906082854372
ID_F563E1DE,1,0.31595633578683835,0.33058130741119385,0.2997779443405822
ID_F76B0B0F,1,0.9445612262475738,0.974665105342865,0.9662500083210162
ID_B3369DF9,1,0.9233917444392521,0.9672800898551941,0.9630365756205198
ID_40EC13C2,0,0.2815129070271845,0.30217522382736206,0.3466354205317818
ID_DCC2F61C,1,0.9356991651525023,0.9757685661315918,0.955758737196712
ID_24D5D4D7,1,0.905573411489831,0.9110012650489807,0.9246935471676968
ID_340F5D4A,1,0.9281391562245492,0.9525753259658813,0.9340534401818256
ID_6B4ACE06,1,0.8704994088726006,0.912858784198761,0.8962947714129597
ID_C7951919,1,0.8580988706668934,0.8687902092933655,0.912100566476774
ID_16A979E5,1,0.9238130601860386,0.9551746249198914,0.9505793917214824
ID_809FCAA9,1,0.3326756113610335,0.2903529405593872,0.3846873758164163
ID_AF5C2C20,0,0.3407586561876542,0.33531588315963745,0.3650457421510926
ID_B9831E67,1,0.7128980742149326,0.7336928844451904,0.7197198899110302
ID_FAEF6913,1,0.9357547972920035,0.9689213633537292,0.9730940451256088
ID_3E1E5CE8,1,0.2442489018666831,0.20803317427635193,0.1982825192603684
ID_7BD6FF58,1,0.9221121287423544,0.943295419216156,0.934465410086164
ID_6096A4CC,1,0.8882489536152793,0.9297401309013367,0.9462677232665038
ID_E03E6C59,0,0.5865201604924707,0.39292073249816895,0.4995165007443278
ID_F82F4BCC,0,0.29530893380027956,0.37040263414382935,0.3468143753652412
ID_B427C50C,1,0.8860902323333643,0.8814527988433838,0.9372810169067732
ID_4A0CDCA9,0,0.26650946816592946,0.26372599601745605,0.2552517009259982
ID_807A9BAF,1,0.9390406649242115,0.9292844533920288,0.9355151522724297
ID_E30EFE48,1,0.9250455312977794,0.930083692073822,0.91854277405009
ID_82DBA902,0,0.3568558750203796,0.31921252608299255,0.3139548199539241
ID_0A636CFB,0,0.36346429975623573,0.24785137176513672,0.2941573515604851
ID_F9FD6547,1,0.9044210359344781,0.9469241499900818,0.946309867514025
ID_14504422,0,0.417535666185585,0.4016309082508087,0.472020541676785
ID_69A0F5F7,1,0.9347371485192119,0.9238400459289551,0.9194744123145656
ID_E7E7E690,1,0.9355768543102047,0.9267579317092896,0.9363642150202314
ID_F98871DA,0,0.28429329939375364,0.17227482795715332,0.2641922512308882
ID_26AC4AE8,0,0.20679612178986576,0.18537521362304688,0.1963552249652451
ID_0375938A,1,0.9250953804844674,0.951108455657959,0.9480380359670164
ID_CE7745EB,1,0.9430052276446804,0.9516909718513489,0.9309040374944568
ID_6E843353,1,0.27043905784677186,0.13657094538211823,0.1959699814750664
ID_6F5F875F,1,0.9363626933162972,0.922694742679596,0.9122899440398404
ID_62B25047,0,0.552813192721467,0.5309939980506897,0.4554149848975179
ID_2305F034,1,0.932288327515087,0.9744442105293274,0.9701552302636453
ID_A4C9AD78,1,0.2552207767101946,0.3109533190727234,0.3457566728210184
ID_9D9AB53B,1,0.3844486728036555,0.44191569089889526,0.4359208022181502
ID_D44B078B,1,0.932288327515087,0.960430920124054,0.964514476138156
ID_442F09A8,1,0.9340918965201663,0.9594324827194214,0.9429143159927984
ID_ADE8549F,1,0.9435699192863142,0.9585652947425842,0.9406238049057396
ID_3E41C7A0,1,0.9352355224083921,0.9548152685165405,0.9508282271239098
ID_07B4F38C,1,0.9352355224083921,0.945424497127533,0.9527964701960716
ID_6B09DE63,1,0.9384696680734927,0.9395074248313904,0.9339859204285188
ID_AB653BC3,1,0.9388767763181546,0.9526792168617249,0.938611768902757
ID_104F8356,1,0.9396884477881579,0.9559598565101624,0.9371316183138804
ID_CF50E1B1,0,0.499345119692614,0.5187552571296692,0.5769953113230544
ID_B8B2F568,1,0.9384696680734927,0.9301195740699768,0.9302935796367772
ID_56647606,1,0.9389206628878634,0.937794029712677,0.9280149757939122
ID_B5C2322D,1,0.9374146422034185,0.9492046236991882,0.9083372050993572
ID_09872F21,1,0.9308165321280619,0.957881510257721,0.96199017497887
ID_7E6023AA,1,0.927370310850015,0.9640107154846191,0.9655731469221196
ID_A533B0E6,1,0.9363115994858587,0.943478524684906,0.9338626884762388
ID_A0E50908,1,0.9392492517757188,0.9275627136230469,0.946698015695829
ID_0A69F0D7,1,0.9373711236245874,0.9454296231269836,0.9536426061889736
ID_10EECCD6,1,0.9388887559608328,0.9161679744720459,0.9446684720044528
ID_2CBC0ADD,1,0.9389206628878634,0.9501754641532898,0.9488448498627288
ID_01EEFFB3,1,0.5866758886292277,0.5193310379981995,0.5818989138618915
ID_340394B2,1,0.9269282078889607,0.9382349848747253,0.952015052184946
ID_1945A42F,1,0.9248851655084575,0.8675379753112793,0.8934708512589021
ID_8F597E56,1,0.9279360678437599,0.9208296537399292,0.884495355499251
ID_3B4D5725,1,0.9217013674707939,0.8974656462669373,0.9136243257143036
ID_556E288B,1,0.9302973084333663,0.9238728880882263,0.9116440980200168
ID_A0AE2B1F,0,0.6265181180337486,0.606817364692688,0.6751312162613037
ID_5DF9AE2E,0,0.5364564575477342,0.5597795844078064,0.5925669284676409
ID_C1C98504,1,0.30692522506908054,0.2545301914215088,0.2643294123060773
ID_8F6E96FB,1,0.9298965900609842,0.9658136367797852,0.9365303713564684
ID_35E2C9E8,1,0.9298965900609842,0.9703330993652344,0.948503098990535
ID_F473AB1E,1,0.9316685640312722,0.9612439870834351,0.926237714244278
ID_DE356570,1,0.9375319699085632,0.9491427540779114,0.9300359976860072
ID_D098A206,0,0.3336661716117709,0.44074222445487976,0.4055281482838742
ID_105D036A,1,0.9339848197488507,0.9570905566215515,0.9462363735885054
ID_5F10229F,0,0.9294268554110406,0.9642814993858337,0.9485072349162031
ID_8BEFCCE9,1,0.935455671333649,0.9495070576667786,0.9134236186112816
ID_1E6A3B81,1,0.32089217944810766,0.21444258093833923,0.3273149697143366
ID_B099F857,1,0.932172663040445,0.9566856026649475,0.9355921697407278
ID_9FCDFDFD,1,0.39860236806593385,0.49391844868659973,0.3667434675637862
ID_0F8FF9A4,0,0.31150357890403957,0.27022606134414673,0.3545257295538077
ID_07BC044F,0,0.5872010738197803,0.7664728164672852,0.697589838172633
ID_237B6548,1,0.2503987589224174,0.2164134532213211,0.2814396072671871
ID_DF3B8F93,1,0.9306463189319055,0.9495440125465393,0.940257831462629
ID_E975906F,0,0.624305653849211,0.7712336182594299,0.7881475508027915
ID_18D74648,0,0.42504099797252154,0.4546433389186859,0.4300056487852688
ID_209B8728,0,0.3862711101300443,0.3710728585720062,0.3620428208055416
ID_4EA0DC93,1,0.9375555248155641,0.9351820349693298,0.9440142469851394
ID_F3BE425E,1,0.8622952604230438,0.8494192361831665,0.8964820031865096
ID_C14E803C,1,0.9292950127063856,0.9405532479286194,0.9190099092811234
ID_E9ECFF64,1,0.9353036683714737,0.940746545791626,0.9331399392488992
ID_E4743507,1,0.5358332620628109,0.49021339416503906,0.4496669493328196
ID_1EC74989,1,0.9207765806363692,0.9435924887657166,0.9426226125397158
ID_AB910A4D,1,0.7649622050538601,0.8548932075500488,0.9093886976634208
ID_1EF81679,1,0.9329751894186222,0.9538312554359436,0.92379457045461
ID_BA715AEB,1,0.9166968137331997,0.9618263840675354,0.9348401170942792
ID_812456CD,1,0.9267700226840204,0.9356216788291931,0.956972628811258
ID_28B8E746,1,0.9243228969527096,0.8935533165931702,0.9137816566824776
ID_E47D2FF3,0,0.25841678747025665,0.1523016393184662,0.1791739618061379
ID_3E426FF4,0,0.23587107437675184,0.18136394023895264,0.2269304529780032
ID_9FFAA5F7,1,0.6307545511495819,0.44027578830718994,0.4866620116527647
ID_F2152BE0,0,0.44201760552607045,0.3454584777355194,0.3956771423906295
ID_E1484B08,0,0.2793452645207432,0.24746569991111755,0.2959088962427001
ID_BD0449F1,0,0.9271357895217266,0.9369103312492371,0.9408345113368308
ID_AE579796,0,0.8507857642016128,0.8795398473739624,0.8687952780156127
ID_4F06217B,0,0.7239501045599074,0.7770148515701294,0.8463845343305807
ID_A605425A,0,0.4697640826991163,0.5506085157394409,0.5021017484731742
ID_15C1F430,1,0.9033034964801164,0.9383047819137573,0.8997350991967344
ID_0D535467,1,0.3504374790433471,0.3651229739189148,0.3292827990743407
ID_875F64FE,1,0.22564217242359352,0.2147074043750763,0.2093223546698664
ID_43E6C472,1,0.898801525655266,0.9273439645767212,0.8900183209739537
ID_80704B49,1,0.5488633371040958,0.5085893869400024,0.4350390570034319
ID_0919F493,1,0.3814148897668784,0.39542531967163086,0.3168097683913773
ID_D4F1555F,0,0.3256253334814172,0.3512208163738251,0.3462242036720892
ID_A5FDA98A,1,0.915936128486318,0.9523386359214783,0.8997777753437889
ID_C28710EA,1,0.9197789031312453,0.9220327734947205,0.8668710816296636
ID_1704D0D2,1,0.9274749961396557,0.9362124800682068,0.8920720659675516
ID_C5B518B5,0,0.3542887117717341,0.3134622275829315,0.2912067733039508
ID_7879BA0C,0,0.39551787399103083,0.28976261615753174,0.3415601536058945
ID_B4D4F1B5,0,0.266416641973126,0.17762310802936554,0.1846020304343531
ID_5A17B1BE,0,0.3663881286001642,0.22532828152179718,0.1912695753215465
ID_AFAB13D5,1,0.928161905477239,0.8492829203605652,0.8589728106371545
ID_34B78B49,0,0.29467183537602004,0.20297904312610626,0.2636223169874434
ID_7A06CE3F,1,0.43744278161354816,0.47547340393066406,0.4221531383975578
ID_3ED022CA,0,0.39539691363972745,0.41297653317451477,0.3370118112220721
ID_7C4C37E7,1,0.9186642066764079,0.9022935032844543,0.8243879646158393
ID_7F1FEC43,0,0.24336272801167946,0.2463555634021759,0.2451461902131559
ID_7D52E578,1,0.9234416877911423,0.9510141015052795,0.9141190914416568
ID_B813FF91,1,0.9038755527523095,0.9475250840187073,0.9187852854232476
ID_627CC68B,0,0.4374143348234519,0.2818354666233063,0.3925166435273209
ID_102A5AFB,1,0.8787137722926798,0.8962474465370178,0.8862013438249868
ID_00F1330D,1,0.9065334419176654,0.9514731764793396,0.924818610719792
ID_D5DA0748,1,0.2242285762357359,0.19374169409275055,0.2126104462327753
ID_688EC74F,1,0.3066035197212449,0.20787711441516876,0.2493962270813098
ID_28EC478C,1,0.931259662708757,0.9441990256309509,0.9404451002250424
ID_E8625B43,0,0.3360595101431593,0.35438746213912964,0.3762778073133352
ID_0552A190,1,0.9260535114921205,0.9405719041824341,0.9202718836289534
ID_0BC6B333,0,0.31741865939104524,0.24326781928539276,0.3576124364040728
ID_B4B46D57,0,0.9319092573378538,0.9618403911590576,0.941138319682194
ID_93456367,1,0.931487958116625,0.927507221698761,0.9280754969661692
ID_7563FB6E,0,0.3551541996588319,0.3876638412475586,0.2813135800289975
ID_FFEF7450,1,0.343221819277225,0.37417659163475037,0.3806486946315885
ID_00C0D83F,1,0.8741182620302861,0.89610356092453,0.9221597931498708
ID_B384E920,0,0.9307107896712811,0.9716885685920715,0.953043913662968
ID_A56CB441,1,0.4184160083495469,0.31754419207572937,0.4383234976956919
ID_FDB25B2A,1,0.9319153823239499,0.9542590379714966,0.9434951968142152
ID_B0F586E3,0,0.34216186632727974,0.35552307963371277,0.2943848943329611
ID_9BD7BFB1,1,0.2687928852114612,0.1756397932767868,0.2183035985767493
ID_268899E8,0,0.4492504744055438,0.47250980138778687,0.41273101712729
ID_0ABEBC4C,1,0.27572594226320696,0.29312846064567566,0.2737404571057029
ID_73D28F6F,1,0.9299457148243306,0.9030946493148804,0.9004611571875581
ID_C8765D26,0,0.63259581803433,0.6989884972572327,0.5651547710154892
ID_8A0DC559,1,0.8620944484303541,0.8893811106681824,0.9237657119132716
ID_407835CF,1,0.2553769277404547,0.23795443773269653,0.3255636957668146
ID_094D4C0B,0,0.35759982307604443,0.3767828345298767,0.3677981994365922
ID_0C67179E,0,0.2850358539743204,0.446750283241272,0.383992617535845
ID_B5BB8ED8,1,0.3234406681836097,0.2828591763973236,0.2974438115301389
ID_29D9B2F4,1,0.5051977511316714,0.48103606700897217,0.508281052747927
ID_739E1A0D,0,0.932288327515087,0.9509091973304749,0.9418541338203402
ID_A9C941C0,1,0.9241420683878344,0.9434539675712585,0.937886224618338
ID_BE4F4901,1,0.9185808035554414,0.9315441250801086,0.917961992682894
ID_CE134C1D,0,0.4720764529445457,0.5302131772041321,0.4415878548447338
ID_3717EDA0,0,0.3703231519062111,0.3815471827983856,0.3623852933412585
ID_6301C33C,1,0.349448182552171,0.2571207284927368,0.3066957268958181
ID_B1170B41,1,0.8518644608050674,0.828877329826355,0.929394494044529
ID_85816B8B,0,0.44408640336643446,0.4759613871574402,0.3547482538017804
ID_E6E28172,1,0.930463869813782,0.9422701597213745,0.939899487881398
ID_3E57FD20,1,0.9436732387719279,0.977106511592865,0.9176674557768416
ID_D89F4E00,1,0.38960461248195216,0.34914126992225647,0.392865504945974
ID_C8DAA498,1,0.23866970499514847,0.19234144687652588,0.2950041566949245
ID_937877B0,0,0.5689753350354048,0.5349186658859253,0.459649647904353
ID_4BA77164,0,0.5001731810667237,0.6009751558303833,0.5781996464293094
ID_50CC6728,0,0.24898964475874288,0.2703276574611664,0.2766521333479365
ID_FCF0279F,0,0.3187632556425988,0.3264542818069458,0.338436970417256
ID_59EC0CAD,1,0.9135054799311908,0.9134280681610107,0.8724910125646402
ID_AF7372F3,1,0.9273659505342008,0.9615382552146912,0.9475182345663536
ID_0C6D6BE4,1,0.9156336625217633,0.8921049237251282,0.9126418773501278
ID_213EF8F9,1,0.9273659505342008,0.9677273631095886,0.9538426768377
ID_2C85E621,0,0.43707103575968365,0.4731609523296356,0.3929074853164007
ID_7E737617,1,0.7473854659865388,0.6645376682281494,0.7203590182715205
ID_A1EA43E9,0,0.4147522288460798,0.4733644127845764,0.5118116225091633
ID_69E28344,1,0.9206268213333342,0.9350597262382507,0.9405675631226348
ID_52C883DA,1,0.4173069431080161,0.284551203250885,0.3679667589079914
ID_382C114B,1,0.41778380857827063,0.4846522808074951,0.4236823778910494
ID_71105B42,1,0.9329085051472256,0.9366865754127502,0.8540722936769095
ID_2EC5EEB8,1,0.8736796235012151,0.841611921787262,0.8562871851103735
ID_3B4A18AA,0,0.2604071847327862,0.20767606794834137,0.1753936034253839
ID_FF549570,0,0.926190203363587,0.9386916756629944,0.9167649123884952
ID_CFDBA593,0,0.49205649108821053,0.6376062631607056,0.5378119802512833
ID_5F03BBAD,0,0.33923845031540634,0.43992048501968384,0.4479564529293979
ID_5240A230,0,0.4326524997473234,0.34326380491256714,0.402204304615141
ID_8CC1B75E,1,0.8544666236618401,0.723935067653656,0.8192009491734937
ID_7090BC01,0,0.39909612827596863,0.3297916352748871,0.3497122114997637
ID_5A23DC2A,1,0.9208537265090742,0.962351381778717,0.9538871300239262
ID_744387E3,1,0.2659096923484153,0.3487478494644165,0.3608354166988887
ID_B684EB63,1,0.9327445463992314,0.96107017993927,0.9286262241212276
ID_15B389EE,1,0.49568978744150743,0.47540685534477234,0.5375511090549489
ID_CD78B998,0,0.38398210145653844,0.3370126187801361,0.4094471959360497
ID_50371C5D,1,0.8805088470439592,0.8876072764396667,0.8737669041730896
ID_99C66407,1,0.2965027083033937,0.29081466794013977,0.3931345947320587
ID_53C1808A,1,0.45544327789877664,0.583062469959259,0.599557292134014
ID_3302DA2C,1,0.9348646760031356,0.9550588726997375,0.9445167643037922
ID_3AA23750,1,0.9354220268498941,0.9557474851608276,0.9346925224256352
ID_7C964897,1,0.9378882609318641,0.9647013545036316,0.9646425870361676
ID_0348012B,1,0.9395145863694315,0.9522698521614075,0.9326086706019058
ID_089A13B3,1,0.5869376317875294,0.6000443696975708,0.5419757324771307
ID_20C0BD2D,0,0.5204590672271379,0.5293914079666138,0.5537049204061063
ID_9770BA05,1,0.9399337153489487,0.9567402005195618,0.9397983372450012
ID_7ECB264B,1,0.5579216177477098,0.5621405243873596,0.5749130973612103
ID_0BFE4716,1,0.9414244427011857,0.9524037837982178,0.940028137817941
ID_22AD34CB,1,0.924477071299173,0.967807948589325,0.9327214430076018
ID_055E1D08,1,0.9293671002748076,0.9545503854751587,0.954251653764694
ID_66F7C4D6,1,0.9262658314783925,0.9297425746917725,0.8776706872270069
ID_348B55F6,0,0.911452124989764,0.9551454782485962,0.9238879132050636
ID_412F96A4,1,0.26450095335211227,0.17409531772136688,0.2520133524161141
ID_FBAD87BD,1,0.3296403457253852,0.24117620289325714,0.3872773728246481
ID_7F9E4580,0,0.33173208066163895,0.276811808347702,0.3230994318185258
ID_75DDDD09,0,0.4972579944127698,0.608885645866394,0.638396604003091
ID_35C85AC6,1,0.5245137981999506,0.4520922601222992,0.5300985840253787
ID_AF6A71C8,1,0.9376546322045664,0.9382364749908447,0.9251239990717464
ID_76E1FDED,1,0.38091021071563586,0.4348451495170593,0.472679999362014
ID_1BE46448,0,0.31373453105336896,0.3422589600086212,0.2926159535431383
ID_93020649,1,0.9026200479078924,0.8104307055473328,0.8211161457224394
ID_AD11D866,0,0.8530794802364624,0.8966450691223145,0.9168392696181512
ID_78BBB326,0,0.5107576998505318,0.46039310097694397,0.5412058795654067
ID_59BFC155,1,0.9013878359674099,0.8958503007888794,0.9169165257929754
ID_B55ACEC6,0,0.3046772639595033,0.24344944953918457,0.26794846986405
ID_EB8C2F6F,0,0.2974652902180734,0.20863401889801025,0.2950898715172445
ID_6BC76215,0,0.29648977216596795,0.27611273527145386,0.3521566729530376
ID_BC5677E9,0,0.4367810197858475,0.3357868492603302,0.3220866638366572
ID_22D60092,1,0.9080814904595679,0.8381385803222656,0.8696250637333923
ID_38798717,1,0.9304975981872025,0.904306948184967,0.9350860742794525
ID_F3E2445C,0,0.2782318522067263,0.2744593024253845,0.249131553282675
ID_5E897DB3,1,0.950922850863332,0.9724313616752625,0.9527900842069768
ID_3ACDA640,0,0.586128476596017,0.6058437824249268,0.6469026717661357
ID_3B32151E,1,0.21662944580857404,0.19426120817661285,0.208285781924477
ID_08AE8A03,1,0.8597283983936891,0.8858224153518677,0.8799646164903351
ID_EE4FB01D,0,0.30341263377850863,0.32558995485305786,0.3064893366611581
ID_21E4C476,1,0.8956744821654824,0.8778926730155945,0.92329447417098
ID_4ED2263A,1,0.8719010323013052,0.9541789293289185,0.9333269183498776
ID_5DD27FBF,1,0.8982642064808164,0.9036626219749451,0.8835674610427577
ID_A50C5337,0,0.8470061568847692,0.8327662944793701,0.8133698409386749
ID_F89A43D3,0,0.30598561072407493,0.18071267008781433,0.3157695257131297
ID_21B5D43B,0,0.26312965635827773,0.17058278620243073,0.2195153541583406
ID_51811200,0,0.2917882481296312,0.3355847895145416,0.2552439439506007
ID_4A2C8090,0,0.48492409561495137,0.4194343388080597,0.4818047957615847
ID_C10DFA7A,1,0.9321646462698966,0.9119403958320618,0.9028644796177944
ID_B3DACCED,1,0.9290714870115928,0.9381262063980103,0.9160296895187936
ID_3081ABC9,1,0.9315555171650359,0.9138591289520264,0.9337915460735275
ID_525ED29C,0,0.3117796087196017,0.3914470374584198,0.2496124136325654
ID_14B624C7,0,0.25827706033773656,0.21843358874320984,0.2840201466038372
ID_38992FD4,0,0.5340055440046927,0.640714168548584,0.6300839252355955
ID_86486D00,1,0.9348237696548845,0.8534790873527527,0.8857889753492486
ID_78D06D65,0,0.384167836054037,0.2041889876127243,0.2739677948096403
ID_5CD64AE2,1,0.8864776969767887,0.8516729474067688,0.8690866882185854
ID_44A588ED,1,0.9259992366064608,0.9313219785690308,0.950197316385446
ID_2C5D6E01,1,0.26341245136872743,0.10542217642068863,0.2247153920390041
ID_3B376CEE,1,0.2736914799283212,0.1820499747991562,0.2143995764636429
ID_032F5E8E,1,0.5268137991321187,0.41681843996047974,0.4985280859200753
ID_FA96C968,0,0.20626669628460084,0.1425331085920334,0.1550634181118572
ID_8F08B4A2,0,0.29649513793206,0.2224021703004837,0.21240707603842
ID_08F0C9D4,0,0.9059131357986976,0.9361957907676697,0.9461387809099376
ID_D9937EF3,1,0.9307878588857771,0.8939191699028015,0.9073738581515032
ID_F83D23DD,0,0.5205587952878892,0.4764559864997864,0.5356385061747051
ID_B79ECF68,1,0.9253166128796713,0.9745662212371826,0.9508800623812248
ID_AD2D36A4,1,0.9328108474289578,0.9342394471168518,0.8969977487810963
ID_3C2B2EB8,0,0.36463007530171704,0.28951379656791687,0.3581090510885362
ID_E215A0F7,1,0.9427234369129331,0.9395379424095154,0.9272486464515514
ID_4B3AF133,1,0.9398480432797249,0.9286483526229858,0.9022873251375124
ID_A539C14C,0,0.3120541801447386,0.21802878379821777,0.2952620321239423
ID_467875A5,1,0.31289256181666897,0.2876089811325073,0.281714500535297
ID_13146468,1,0.9362748558952234,0.9583479166030884,0.9439368663052978
ID_E66174C9,1,0.9298639841001197,0.9712419509887695,0.9435423251014688
ID_1E3CEF35,1,0.9384696680734927,0.9441995620727539,0.917284423401576
ID_87A2E62D,1,0.4763951948967945,0.6222068667411804,0.5118794706722425
ID_FB0E1F94,0,0.3924963931347055,0.4560076892375946,0.5761218516150035
ID_3B883771,1,0.9142688565901212,0.9116706252098083,0.9085346564007112
ID_AD0A7204,0,0.3418278081151367,0.27637752890586853,0.3107642259614168
ID_923144BD,0,0.6623274638265795,0.6101869940757751,0.5802181349478686
ID_36201C38,0,0.3289786212987437,0.39922788739204407,0.3624103773344293
ID_14E67B35,1,0.461758063663699,0.4422866106033325,0.4096795053098115
ID_A33ADCC7,1,0.9388455684650768,0.9269792437553406,0.902351632416806
ID_D6FFE625,1,0.9341975275851907,0.9300348162651062,0.9324224414442726
ID_17F7573A,0,0.3669747308485694,0.394534707069397,0.383955234489889
ID_73D5916D,1,0.9032653532558382,0.8629873991012573,0.8854868401008943
ID_31471464,1,0.9403562660122698,0.9405657649040222,0.9324439012522168
ID_4711C9CD,1,0.9343212335163859,0.9018464088439941,0.9264688676784596
ID_AD4D2BDC,0,0.2337663661465887,0.17154461145401,0.2868537295761962
ID_47222B6B,0,0.4073406480461084,0.1949271261692047,0.4004308325784553
ID_0C717DBF,0,0.8092192999230812,0.7336551547050476,0.7763499005607265
ID_F5D2E7D9,1,0.9327425806955962,0.8584186434745789,0.8725370214258231
ID_C2F6C445,1,0.9229491115367573,0.864799976348877,0.9121894402950438
ID_3A10A55F,1,0.9388767763181546,0.936750590801239,0.9252232519203244
ID_144550CB,0,0.6071591299541232,0.3855396807193756,0.525986180385903
ID_E5819641,0,0.25024532286107765,0.25365015864372253,0.2761770109160978
ID_5E04A04F,1,0.9301752444805014,0.9279305338859558,0.9070392693165432
ID_879255FD,1,0.4035732284795255,0.334362268447876,0.396370343050252
ID_07E194D7,1,0.5023065567567416,0.33889806270599365,0.4986752838716074
ID_79FBC6C2,0,0.9310644019157224,0.939887523651123,0.9148662967893544
ID_808F480A,0,0.4921446736552355,0.35495519638061523,0.4675286274745401
ID_9D1A839B,0,0.9377332420664821,0.9483433365821838,0.8929687305906873
ID_F856A075,1,0.9276051832208448,0.8998147249221802,0.8914602548934474
ID_2E0958E1,1,0.9139610293541247,0.9282351732254028,0.891300620787251
ID_37C1FFF9,0,0.39752425943128145,0.23377655446529388,0.286957193376418
ID_3555330A,0,0.4023349500707009,0.37002384662628174,0.3216733809204869
ID_31337BC4,1,0.4093697320032181,0.37944167852401733,0.3574785026671278
ID_0B0FE47C,0,0.22332258295023988,0.14024990797042847,0.2229001066009263
ID_3880CBAF,0,0.280334859990036,0.2888709008693695,0.2127224439048801
ID_CE72A475,0,0.2376409267796951,0.18464192748069763,0.2347006654039689
ID_9FE785EF,1,0.9249358500612551,0.897750735282898,0.8947593343366833
ID_80C44BDD,0,0.26059050961438346,0.23922622203826904,0.2212785063753345
ID_9683D371,0,0.3561011586846582,0.34072989225387573,0.3903839647589029
ID_F2194E87,0,0.5680634936058252,0.4320305585861206,0.4066001196423203
ID_7F3B7AF8,1,0.9377332420664821,0.9239248037338257,0.9099888634237018
ID_6798F677,0,0.2818056635186365,0.17013974487781525,0.2648097614116435
ID_03EE5CA6,0,0.43868061810830533,0.31675225496292114,0.2555489641660016
ID_442D8B82,0,0.23271377095970025,0.11784987896680832,0.1603388943805886
ID_46E04F35,0,0.5112531226328246,0.47967860102653503,0.4270670810217923
ID_339CE03C,0,0.5239168735540077,0.3061692714691162,0.2563304153032318
ID_D1FA4351,1,0.9240218359181259,0.929929256439209,0.914818164246651
ID_A180F116,1,0.28509631499336135,0.17465440928936005,0.246441752772208
ID_154BCA51,0,0.2532919452508413,0.21886806190013885,0.2819796477446201
ID_4C9367A7,0,0.2501834303208245,0.16567066311836243,0.2582644945882428
ID_59705366,0,0.2664487147231358,0.21588034927845,0.3480994273489711
ID_5C03E74D,0,0.2643206077417754,0.27189189195632935,0.2955976395033131
ID_8F56C9B3,1,0.22022111621564924,0.16637678444385529,0.1966170432034786
ID_8DF953A3,0,0.3768802597531508,0.3806840777397156,0.3823710865436747
ID_9ACED3E9,0,0.21876842111974382,0.13700705766677856,0.1714950686882886
ID_8DF1874F,1,0.9209441997929976,0.8825041651725769,0.8562929506381058
ID_09180935,0,0.5586463794724872,0.6224969029426575,0.6764311593097301
ID_BD21D1E5,1,0.9321005462725608,0.9143079519271851,0.91004213898165
ID_8B51A157,0,0.4123995650986521,0.3421998918056488,0.3558965938289612
ID_07775D4A,0,0.36071916531924714,0.4072902202606201,0.3828347816912369
ID_CA1B8D7C,1,0.9053536488002673,0.9285037517547607,0.9273490193871736
ID_CC57C130,0,0.5907171416211985,0.6167369484901428,0.5308229182305634
ID_87D75A4B,1,0.922773793540699,0.9531521201133728,0.9497969782878252
ID_2E7076DA,1,0.9146448542295315,0.932453989982605,0.9274490355769208
ID_6BD98360,1,0.9002829164884146,0.9260629415512085,0.9086590041444936
ID_547B31AC,1,0.5342593803670566,0.6108219027519226,0.5793526268795893
ID_CD52F47E,1,0.2407403082206486,0.22518707811832428,0.2247231817412116
ID_E013774B,1,0.933196440602252,0.9358304142951965,0.900671539102437
ID_C3F5C111,1,0.93562399147725,0.9309611320495605,0.90832535323539
ID_770B2653,1,0.7644020981735187,0.7676408290863037,0.8574383001842435
ID_0C10E9EE,0,0.39493066830420565,0.35168978571891785,0.3788289114647359
ID_D1A5BBB1,1,0.932288327515087,0.9411757588386536,0.9182898867884968
ID_C29683F3,1,0.9284704548228174,0.9213347434997559,0.912326474428138
ID_4480F5BE,1,0.92020817265595,0.8741433024406433,0.84119207555153
ID_219E3660,0,0.2827878396381164,0.14499501883983612,0.2305279176604296
ID_DD7D91EE,1,0.9282806479568655,0.9530888795852661,0.9412833431120524
ID_9DEEAAB8,0,0.2775302789060454,0.19449865818023682,0.3013088257515072
ID_96FD30C2,1,0.9270503099640557,0.9475967884063721,0.906392702056432
ID_9A5BFC0A,1,0.9183551178722086,0.9266849756240845,0.8982570476818332
ID_7B82601A,0,0.31125086770912563,0.2990891635417938,0.3298203153016241
ID_9B37A06D,1,0.3528232017335128,0.44781067967414856,0.4406435451912502
ID_DB68CB06,1,0.634116242201464,0.6003725528717041,0.6091466612050718
ID_BC65D346,1,0.284770538981558,0.2297622561454773,0.2212997628480065
ID_D508FBD7,1,0.9265253445360777,0.9575188159942627,0.9370732269112652
ID_1012F735,0,0.20914080985877434,0.10029452294111252,0.1930329551800613
ID_C90AFA61,1,0.9145087715555268,0.9090589880943298,0.8962509471169033
ID_8502EAE4,1,0.9243614374266166,0.9295069575309753,0.8808908157463412
ID_F7F39FB1,0,0.8141930447778623,0.721994936466217,0.8508255799871842
ID_5928C7B4,1,0.3969143308378818,0.2972286641597748,0.4064151697241583
ID_732137AC,0,0.3348685980601959,0.2854227125644684,0.2808148189970599
ID_34AE1AD1,0,0.2904769624315609,0.11971008032560349,0.2239619639581052
ID_4E80EB2C,1,0.9281839237940445,0.9527475833892822,0.9411998901523816
ID_867E5D61,1,0.9286683408940133,0.9337209463119507,0.9160164294239864
ID_F7203E94,0,0.3208945880536857,0.3239516019821167,0.3169060981490277
ID_A2DBA17E,1,0.9022722913392277,0.8902567625045776,0.8765102870127517
ID_0118A452,1,0.9346741459816136,0.9332174062728882,0.9399170356936764
ID_C78F5072,0,0.31411262267847967,0.28400835394859314,0.2998277649123902
ID_5CBD23C2,0,0.921102875531726,0.9618846774101257,0.9144766616591902
ID_F75E1F58,0,0.4335180489385049,0.4171878397464752,0.4826998946561233
ID_DD47CE5B,1,0.5825878059890373,0.48425689339637756,0.4838539809039847
ID_06A68CB3,1,0.4022664749133652,0.3371756970882416,0.409079515577658
ID_B90C8DD6,1,0.9313423372138008,0.9727650284767151,0.9426123105713494
ID_B8C89957,1,0.46406436258230077,0.27494069933891296,0.3841674318982157
ID_40B5E25A,0,0.3585039826483831,0.3640457093715668,0.3444160524325221
ID_9491006A,1,0.9313300126118803,0.9561014771461487,0.9227664414817692
ID_F4CA0798,1,0.554507912029245,0.6041810512542725,0.6145498027638369
ID_F7FAA735,0,0.29329657398374476,0.3559339940547943,0.3064349608805754
ID_2451B278,1,0.5039064838513395,0.5574337244033813,0.4826707590147416
ID_EAAB5465,1,0.4041537813572374,0.5327625274658203,0.4617385260883553
ID_25DA7850,1,0.8743841109950419,0.8513578772544861,0.8782203171094023
ID_1DE09B87,1,0.8963468328929937,0.955069899559021,0.9410206235510106
ID_E00ADBE9,1,0.8463626328419007,0.858791172504425,0.8779694235705947
ID_8834257B,0,0.4173505751390888,0.3675898313522339,0.3264495543733524
ID_1AA3EB26,1,0.9073799388858055,0.8984805345535278,0.9068574595836598
ID_5F15D93C,1,0.535917090835156,0.4233788847923279,0.4749866325918542
ID_9BA0A316,0,0.23014353726426084,0.2272416204214096,0.3623266586453703
ID_C77B61EB,0,0.8492950590395677,0.7518421411514282,0.8940354324358957
ID_D0602FFE,1,0.9233146784224426,0.8645419478416443,0.8843176374442306
ID_68427136,1,0.9243658484639442,0.9160665273666382,0.8973586042526192
ID_5A530A76,1,0.9242888188021391,0.9075003862380981,0.9172888566726524
ID_EC34530B,0,0.4283400607523482,0.36822637915611267,0.4431302385111512
ID_453558CD,0,0.33183973345326095,0.33803898096084595,0.4389784070157267
ID_592C41F0,0,0.22571495085987486,0.15830445289611816,0.2355757278788177
ID_D16695AF,1,0.9318938386586727,0.9111693501472473,0.9187883689079732
ID_D9C4DE5D,0,0.6266136462861561,0.46589016914367676,0.5491315340532748
ID_C924AF40,1,0.9277542786516367,0.9385426640510559,0.9295762369629972
ID_9ECA05DE,1,0.2845001481746942,0.3405400812625885,0.4222942155600522
ID_3047340B,0,0.21611634136475955,0.18585237860679626,0.2633489118444544
ID_C2B3EBE9,0,0.23414432644981278,0.13137860596179962,0.1903466189698226
ID_A02A1F3A,1,0.9319153823239499,0.9535692930221558,0.9555163576190208
ID_741B1698,0,0.2261777839429964,0.15363337099552155,0.2309141182518652
ID_527CDABB,0,0.2676755110522102,0.15212559700012207,0.2070979239900596
ID_7650545F,1,0.9089728714754527,0.8991907238960266,0.8829207290099667
ID_C54D4BB3,0,0.5413942303336273,0.5670602917671204,0.4993467191799459
ID_D962B5C8,1,0.5137860893880584,0.7399154305458069,0.5796698535992569
ID_7C3CE296,1,0.26734483646097623,0.3128754794597626,0.2894955627667914
ID_59584DE2,0,0.40837001651577814,0.5028562545776367,0.4400684340298631
ID_F0870057,1,0.932288327515087,0.9828996062278748,0.9645186078142076
ID_5B44BC62,1,0.9343515405485566,0.9296212196350098,0.9257264339638815
ID_D444F49E,0,0.3401941133275376,0.35807791352272034,0.3959971242395391
ID_62984E70,1,0.20501801355689284,0.12671948969364166,0.2278191328520877
ID_81CB1E53,1,0.9204263660003007,0.9247922897338867,0.9154762494269196
ID_6947EBF8,0,0.401453967370181,0.2985953092575073,0.3453353609240827
ID_6C02E366,0,0.3820310169869883,0.2338533103466034,0.3677444643318745
ID_E9B175B8,0,0.4669051054048149,0.5479496121406555,0.5433564087567687
ID_1172845D,0,0.2212836307847352,0.25480717420578003,0.2784055181562628
ID_7D62C7B4,1,0.927070222795973,0.9250498414039612,0.9218326271035716
ID_7EE083F6,1,0.8113364391151294,0.7251757383346558,0.8169624845637482
ID_F87D7A5E,1,0.9280358526157142,0.9233229756355286,0.9425337555153576
ID_E5CF226B,1,0.9285424225823842,0.976742684841156,0.9477339558278164
ID_B88A687B,0,0.3970612789350975,0.4095025360584259,0.4960860858321826
ID_F6B42C69,1,0.9204037811956223,0.9040690660476685,0.8772707644972548
ID_8D3BE249,0,0.20936664613117822,0.1915612816810608,0.279124587237147
ID_EFEEE4DC,1,0.21780389818113502,0.18322090804576874,0.2282971862553564
ID_57696C66,1,0.932288327515087,0.9674098491668701,0.9547853482859018
ID_2E1F1356,0,0.47304894624023297,0.49409258365631104,0.5005492785396187
ID_097A1AE2,0,0.2928184364825363,0.40379562973976135,0.3820897180987685
ID_0E52A980,1,0.9336811794469186,0.9427460432052612,0.9296244199736556
ID_6D8BD6F9,0,0.35799876558279736,0.22765564918518066,0.3204355961163262
ID_6822636C,1,0.8907320162667243,0.8995907306671143,0.8694180523203914
ID_D92D8920,1,0.5091804038151142,0.5433608293533325,0.545691317481193
ID_8E013E3B,1,0.9318315915649269,0.9264687895774841,0.9133180588387936
ID_4D25DBA0,0,0.5138509404910356,0.5119724273681641,0.5368789091124211
ID_281CBEE4,1,0.9163851372287813,0.927065908908844,0.9400495772280402
ID_5F02F43C,1,0.9287400056747052,0.8918503522872925,0.923038253933696
ID_B0BCB7BB,0,0.3703635859401912,0.27391356229782104,0.3669527409438121
ID_4141AE14,0,0.18339021316784956,0.147177055478096,0.2092448310345495
ID_9DC403DD,1,0.4884764056008727,0.41046077013015747,0.4412003105911825
ID_E7C95AE3,1,0.9042173986050072,0.8856961727142334,0.905190444881954
ID_10111648,0,0.2436070329119726,0.12754319608211517,0.1891203169582237
ID_FE0E817A,0,0.2574292204970076,0.14248867332935333,0.2520604901315791
ID_6829EABA,0,0.9311375873164464,0.9653671383857727,0.946642749753675
ID_406485D0,1,0.9173845100821648,0.8898217082023621,0.9081163564155608
ID_06CCC654,0,0.2423196399468055,0.22955872118473053,0.3083681452109477
ID_3EAC5DE5,0,0.28815831334718384,0.2838408052921295,0.2820721985556736
ID_B1536921,1,0.9319045805559748,0.9467774033546448,0.9258714551278484
ID_7A756030,1,0.5083814034225623,0.6302247047424316,0.5968221736643899
ID_8FD16DDB,1,0.760943934354639,0.754667341709137,0.6933285743655148
ID_50634530,1,0.9166939335957374,0.9492567777633667,0.9219244494212506
ID_C491D9F1,0,0.6889635656298028,0.7579807639122009,0.6837187420621599
ID_2688A993,1,0.5876506317159415,0.636513888835907,0.5971904482360829
ID_23A79DEE,1,0.9286533521959497,0.9724063277244568,0.965091722302643
ID_DEC5EF45,1,0.6298800040226523,0.7266370058059692,0.746655041284627
ID_368F78F4,1,0.6483600260937166,0.7201635241508484,0.7053922589799523
ID_B47BF9A4,1,0.7179700224847589,0.821169376373291,0.8580271994625158
ID_6BF13F5C,0,0.3359311994070826,0.3942485749721527,0.4724628988824489
ID_58405619,1,0.9138999857304769,0.968154788017273,0.9401732590048496
ID_8CF66F56,0,0.3456384171914172,0.3150958716869354,0.2975660001636572
ID_5E690A23,1,0.9284596322451115,0.9653849005699158,0.9403686847288218
ID_A02DD622,0,0.4162706206315877,0.44945260882377625,0.4067050933182626
ID_C34FF5E0,1,0.7600040511444061,0.7071971893310547,0.7122781725818697
ID_FA0CBB3A,1,0.9262496534099018,0.9631784558296204,0.9517833109366288
ID_BE0F5056,1,0.8696618994462758,0.9365529417991638,0.9295820851507032
ID_46D3DFA5,0,0.4184375098580384,0.3984064757823944,0.4106564951417298
ID_C8E68EA5,1,0.9265917673397431,0.946912407875061,0.9486419191954324
ID_8DF439BD,0,0.33576916103262094,0.2590571641921997,0.3215153577363054
ID_0009323C,1,0.9367900051308795,0.9648153185844421,0.9463714682076472
ID_737AD764,1,0.5964733549148314,0.7132900953292847,0.6647977208529269
ID_8B627B00,1,0.9480339153052085,0.9678564071655273,0.9576266702677576
ID_42D7085C,0,0.42673341296848977,0.31548431515693665,0.4338543754660429
ID_01DE75FD,1,0.4946697667899565,0.663581907749176,0.5529597300952471
ID_546749E5,0,0.601166137297061,0.6453852653503418,0.6402380846970469
ID_FBC1EA2E,1,0.9439064943600348,0.9704078435897827,0.949370578147544
ID_A0E915D6,0,0.2976518276364057,0.4322088658809662,0.4429467954968091
ID_F26D2407,1,0.49702904459691116,0.555282473564148,0.6103596842360741
ID_EE8368FB,0,0.27941022582202857,0.3858945369720459,0.252408203592715
ID_1715891F,0,0.3559607717251503,0.4797062575817108,0.3404347946932621
ID_E7333459,1,0.9245472890259507,0.964806854724884,0.9586045199315698
ID_B2E187EC,1,0.9236267476642319,0.970848560333252,0.9615484493945636
ID_3A306020,1,0.9430292920528416,0.9743982553482056,0.9592955308075768
ID_9079C0AB,1,0.4325116907282219,0.508137583732605,0.6029914871436155
ID_C385F772,1,0.9334507718266454,0.9670392274856567,0.9481352940822448
ID_BEF72188,1,0.2581003513964087,0.36132481694221497,0.2283942769954616
ID_6F49C9B1,1,0.7925075607239553,0.85357666015625,0.8853513249836129
ID_1910F18E,0,0.2523466872302694,0.2986323833465576,0.3160745023131775
ID_97C88931,1,0.9317215600017247,0.9655959606170654,0.9287401335922968
ID_B8F65EC8,1,0.9266978674670185,0.9672252535820007,0.960955276158167
ID_8192ADCA,0,0.24231155256936018,0.24709352850914001,0.2681173553225524
ID_103D10E4,1,0.9124287510822442,0.9585483074188232,0.9343006928435336
ID_151B779C,1,0.9419458408952549,0.9360920190811157,0.9497338977796386
ID_F585EBC5,1,0.32220918077590643,0.4659688472747803,0.3996536824560995
ID_005F20F3,1,0.9427377738427453,0.9661494493484497,0.95798687752406
ID_7F16EFCB,0,0.4989393708767667,0.5714632272720337,0.5425007440641008
ID_BEA23452,0,0.5184796898149482,0.2990559935569763,0.3851428603687501
ID_DAA90AF9,1,0.4772377611606243,0.6393588185310364,0.5567908566632254
ID_4E4A0566,0,0.7083440523883879,0.7319157719612122,0.7239313387223245
ID_621DBB39,1,0.33420290806516795,0.37460434436798096,0.4388639506633999
ID_8B3C693D,1,0.3256817304979252,0.3736904561519623,0.3289123445071805
ID_F1274E1C,1,0.9325172818707744,0.951017439365387,0.9384737616182136
ID_53AE93A2,1,0.9048297081291959,0.9579832553863525,0.941550368537704
ID_C4DD14EB,1,0.9077525569487059,0.9547260403633118,0.9312352673576164
ID_F5A8CBBF,1,0.6107605685346776,0.572045087814331,0.5884072736386531
ID_5C5EC039,1,0.4715861367110613,0.4569796919822693,0.5827694954474337
ID_67B8640A,1,0.46997537247442117,0.6085869669914246,0.5258452370611447
ID_246D5AC6,0,0.3506424064112481,0.36236336827278137,0.3626156563563816
ID_005A5FF2,1,0.5962375472651058,0.5682100653648376,0.5225629024227658
ID_F80930B1,0,0.4711249864513862,0.47822117805480957,0.5663039068796221
ID_285E2CD4,0,0.5013279339704331,0.5459120869636536,0.5117742907250591
ID_46C72335,1,0.9303390234238624,0.9309985637664795,0.9302466386121288
ID_E65ABD00,0,0.3662149613519861,0.23794426023960114,0.2625686651698685
ID_5EB616C0,1,0.2847855297996547,0.2667553722858429,0.2472965991584596
ID_C9729349,1,0.9474902102882824,0.9673943519592285,0.949452960187899
ID_F0F70F41,1,0.5891646306642506,0.5454708337783813,0.5809714929505464
ID_A733F687,1,0.620864893612419,0.6288994550704956,0.6028470972706111
ID_3D231180,1,0.937574596209677,0.9518131017684937,0.9278875783485068
ID_70FFDEEB,0,0.6761534759997561,0.8280409574508667,0.8008952351490413
ID_DF57913A,1,0.9274432537495308,0.9089711904525757,0.9306943198958708
ID_DC1ADFB2,1,0.3458934732991378,0.313362717628479,0.2756238594440768
ID_5614C35C,0,0.6590969188527388,0.6919918060302734,0.6668043974356307
ID_B3BCA915,1,0.640757249668796,0.6821529865264893,0.6463014857290545
ID_1F36D5A0,1,0.9378468957529559,0.9652034044265747,0.942440900439682
ID_BA4B647F,1,0.938101448438126,0.9681224822998047,0.941463638214978
ID_3821A620,0,0.23943486552223853,0.3555937111377716,0.3070415004576078
ID_605D92FA,1,0.5166256529589947,0.5351682901382446,0.4975985910387563
ID_5BAA7B65,1,0.522891036873321,0.6156221628189087,0.5273965078498554
ID_809126E1,1,0.848778819335982,0.9032865166664124,0.9266514484231196
ID_4AA2BD96,1,0.4200764707381159,0.5248623490333557,0.4975954158839014
ID_F193CC05,1,0.936308552909043,0.9411740303039551,0.9220299030978636
ID_211A68DA,0,0.19292611284044817,0.1430882215499878,0.2221353379186523
ID_6AB9BFA2,0,0.674531072323594,0.7964802384376526,0.7686675113313156
ID_CC0E6AF8,1,0.9319876757821376,0.8848652839660645,0.9181222236162542
ID_1D805FA7,1,0.932288327515087,0.9647495150566101,0.9424091560950948
ID_5CD12B20,0,0.4103408690928026,0.27021968364715576,0.3234692544740088
ID_D8E53B09,0,0.41370002073817935,0.5070160627365112,0.5528727454012674
ID_B84EA7D2,1,0.30035938599576123,0.2741968333721161,0.2752059034651688
ID_E6AC9C0D,0,0.29416308046518086,0.27892306447029114,0.2818210274304736
ID_2B828500,1,0.9349452382666087,0.9536973834037781,0.936524803560705
ID_58BD8D2E,1,0.9211788159069155,0.9459158778190613,0.9423494572138434
ID_176B62BE,0,0.24481415527681522,0.3402346670627594,0.2838312413704084
ID_9939A707,1,0.2729644895219905,0.2533399760723114,0.3829153803145962
ID_B06A50A0,0,0.3676457031864987,0.22709152102470398,0.2769437904263381
ID_B5DC0DD8,1,0.5829601086712505,0.552629292011261,0.5310195249316291
ID_D278F527,0,0.2589068511128284,0.41424915194511414,0.3293331708372964
ID_F3E76501,1,0.5066505596472587,0.4958779215812683,0.5592058554909247
ID_DEE14400,1,0.8947490541621957,0.9013926386833191,0.92430040471859
ID_7F08AB52,1,0.9317826934615849,0.9239228963851929,0.9284944872885316
ID_87EE7923,1,0.9378962929285612,0.9399970769882202,0.923432394831881
ID_0FAD9133,1,0.9360655749653342,0.9497815370559692,0.9346857877559904
ID_BF50EE64,1,0.265104668102862,0.31249842047691345,0.2860987450280924
ID_FE685384,1,0.9279311573148141,0.9647367596626282,0.9335251880801926
ID_D95DE758,1,0.7964655597424783,0.8335075378417969,0.859935861119834
ID_3F6EC28D,0,0.2720737195890011,0.3129810392856598,0.2739812898194371
ID_FF42A4AA,1,0.9429231995336842,0.9536593556404114,0.916066956979724
ID_987EA733,1,0.9411439914478996,0.9509336352348328,0.9261111818085268
ID_587A0D3B,0,0.934177175260254,0.9453502297401428,0.9163577875731048
ID_48CC1A22,1,0.9306707816532128,0.9422467350959778,0.934542838654114
ID_03194293,1,0.46331483422994313,0.4689945876598358,0.5385263371144179
ID_7EAF6A8B,1,0.2588589580922606,0.2998584508895874,0.3210375484578611
ID_5BE27F5D,1,0.4374019645343572,0.6082345247268677,0.4808047824705413
ID_90999D74,0,0.46001825299891114,0.5115379095077515,0.446280338261829
ID_299AE6D5,1,0.9248018924326653,0.9021339416503906,0.8834043655307057
ID_1583FB56,0,0.32628986920320907,0.28676626086235046,0.3424502837167683
ID_340A2DFC,1,0.832821536041062,0.834831714630127,0.8897232904280594
ID_D7DF694F,1,0.9316695156944804,0.9708220362663269,0.94509936572432
ID_AB1E69C3,1,0.9318717372552753,0.9689419269561768,0.9381663412103302
ID_0DD966B7,1,0.9388767763181546,0.9562103748321533,0.9200606389282296
ID_0E46BA5B,1,0.293364024946416,0.25182780623435974,0.2522843576412265
ID_1A820B9C,1,0.47522364136672834,0.34068813920021057,0.37922678803761
ID_E77D1E93,1,0.9351780998834901,0.9550924897193909,0.9193037411214436
ID_18C54303,1,0.9363789394086047,0.9559036493301392,0.9403500676300957
ID_6D8F5F51,0,0.37089050370221316,0.35913366079330444,0.4035531326856317
ID_C556E881,1,0.9163233013924504,0.9481295943260193,0.920383916284433
ID_FDFD742B,1,0.9303394747320451,0.9430562853813171,0.9033287863200582
ID_48C09B78,0,0.42455279542185836,0.4776386320590973,0.4850439760323649
ID_3B42F325,1,0.9290704828842614,0.9614453911781311,0.9130426486006836
ID_11E5536C,1,0.9332015937821312,0.946876049041748,0.9492211535428642
ID_04833010,1,0.9310389645206013,0.9616220593452454,0.9165293217242744
ID_B17A66FD,0,0.2912846945675855,0.19601793587207794,0.252034806192256
ID_46AB13B6,0,0.21954426176374278,0.15168572962284088,0.2055817455372416
ID_E6EADAB7,1,0.9325772794206028,0.9226492643356323,0.9164651400175824
ID_96B717BC,0,0.44812517203443597,0.382744699716568,0.487108357356343
ID_CBAE2C77,1,0.3118175978603747,0.25170743465423584,0.2670662172076326
ID_3DAE504C,1,0.25637874230980506,0.2059718519449234,0.226277214036942
ID_D895BE10,1,0.9137467379562111,0.9275448322296143,0.8973621603315703
ID_B29E42E1,1,0.9156494102394042,0.8822814226150513,0.9012018154767404
ID_11D39E35,0,0.27296674492189804,0.17593739926815033,0.2420341721441195
ID_069F26D5,1,0.9217268047622625,0.904543399810791,0.8995828490784511
ID_A35ADB65,0,0.34939762271156377,0.325470894575119,0.4889835360291921
ID_60D6F4DA,1,0.9202258813433938,0.8344114422798157,0.8730794998039633
ID_C99B128E,0,0.27301790888785193,0.22569693624973297,0.3074551619181866
ID_0F2D3F4B,1,0.9233287665232224,0.9624056816101074,0.940938551670609
ID_1C8B7B4D,0,0.2384268925118568,0.13539455831050873,0.1983921480073072
ID_3624194B,1,0.9218484555118581,0.9216051697731018,0.891825665086449
ID_31328AA4,0,0.47165299853978543,0.400771826505661,0.5588770421454438
ID_46EEDAA1,0,0.5073763879606621,0.4839615523815155,0.4959428346725673
ID_177C2FC0,1,0.21665292909763856,0.20104804635047913,0.1923778910691791
ID_59C031E8,0,0.2932181350196316,0.2501815855503082,0.3294209592753468
ID_6F15DC28,0,0.3237252163472995,0.33384570479393005,0.3361726832419592
ID_1706FB5A,1,0.19794765440166623,0.1374746412038803,0.1872929419423207
ID_45DE8B65,0,0.3920238723935122,0.2934342920780182,0.3417207604186168
ID_C1F2FFA0,1,0.9351685562964955,0.935045599937439,0.864151408570255
ID_30A5B5E8,1,0.9305575935972815,0.945147693157196,0.9477987716598952
ID_DFB55110,0,0.8664669752927213,0.8976150155067444,0.8868106174746319
ID_59DF0128,0,0.27336231740380507,0.35843318700790405,0.3076912450078934
ID_8BA95961,1,0.286932155966086,0.19956791400909424,0.2644662100101663
ID_29CDFD86,1,0.25476898948542087,0.32365724444389343,0.3022033020815102
ID_8125F79E,1,0.9281236118242997,0.9619114995002747,0.934405238200122
ID_749555CB,1,0.9222599222045793,0.9374902844429016,0.898680877536639
ID_D810C59C,1,0.9212087193054211,0.8902178406715393,0.8820474692793461
ID_CF62CDB1,1,0.9252685818230314,0.8853669762611389,0.90150867799481
ID_7DE6DBD0,0,0.274158169116729,0.3203578591346741,0.2826653349621791
ID_A7C01623,1,0.9336473538972805,0.9472729563713074,0.9362924071757982
ID_810ADD10,1,0.9415766150831666,0.9468822479248047,0.9274997541973136
ID_B5375DBA,1,0.8255991306392026,0.8311364054679871,0.8474261555855248
ID_E0871C33,1,0.923770263080354,0.930145800113678,0.9240889025428454
ID_B985F692,0,0.2856945161303634,0.4872180223464966,0.3445954648207931
ID_D457BAFC,1,0.8945563847577878,0.9589771032333374,0.8934043652425461
ID_2A71E91F,0,0.26267064402852536,0.21225596964359283,0.199684961100192
ID_639D6F87,0,0.5973251854386024,0.5808157324790955,0.5545905834668285
ID_47344E69,1,0.9285196944266785,0.9471133947372437,0.9455261996832904
ID_E8D5D768,1,0.9285196944266785,0.9551180601119995,0.9546423763824408
ID_250EF6C6,1,0.9283122633935654,0.9637100100517273,0.9464518998968428
ID_912985B4,1,0.9358672515446341,0.9554492831230164,0.9342171896557364
ID_890FF2E2,1,0.9347862255544849,0.9516721963882446,0.9217484349062512
ID_1BD27051,1,0.9357342134091561,0.9501031637191772,0.9180471772007248
ID_618C40C9,1,0.4607031272390568,0.5425835847854614,0.4440080411486974
ID_629B9A8C,0,0.5365139981973683,0.5677993893623352,0.481161915346101
ID_96161EC3,1,0.2883243817748719,0.25014033913612366,0.2479712433578774
ID_0D38946D,1,0.24579208443596412,0.20899918675422668,0.2603155985306328
ID_015BCEE9,1,0.9320603723320352,0.918948233127594,0.9292114994155282
ID_1ECC5B8C,1,0.8947506960421916,0.8135995864868164,0.8977730252832253
ID_DB39E331,0,0.3125495591208039,0.2673349678516388,0.3014155257486033
ID_6644262A,0,0.2741587010813579,0.19081653654575348,0.2132065388183043
ID_E46E3036,1,0.9370105084881639,0.9277404546737671,0.9074805486898556
ID_5C5C2FAB,0,0.33785550009718,0.22799712419509888,0.3677541257790769
ID_4737522B,1,0.8391159192862406,0.8149938583374023,0.8775405593617187
ID_698C9CA9,1,0.9123603826731271,0.936311662197113,0.9214245372653496
ID_CF6DC307,1,0.9306924322031129,0.9342475533485413,0.9129311856357144
ID_4A143847,0,0.5498369047880131,0.5853447318077087,0.6530135491940223
ID_67CB80BD,1,0.9238693652554834,0.9101316928863525,0.8619188193698666
ID_BE5B127B,1,0.4322565300871184,0.5060314536094666,0.502593121876759
ID_91A48F42,1,0.9371684661862465,0.958389163017273,0.9205451605560376
ID_7527318A,1,0.26620441577861875,0.2815331816673279,0.259059601122648
ID_27BA56AF,0,0.5154390417602531,0.5442500710487366,0.5607187307880749
ID_5E74D85C,0,0.46965811589869094,0.3542087972164154,0.353534835835904
ID_5C436CC2,1,0.6234232296633071,0.5483713150024414,0.7759066876223519
ID_3F7BF32A,1,0.9223413713283857,0.9723464846611023,0.9620960137737172
ID_A6106788,1,0.9345667417058311,0.9533863067626953,0.9135987666609826
ID_1D2A3894,1,0.919667864083556,0.9668379426002502,0.9588445323389596
ID_0E339616,1,0.9357484316064126,0.9552287459373474,0.9404311163106666
ID_80A1E360,0,0.5876083137701497,0.6095348000526428,0.7057304824537597
ID_4F9EA0B1,1,0.914367770231191,0.9706124067306519,0.9556903060017838
ID_85E4E044,1,0.26670689038315776,0.2988680601119995,0.2294167100622141
ID_94E5A4F2,0,0.2522845151307295,0.22021597623825073,0.3182065200879515
ID_C3B8C432,1,0.9193007064978161,0.9309952855110168,0.9428484536026084
ID_35DED30B,1,0.9215045734379864,0.9550341963768005,0.951513610171928
ID_8B490047,1,0.39764536304084785,0.29622960090637207,0.3917565199079504
ID_060EDEFA,1,0.8548411998368037,0.9330955147743225,0.9499960445582014
ID_47E16FC8,0,0.25431520468571756,0.14342162013053894,0.1402393279087105
ID_B252C0B1,1,0.79103956721145,0.8298677802085876,0.8999019365956977
ID_3314A937,0,0.4867185359826393,0.43305519223213196,0.5972290654374135
ID_DE155501,1,0.9473250550221026,0.9457635879516602,0.9504544615064612
ID_2434410E,0,0.2734650377034954,0.18266908824443817,0.2603496003739738
ID_CE88A389,0,0.24442040796434128,0.12686359882354736,0.1567942075522223
ID_4DB1F270,1,0.18970506867786485,0.08706879615783691,0.0816271399356965
ID_2686AE59,0,0.20798114154996936,0.15953360497951508,0.2022015391074813
ID_21946D58,0,0.2491290128194933,0.12033542990684509,0.1195691842565592
ID_14AE7A83,1,0.9338692264496837,0.9412164688110352,0.9496806153787712
ID_8056583D,0,0.44970670210273894,0.4537259638309479,0.4486273981659457
ID_3F33B6B7,0,0.40177480018250483,0.23848405480384827,0.2551329390002601
ID_D17F7BF6,0,0.470282206938689,0.30966535210609436,0.3361642331430317
ID_B9F88959,1,0.9336403735802972,0.950613260269165,0.9483288429972648
ID_13E5355B,0,0.3554673864887236,0.3271476626396179,0.388931648552897
ID_43A1503F,1,0.2428711918529323,0.10429303348064423,0.1082584278646805
ID_928FE6BB,1,0.3214909553283641,0.23813529312610626,0.3120983919310885
ID_F638AFC3,0,0.23868088365980605,0.17826485633850098,0.1606232093553539
ID_68B50E0C,0,0.252987597272717,0.21368549764156342,0.3786165168659143
ID_3E03DDC3,1,0.9167935759355955,0.9331358075141907,0.9401926480791568
ID_0978856F,0,0.24006803249839845,0.1526898741722107,0.1255973027481973
ID_4D12008E,1,0.9106815067873698,0.9420246481895447,0.9446128858793864
ID_3218ACEF,0,0.27038295655602296,0.11490905284881592,0.1396551361269503
ID_76174F48,0,0.2554872095332112,0.09106696397066116,0.1216489611375226
ID_5EC02681,0,0.21043632986145752,0.12112008035182953,0.1493847619402969
ID_E180F18F,0,0.5099637145363615,0.40989381074905396,0.310741671358098
ID_CAB24566,1,0.8940404749182992,0.7859787940979004,0.7533156734840745
ID_2707E8D1,0,0.22309757080380777,0.1452287882566452,0.1133078562471394
ID_09014A49,1,0.881315813161707,0.9346612691879272,0.8715498569269843
ID_63EFC541,0,0.5076387561122006,0.36169520020484924,0.2995696526258254
ID_7CB030AA,0,0.27922279717426446,0.11627216637134552,0.1084870291258306
ID_AD804540,0,0.2033928495587514,0.1319880187511444,0.1793325108189955
ID_0A4006EB,0,0.7281465463102863,0.7592193484306335,0.7790606860561178
ID_A33990FE,0,0.38545224610650153,0.34492579102516174,0.4194741210347551
ID_67F005D5,1,0.9345046257456225,0.8880175352096558,0.8284505554598973
ID_28B1D2BE,1,0.8847228311318578,0.8043779134750366,0.8534834914048485
ID_3B94F958,1,0.41204223944924345,0.5131270289421082,0.4239117777260787
ID_FC381D4E,0,0.33409057741058545,0.3234991133213043,0.3017597566514667
ID_03ECFE35,1,0.44947553700800397,0.40423867106437683,0.4433489033978939
ID_3A03F6E8,0,0.2756438648538823,0.3060651123523712,0.231504258226855
ID_5D950BE1,0,0.9421125594321703,0.9489794373512268,0.9491803908022772
ID_1B37313A,0,0.4071173076093677,0.3592075705528259,0.392115660086989
ID_7E5A62FE,0,0.2385932539733304,0.13091117143630981,0.2619101892937484
ID_1C509F48,0,0.23438609728080975,0.18535985052585602,0.1527985241919995
ID_EE9D9524,0,0.27487905739875107,0.1817881017923355,0.1898604900338726
ID_E003A582,0,0.27512629959023377,0.15990455448627472,0.186757509308859
ID_E5015BA7,0,0.28276415507912694,0.12501932680606842,0.2289080437777769
ID_969A8EAD,1,0.8856469152133359,0.8758487701416016,0.896384316116362
ID_CC8DBB0E,0,0.255954298458394,0.16924242675304413,0.1828642262192845
ID_BCBE1F2F,1,0.4017596332278717,0.3066580891609192,0.4079251820529477
ID_902F5275,1,0.9405880570986325,0.9068160653114319,0.8917318488354293
ID_68666A8B,0,0.9405681759980492,0.916475236415863,0.8807579982842826
ID_8257413E,1,0.8953736167597738,0.9047223329544067,0.9056136895317616
ID_EDAE28D4,1,0.8862394966364634,0.855109691619873,0.8672204683826018
ID_978A3DC9,1,0.8325648874713388,0.8364632725715637,0.9199860983039702
ID_CDA20C89,1,0.9015798423868608,0.8872614502906799,0.8914589569452953
ID_25FE6FA8,1,0.9278470543231148,0.9330564141273499,0.9250367857269516
ID_F44999BA,1,0.8841370344481205,0.9239033460617065,0.9263317151239254
ID_AF1B9BF7,0,0.3271387589333129,0.3078668713569641,0.2768957507780207
ID_509D12A0,1,0.9030669340391991,0.9218343496322632,0.9061506891583152
ID_D78B9FF7,1,0.9280622957064436,0.9395896196365356,0.9326647034743089
ID_45A165B4,0,0.31235250746999854,0.22017309069633484,0.2800900643137631
ID_4B40CA76,1,0.9399033054217454,0.9658724665641785,0.951856845359749
ID_48FED589,1,0.23356142981236924,0.1725500226020813,0.1920953146396316
ID_12AAB290,0,0.46058803193094866,0.5729262232780457,0.5518611824905659
ID_74B314CB,1,0.9271952012477096,0.859247624874115,0.8326522964356795
ID_CDE9D6DD,1,0.9182184915478806,0.821007490158081,0.8053511025792082
ID_C71ED593,0,0.9231913438942512,0.9558022618293762,0.9399995686311317
ID_FAE8F3F8,1,0.8594247121060314,0.8532049059867859,0.881784051647852
ID_A4F913D7,0,0.2515070162351833,0.19365853071212769,0.2083073571251241
ID_2FA9421D,0,0.34834990690958834,0.39451149106025696,0.3925868344600708
ID_AB180C11,1,0.35007538166003255,0.2864176332950592,0.2901427268056692
ID_2E8CDFAC,1,0.9423464160531261,0.9382219910621643,0.9143728875930728
ID_08EB078D,1,0.9335828021861232,0.9302829504013062,0.8705469817216865
ID_78E59B70,1,0.9136733418713385,0.8995448350906372,0.8692348671801023
ID_9D4759C3,1,0.9332197514214231,0.9528471231460571,0.897278647551113
ID_483A072A,0,0.3233769768385912,0.4650869071483612,0.4232134698431016
ID_114F7028,1,0.932431077263366,0.9667527079582214,0.9322183285670794
ID_28C47CC3,1,0.9291469498462234,0.9259850978851318,0.913492231313118
ID_B5632E50,1,0.9143333071247188,0.7968109250068665,0.773750526408608
ID_0FE6DCA2,1,0.9135369127573212,0.9437395334243774,0.9378088770932678
ID_933D1BF8,1,0.9374382383991318,0.9243950843811035,0.8912054233441459
ID_B8682A1B,1,0.34882983970033193,0.40707075595855713,0.4030570321040576
ID_48E85E13,1,0.9357244335302874,0.9504436254501343,0.8970000792592819
ID_B0C2B600,1,0.9377680572281764,0.9446940422058105,0.910265841296704
ID_0ACF3E54,1,0.9339222590027629,0.922122061252594,0.9284449176957932
ID_C5BA8C82,1,0.9443394939505265,0.9313402771949768,0.9277683910276896
ID_53A11E0F,1,0.9352740320149541,0.9469544291496277,0.9408213400715264
ID_EBFDFB7C,0,0.27101249111821923,0.1648212969303131,0.2124425890866222
ID_76A681D0,1,0.9238053723530517,0.9393936991691589,0.9309051572268476
ID_2759B987,1,0.9238053723530517,0.9349765777587891,0.9209683934302136
ID_51B9F674,1,0.27391580860115616,0.27114641666412354,0.2763638830002218
ID_71FDFD84,0,0.2795143835493979,0.21020984649658203,0.2046982105913084
ID_0BD81259,0,0.2500328731927723,0.1916431486606598,0.2323562837765467
ID_AF476A64,1,0.9253143518664696,0.955244243144989,0.9280405784230998
ID_D3B7511B,0,0.29273577086224234,0.19592812657356262,0.2562241583610345
ID_EB2A235E,1,0.904392605544526,0.9374827742576599,0.8978368666962644
ID_DB5BBAEC,1,0.9308080234721591,0.8866528272628784,0.8657869835390168
ID_CAC90D06,1,0.5221197506073664,0.47524508833885193,0.4936478365240214
ID_4AA34D5E,0,0.6288455392159916,0.6522466540336609,0.6918007155690229
ID_3AC58D13,0,0.3009289470662956,0.24715730547904968,0.25082594864399
ID_3E9924AA,1,0.8783056545044372,0.9000963568687439,0.9008319844308972
ID_37DE1628,1,0.9296325836093938,0.9285962581634521,0.9241805847787188
ID_E1CFB842,1,0.9313911501665296,0.900017261505127,0.898856498471936
ID_29F2A03B,0,0.37517189733932055,0.18432305753231049,0.2908093571513543
ID_5EB7F5AB,0,0.8897318664666103,0.9203022122383118,0.887540795940306
ID_4DCADB5F,1,0.9296325836093938,0.9306418895721436,0.9175147504401828
ID_B2A633FF,0,0.3569653031168428,0.19738416373729706,0.2776965307120393
ID_E857637D,1,0.9308688369416777,0.9214773178100586,0.8934829404442653
ID_90A48661,1,0.9097774148543311,0.9048464298248291,0.9063642529080446
ID_D2B3D911,1,0.9097774148543311,0.910417914390564,0.9214784760685164
ID_FE21FEBB,1,0.9292676795397333,0.9315156936645508,0.9223604139175126
ID_F9FFC5D8,1,0.4303700401914886,0.41056522727012634,0.4679521939817754
ID_3D0867D0,1,0.9317269402768396,0.9464499354362488,0.9328709458583088
ID_27F03870,1,0.923117128501307,0.9241147041320801,0.9034020700219328
ID_7D7841CB,1,0.9293662570128756,0.9150987863540649,0.9024558358833428
ID_4D74EAE3,1,0.9060720256254747,0.9004126191139221,0.8878056414262595
ID_0D85DE6F,0,0.745506854673246,0.8617616891860962,0.8982713443023664
ID_6244F7F4,0,0.48947055533085554,0.5028244256973267,0.5123593221657705
ID_CD3345C3,1,0.8951661113003508,0.9364685416221619,0.9296422253866046
ID_5A5A75AB,0,0.41508726296319,0.42443719506263733,0.4383878816505298
ID_15337116,1,0.529399174974294,0.6214050650596619,0.5530744091852268
ID_B59F47AF,1,0.49714332503033615,0.5130258202552795,0.4660687072491062
ID_A3661793,1,0.24658358300160782,0.23512865602970123,0.2681614458663399
ID_4C0C7E38,1,0.9376815568427189,0.9765341281890869,0.9494231679296022
ID_0B877009,1,0.9242590794594244,0.9744471311569214,0.9325492152738976
ID_5273EA5A,0,0.2178706451636874,0.2056567668914795,0.2203841939889389
ID_CE16CE3A,1,0.3111176468514361,0.21905143558979034,0.3620900511037515
ID_E92A8445,1,0.9351399405293463,0.9335017204284668,0.9084269494754136
ID_8EF5DE1E,0,0.22999893839513122,0.1610734462738037,0.2665689516322486
ID_9EC1578F,1,0.926589289623944,0.9225425124168396,0.9127382004864032
ID_B9EC3F3E,1,0.9270427364790366,0.9570199251174927,0.9388785754797448
ID_EAF6A5C2,1,0.9352145934322644,0.9595577120780945,0.9541408055492696
ID_F94DDFEB,1,0.915571342600224,0.9115718007087708,0.8921145146061872
ID_A2CB4773,1,0.268371654619118,0.17047369480133057,0.2077740523841685
ID_F082DF61,1,0.930904084942657,0.9680677652359009,0.96277228057864
ID_E780E795,1,0.7840891998125236,0.8456904292106628,0.8394898549896352
ID_3070F7C7,1,0.9388992418145076,0.942643404006958,0.9277025247898276
ID_8C7B84D8,1,0.9200652993570174,0.9498102068901062,0.9114102201918912
ID_A91486F5,0,0.4006685571646343,0.5400534868240356,0.4569059608817767
ID_88C94449,1,0.932247561875146,0.9501838684082031,0.9267110201146512
ID_7F66F1B4,1,0.9289837360720309,0.9563547372817993,0.924929509825948
ID_320E8AFD,1,0.6929239642171662,0.7534776926040649,0.7696178151098536
ID_C49460D2,1,0.9237734959814653,0.9392962455749512,0.9023492265497108
ID_23C7D986,1,0.9122012805141771,0.9046655297279358,0.9058872691277686
ID_C5328D40,0,0.24660064682382493,0.19443412125110626,0.1535552237072838
ID_08A3DCDE,1,0.9255019151850566,0.9006384611129761,0.8776681997607312
ID_94748462,0,0.2852768231923645,0.16782067716121674,0.1868829225586738
ID_6D7ADA50,0,0.29349726542022364,0.21757744252681732,0.2591712760362704
ID_0EBAAC3D,0,0.2883745926888166,0.3005569577217102,0.2466458561661134
ID_8F13B8DC,1,0.3442549753225018,0.2201794534921646,0.2613579560411274
ID_E80D410D,1,0.4852895624811233,0.32682520151138306,0.2740903525806626
ID_A800E3A7,0,0.2940312493315218,0.28894808888435364,0.2239583199574708
ID_BE4BD1D8,0,0.22915171673121457,0.16451559960842133,0.1712613229331854
ID_24683B74,1,0.9291277936840533,0.9442234039306641,0.8985625286993716
ID_1AD133C0,1,0.9185790070598941,0.9054006934165955,0.8911400749128011
ID_2EDB7019,1,0.9185790070598941,0.9143555760383606,0.8851404234505392
ID_ECA2EA30,0,0.4349091510812508,0.33092668652534485,0.3910004384464209
ID_D14B7E30,1,0.9227506120201363,0.9156478643417358,0.8664719294104051
ID_A14D5C7A,0,0.4520270835831462,0.4202204942703247,0.4661880071274791
ID_7423D512,1,0.9183978532174667,0.8986791372299194,0.8566248037832085
ID_721D8B96,0,0.3987256129848314,0.22878497838974,0.2563991370435217
ID_9A8D5505,1,0.9272282173976493,0.911220371723175,0.8822899730805472
ID_74D5D826,1,0.6470863261731784,0.6411270499229431,0.6364797762749232
ID_29C1A79C,1,0.9216615488638366,0.9395855069160461,0.8473403846831055
ID_586F0EAC,0,0.4007463313428791,0.37286972999572754,0.4317879753031082
ID_F6834934,1,0.4514328136040681,0.16859489679336548,0.2512579557616019
ID_F5A9C66D,0,0.8754239322736128,0.8650822043418884,0.8956327481358092
ID_F196D941,1,0.8984167492713557,0.8591175675392151,0.7861326388217859
ID_CC97150B,1,0.9167247589431713,0.961434006690979,0.9080705239159388
ID_7B72AC38,0,0.5314719999095874,0.6026129722595215,0.4076054986840732
ID_982B7117,0,0.3130629545907423,0.21079842746257782,0.2482654903523975
ID_0CEDF753,0,0.5382341133216475,0.5655050873756409,0.4761796508278588
ID_04B398BE,1,0.8809231758567726,0.9091985821723938,0.8860568220014489
ID_06EDF2C5,1,0.25526768603474514,0.17647868394851685,0.1917161309823722
ID_F1840664,1,0.9077750823818957,0.8879404664039612,0.876937208666461
ID_36DE3A2C,1,0.31040068960379796,0.2584584355354309,0.3556512839302239
ID_78DBC108,1,0.9202068538038786,0.9500522613525391,0.9141947993838532
ID_251C5E7B,1,0.8104612358682823,0.8396068811416626,0.916793295942384
ID_02D6CC7E,0,0.3140641309163668,0.31730806827545166,0.394105558639351
ID_551E9321,1,0.9233464865682272,0.8961644172668457,0.8800389020984329
ID_56697475,0,0.33147654850247815,0.2185659408569336,0.2143334664181616
ID_813690D0,0,0.41308331802710824,0.3866322338581085,0.3269955889933627
ID_689ECC7C,1,0.9162427940466294,0.9391462206840515,0.8564481411188578
ID_DF3F6320,0,0.3606475744598313,0.26510685682296753,0.3316592823857449
ID_0C0AE7CE,0,0.25743188595934,0.11725171655416489,0.2269414212374908
ID_9C913696,0,0.9245022267565037,0.9580129981040955,0.8853437808072024
ID_AE7417E1,1,0.9314604894909511,0.952156662940979,0.9079201802901642
ID_CD7FA1C1,1,0.899619475260919,0.9327540397644043,0.8780572360936761
ID_01E76305,0,0.3288342839524128,0.43985313177108765,0.4170012862292225
ID_8E47FF6A,1,0.9284943843890562,0.9713834524154663,0.9229689819628656
ID_8B413EBD,1,0.9264699447930955,0.963854968547821,0.9149189835362344
ID_AB6170D8,1,0.6591088541703208,0.7029289603233337,0.6185356074064027
ID_E3FB686B,0,0.3774136879213664,0.5149171352386475,0.4137603535385457
ID_DA2BBF85,1,0.26359379838529556,0.2651825547218323,0.2570905448783482
ID_184493DB,1,0.926501456245632,0.9656749963760376,0.936392311818844
ID_EC14393E,1,0.26777820016524245,0.235862597823143,0.300087967199058
ID_9C06393C,1,0.9075604746157127,0.9387981295585632,0.9234889462269456
ID_A29DDA7B,1,0.9252068307368353,0.8819504976272583,0.8688280031866971
ID_8D8353D3,1,0.9181337721641332,0.8986443877220154,0.8732032500840169
ID_514AC75F,0,0.5299685459139886,0.5445131659507751,0.5996123862147755
ID_015F549D,1,0.920583794946441,0.9235219955444336,0.9089404699328298
ID_3CACEE78,1,0.9092739552503982,0.9176915287971497,0.8871599369748379
ID_86207DA4,1,0.9254526024909818,0.8540841937065125,0.8510389213578423
ID_51449CB7,1,0.9283955419151529,0.9055507183074951,0.8793192836890219
ID_D50B6B2E,1,0.23914154958514125,0.16059228777885437,0.2783608830616761
ID_55051F92,0,0.4520111420928552,0.37534311413764954,0.3521917557222435
ID_0BE3C437,1,0.9125960002646303,0.853457510471344,0.8768492174095152
ID_E558DFE4,1,0.8961669560558218,0.9127158522605896,0.8910867956683006
ID_382C2F5C,0,0.2566470976916507,0.10717969387769699,0.2944112214188201
ID_91AA12D2,0,0.6384415576752456,0.38532787561416626,0.6448450021419253
ID_51DDBB72,1,0.9270009354220277,0.8312594294548035,0.7602042174525203
ID_3F62E2B5,0,0.5093829199252576,0.4752049148082733,0.5538843643339232
ID_963FADF1,1,0.7755872368465476,0.6431567072868347,0.7531278172450215
ID_59CA812A,1,0.22804508357273887,0.12653669714927673,0.1642781877313955
ID_BE18B0A3,0,0.33538334627015876,0.3090178668498993,0.3680110294989978
ID_1ED3B847,1,0.9337871361907308,0.913321852684021,0.8312070556465634
ID_04ABE6F4,1,0.39474928868182474,0.4879268407821655,0.4245246383830061
ID_F1965AE8,0,0.5573092514369402,0.5498995184898376,0.5295903318284939
ID_494BC1E1,1,0.9117422097465272,0.8931289315223694,0.830680476389701
ID_2FD16DAF,0,0.2907393362986831,0.1828330010175705,0.2131532198383209
ID_9FE67D22,1,0.917680035407479,0.9480026364326477,0.855552566861666
ID_2E30B2A9,0,0.38299268045672175,0.28867626190185547,0.3299971040081467
ID_7A8F3AB3,0,0.24058686288999034,0.30651918053627014,0.2436057147817082
ID_32052803,1,0.8799974938570262,0.8621033430099487,0.9068934342663012
ID_814C4E11,1,0.6770200214705139,0.5316721200942993,0.600582218324728
ID_50D26CF6,0,0.36103423891372943,0.28451550006866455,0.257050308337543
ID_8D617339,0,0.34010878426210595,0.4867919385433197,0.2732616141215778
ID_D682ADB0,1,0.2394180194729058,0.1271519958972931,0.0744656146878499
ID_C53D1E62,1,0.9330113483714841,0.9606425166130066,0.9283480331172104
ID_6A54156D,0,0.24199823333101525,0.2572234570980072,0.1890437065155013
ID_BE4102C4,0,0.26391197259384425,0.2860242426395416,0.302543596664245
ID_CDBE136A,1,0.9245634163471694,0.8363538384437561,0.8574050415414939
ID_D37DE78E,1,0.3573905321154268,0.23133258521556854,0.2599900298661411
ID_5675D2E5,1,0.9242141230062317,0.9601026773452759,0.9030067223241446
ID_E798FFC6,1,0.6198323858831373,0.6226670145988464,0.7588764012886234
ID_89DCF2A6,1,0.9324917399698556,0.9518646597862244,0.9140844692978762
ID_DFC909C4,1,0.93484187258105,0.960953414440155,0.9110151103884472
ID_F5EA0D82,1,0.939303631044244,0.961062490940094,0.9077497453479214
ID_C0895BEF,1,0.6380780623564533,0.6894705891609192,0.6779513582505707
ID_A93CF7A9,1,0.9027860520954579,0.9567272067070007,0.9052177402052493
ID_8D2A9F7E,1,0.7333561209169391,0.7473039627075195,0.7678283341419175
ID_21B7AFC4,0,0.2802806348912931,0.2118551880121231,0.2127812305155122
ID_7CD335C8,0,0.39591157414775335,0.39576536417007446,0.4476143586677918
ID_BA7F38A2,0,0.271151727664146,0.256287544965744,0.2600594069037905
ID_057EF710,0,0.2895933735732519,0.21664896607398987,0.3450880220814275
ID_89E60B62,1,0.9352732888231219,0.9237121939659119,0.890894277298257
ID_788C81AB,1,0.9401326635709372,0.937554121017456,0.9116253299654736
ID_7609E7D7,0,0.2489871403573329,0.18909147381782532,0.1926317315909904
ID_475EC88A,0,0.22791923585161128,0.2058636099100113,0.1899828353160603
ID_B8E08E9F,1,0.273035451142224,0.22366267442703247,0.3037108124858276
ID_25DE439A,1,0.5493132294216607,0.42387935519218445,0.4158094786130853
ID_EEEAA445,0,0.3040718183563768,0.28230178356170654,0.2905837415708123
ID_431DE1CE,1,0.9348077910811934,0.9135372638702393,0.9273058823540522
ID_FBD641A2,0,0.6156905746134884,0.710623025894165,0.6894438855446816
ID_1904729E,0,0.3581678100897784,0.24198506772518158,0.2023955348964578
ID_B396AA70,0,0.49250213001533966,0.4834022521972656,0.4773201514450524
ID_704B6C40,1,0.5094526777461109,0.5936999320983887,0.5590542081425082
ID_B231F7AE,1,0.5577424503589384,0.4811078608036041,0.6546833433846533
ID_F8720ED9,0,0.3157688957540429,0.3149169087409973,0.3644873269881963
ID_AA56284A,1,0.9106998556968754,0.9300126433372498,0.9287894013562096
ID_E1C353D4,1,0.931313121082942,0.9544417858123779,0.9264726129073866
ID_A08C5A99,1,0.4505456131653064,0.4118511974811554,0.5319061578632159
ID_D7CB4754,1,0.9076034664706503,0.9517658352851868,0.9226166103348956
ID_7BA0854E,1,0.8819103753857395,0.8766658902168274,0.8577605614107083
ID_7A630F32,0,0.3700921416374612,0.2799520194530487,0.2814935002061687
ID_F61F3F82,1,0.9117705017534454,0.9242229461669922,0.8608869898520621
ID_6DF24565,0,0.36848006821536466,0.30642080307006836,0.2890821700767916
ID_F1390B77,1,0.4967833826098394,0.4577745199203491,0.4541441827307951
ID_61036D59,1,0.44724491451779386,0.4058944582939148,0.4704395054087242
ID_7CC99AF3,1,0.8917423140766019,0.943866491317749,0.906630186831584
ID_56F7E329,1,0.7753280240997703,0.8649447560310364,0.8807650077445057
ID_841CC4ED,1,0.92491217252746,0.9413207173347473,0.9064140254636864
ID_0E488C85,0,0.285962378392462,0.3109228312969208,0.2849485586556703
ID_85D74861,1,0.9119358129518635,0.9043661952018738,0.8402684150190993
ID_C484F061,1,0.2698243209860751,0.22395004332065582,0.1979960145753665
ID_8D032499,1,0.9260159659293501,0.950599730014801,0.9139746918365472
ID_E6073624,1,0.9093957829596656,0.9353487491607666,0.9007215498301926
ID_FB2BFE29,0,0.3916673623784739,0.38674846291542053,0.4030168806856848
ID_996F454F,0,0.37665144962788594,0.3642760217189789,0.3613493238231303
ID_A7BC3143,1,0.6768143752684759,0.5971434712409973,0.5947817105787008
ID_2E720CAF,0,0.2893173957086359,0.3297315239906311,0.3383196396584076
ID_5BEE8E34,1,0.25481942780283545,0.25446397066116333,0.2404011578552853
ID_2B619A78,1,0.5049800192413345,0.3821398913860321,0.4363117029634127
ID_2EF4E9CE,1,0.32407479910545123,0.37455618381500244,0.4560453012190536
ID_25F59269,1,0.9180193387245206,0.9102756381034851,0.8860314857170283
ID_4DE9EB83,0,0.2598295878572079,0.23952710628509521,0.2548773939102181
ID_0CE8334B,1,0.9180193387245206,0.9173470735549927,0.9012885813756052
ID_A05B6BA8,0,0.43058940615770064,0.4578006863594055,0.4492806858132959
ID_65D89C82,0,0.399202835242384,0.504291296005249,0.4815346105727319
ID_A64F11E1,1,0.8309334248083479,0.8162554502487183,0.793755004009568
ID_927B0B3C,1,0.4309117402847038,0.4683378040790558,0.3965895700319037
ID_C4C20BBF,1,0.9202487480544957,0.8902242183685303,0.8817587031305893
ID_BADA53F3,1,0.9086147234980912,0.861608624458313,0.8927482963262869
ID_89FF66E4,1,0.9194679192885058,0.8454588651657104,0.86737719076889
ID_A7704533,0,0.2875916722183991,0.3695884346961975,0.2796926519136415
ID_EA670B5B,0,0.23382030333113538,0.26896050572395325,0.3465626173661653
ID_95186CB7,1,0.9268395389901546,0.919217586517334,0.8562185994425244
ID_2EFDD533,1,0.9321274513884215,0.8908052444458008,0.8879024610235512
ID_D0045E86,0,0.19036668806413384,0.17058171331882477,0.2236533074792766
ID_D03AFE42,0,0.32990660167538627,0.3519968092441559,0.4436782988730704
ID_73262FE9,0,0.3527559871147258,0.43706896901130676,0.4205218107333524
ID_0BE3EE37,1,0.9220784371478458,0.8741336464881897,0.8991051857582895
ID_1A360F45,0,0.3071907962756791,0.2685248851776123,0.3965682947524483
ID_C2B58DF5,0,0.18276012443149348,0.1771426945924759,0.2248543670250565
ID_85618BF2,1,0.9230254409687391,0.9197670817375183,0.8778796774994009
ID_0FAE3AD6,0,0.4984262758213457,0.45802414417266846,0.4302799424881002
ID_0508C8CD,1,0.5111147037548162,0.4544926583766937,0.5407810617370802
ID_A5EA4783,0,0.5242767558210877,0.5816648602485657,0.5513820085353313
ID_9BAA8CE8,1,0.6385167240036635,0.5536409616470337,0.5865474173359417
ID_4DCBF175,1,0.9284905159828802,0.9231104254722595,0.9013695334338248
ID_9CE7B358,1,0.4080283396879446,0.4033597409725189,0.4299826784416187
ID_6B476CAC,1,0.9307311086521399,0.964725911617279,0.9344050885362972
ID_7C9B14D5,1,0.9325982727016423,0.9319360256195068,0.9194692299730608
ID_A5820EB3,0,0.2574708676507352,0.12541119754314423,0.1900868273878987
ID_DD478297,0,0.2989842515437468,0.13603723049163818,0.2213633214922918
ID_10CEB0B6,0,0.34011772812528507,0.2287573516368866,0.2882423329485627
ID_E3A61030,1,0.9318109860688504,0.9736985564231873,0.9321846221028596
ID_1A33FE2A,1,0.9303767327499808,0.9684408903121948,0.920034511538796
ID_0D607AA8,1,0.549421510975367,0.5552307963371277,0.5699973096829405
ID_0D3D44C4,0,0.9246286464862069,0.9736515879631042,0.9389269872569984
ID_2D947422,0,0.47138698714630634,0.5325678586959839,0.4662401940106755
ID_6D5FA144,1,0.9224619035196754,0.8909460306167603,0.8736903402705248
ID_B176021A,0,0.5266362841984502,0.5460448265075684,0.4475307167057403
ID_D309FF51,1,0.9356752560408684,0.9275688529014587,0.9001822700440743
ID_2BFFA669,1,0.9356752560408684,0.9084556102752686,0.8694129349967515
ID_F0CD7E98,1,0.6914672405261526,0.7274428009986877,0.8134242394080236
ID_3D0A0178,0,0.2357138483484116,0.22065004706382751,0.1873697035341627
ID_8ADE11DD,1,0.9314409221759445,0.9165204167366028,0.8997016680854919
ID_79393E0D,0,0.2962797795206763,0.27413448691368103,0.3255074677885326
ID_77402B4B,1,0.93426249222356,0.9651423692703247,0.9243077822208648
ID_92E37CBC,0,0.32010250919307776,0.2931485176086426,0.3547653002382218
ID_11C28394,1,0.6718910581652646,0.7116390466690063,0.7690122470062435
ID_6EAB5131,0,0.49395692256010315,0.5634196996688843,0.5329718481586714
ID_027795D3,0,0.30068499088888534,0.2584569454193115,0.2395174300257432
ID_592688E4,0,0.3904134467233005,0.4434531033039093,0.3940532595614138
ID_FEFB6E56,1,0.3186495675635977,0.2956160008907318,0.2524940984185136
ID_C68C0C11,1,0.9154423776770028,0.9398429989814758,0.915206511653616
ID_E22E5670,1,0.48304090545147077,0.3793140649795532,0.4809962775032573
ID_BEF47D20,1,0.44049386289596504,0.35286152362823486,0.3992974368999807
ID_DB5E60A1,0,0.4465321553246142,0.35583510994911194,0.4857760385147079
ID_942D08CD,1,0.9300161292736125,0.9547549486160278,0.926745534196567
ID_249B5F06,1,0.9365583305461239,0.9504218101501465,0.936044576642446
ID_F0CED294,1,0.9047726861588906,0.9341807961463928,0.8911565589538467
ID_8BEBAA3E,1,0.20879321350163715,0.09301513433456421,0.1782929504070267
ID_186AA83C,0,0.29833093297100705,0.23062501847743988,0.3678489185326218
ID_A7BAC4AC,1,0.9123120400775288,0.8657045960426331,0.8644304802324523
ID_50796C93,1,0.2163489511736926,0.11717592924833298,0.2269864065470927
ID_376C015E,0,0.3713466239995393,0.29310858249664307,0.402726311711687
ID_C067803C,1,0.9253311874730074,0.9235714077949524,0.8959359211399917
ID_F486B826,1,0.9233650527258316,0.940934419631958,0.9001697100445207
ID_0205A25F,0,0.9294396111105998,0.967527449131012,0.9406854217693692
ID_1D726805,0,0.25828579285832004,0.11183598637580872,0.2332840008626561
ID_B7E3EAC0,1,0.5267371177173011,0.4380571246147156,0.5136422742533869
ID_D9C5D2E6,1,0.9350336336859038,0.9530152678489685,0.9081359436713616
ID_2176C16B,0,0.260483919658326,0.29502952098846436,0.3181896893148779
ID_69C640BA,1,0.9319612809867668,0.9455852508544922,0.9031839131323496
ID_9CF401D7,0,0.4194098663329873,0.4280489981174469,0.5208162469373583
ID_CAB5D15F,1,0.4947775785149228,0.4060688614845276,0.4800089282862451
ID_63030202,0,0.19935188689555275,0.263080358505249,0.2720363168483843
ID_48B6FE01,1,0.9230120211296746,0.9616785049438477,0.922753849952372
ID_FEED869D,1,0.5774956715261762,0.5447937846183777,0.5740151377315299
ID_9917ACCB,1,0.6760237437284391,0.6179133653640747,0.5588544002574473
ID_3F70A923,1,0.9361173480823742,0.9732456803321838,0.9473327047078824
ID_B90C5F4F,0,0.27493216412624216,0.23790094256401062,0.3231410015042844
ID_78B7930E,1,0.9376874701508795,0.9479421973228455,0.9201942153919584
ID_EEF8D243,1,0.7697098951708455,0.8092705607414246,0.7449122755985801
ID_000A98B3,1,0.9441045226191795,0.9665504097938538,0.9236935505283554
ID_CDD567F6,1,0.4636576090314713,0.49646779894828796,0.5339659745661193
ID_9AAB02FF,0,0.3734996734807001,0.46342843770980835,0.3488847698654483
ID_17F75038,1,0.5538411754943322,0.3282455801963806,0.4664468516691348
ID_C745E672,0,0.38189414807301036,0.4524727165699005,0.398463105617919
ID_18413A45,1,0.9196258028771613,0.942154049873352,0.862661189315038
ID_C7468C47,1,0.3848016544098764,0.4135364294052124,0.4538186805358088
ID_1CCF35F3,1,0.4259849212253257,0.42911842465400696,0.3727351591474936
ID_4B06CFDD,0,0.6563336329537481,0.6252825260162354,0.5412666032382676
ID_7D4D6BA6,0,0.4453649613007695,0.33134061098098755,0.3268256688513778
ID_6323F1FD,1,0.8632355942389955,0.8247503042221069,0.8127363063142591
ID_7D64918C,0,0.42316770947066595,0.4539603590965271,0.4680880973177795
ID_D99E6B28,1,0.9174274966518503,0.9357150793075562,0.9140624872942432
ID_24FC1C39,1,0.44709881697401616,0.37272539734840393,0.4399870027584779
ID_8F7E8A8C,0,0.3287554976648244,0.2794747054576874,0.3093097165245095
ID_5C5C18C4,0,0.3048355925148828,0.2638230323791504,0.2794479230377209
ID_415D629A,1,0.9145796325108593,0.9497137665748596,0.9181323042637906
ID_ECA04FA9,1,0.7174714467698653,0.8445978760719299,0.8925338793157147
ID_33E8335A,1,0.8847558153814585,0.8984900712966919,0.8881969102782616
ID_A0382821,0,0.4152747724544055,0.419705867767334,0.49396951632205
ID_FFFB3548,1,0.9003164485846173,0.862582802772522,0.8584854930723097
ID_3B4B2E12,1,0.8916366398625981,0.8954374194145203,0.9200473757788694
ID_F0AD0D9A,1,0.9119425563197787,0.9202061891555786,0.9157518722378648
ID_C2FCB388,0,0.3870304880729344,0.4460374116897583,0.3650089348502388
ID_42854645,1,0.3655682725621534,0.33408376574516296,0.2385697601543751
ID_A6AA2C79,1,0.9334999519718554,0.9174262285232544,0.8602727879471992
ID_78718D20,0,0.33066086145295215,0.28978562355041504,0.2166476538651931
ID_B087D9F7,0,0.21335278008737057,0.26038795709609985,0.1856780803428115
ID_587DFF3D,1,0.8245165385361465,0.9065520167350769,0.8553751956571413
ID_0EDE33A5,0,0.47435231908717324,0.42619359493255615,0.494440926261379
ID_C565734D,1,0.8847844294143177,0.9035407900810242,0.910055800225936
ID_3964B0B3,0,0.4937224653144695,0.5148301124572754,0.418107609305977
ID_F64028C9,1,0.3671782003264372,0.3928556442260742,0.3722986392945008
ID_301C3A56,0,0.5435392846967375,0.5956266522407532,0.4914127273238394
ID_62DAA960,0,0.2471497902840088,0.31384924054145813,0.2936960331820094
ID_CC67CB1A,1,0.2881581750886267,0.3242744207382202,0.3464230689076269
ID_978F3C79,1,0.8906477083612753,0.7992133498191833,0.8883196117660561
ID_DB56F6D6,1,0.6925136789960981,0.6987457871437073,0.6323191286733696
ID_145567D0,0,0.5171735263949037,0.41130849719047546,0.5367544406403467
ID_501C5FE3,0,0.5503188200064683,0.4193890392780304,0.4574812507671689
ID_BF363A93,0,0.4557590867374914,0.5351794958114624,0.4400450096026194
ID_495A1569,0,0.5168969232599799,0.6251312494277954,0.5449587182992041
ID_8AE7F685,1,0.5246822310602517,0.5148575901985168,0.5802787943863372
ID_2F206D6A,1,0.44552857141681346,0.4044492244720459,0.55385998093688
ID_50DED3D4,0,0.7903914168311184,0.7530178427696228,0.7610577835077547
ID_B6856820,1,0.877626568913967,0.9355059266090393,0.9054177610733888
ID_59493C3B,1,0.8951891072343409,0.9087106585502625,0.8627599417351057
ID_EFE33DB1,1,0.8817113582434574,0.8897398710250854,0.8618999042203039
ID_95AE1049,1,0.9254236850259601,0.9485722780227661,0.909485885752971
ID_38F774A5,1,0.9435046696588327,0.9606621861457825,0.924657513353164
ID_8FEE6C43,1,0.27778948239560775,0.2480212301015854,0.2597393039052765
ID_1B1645BF,1,0.7558481129966194,0.7500292062759399,0.7727499067493503
ID_E1011795,1,0.884865815747591,0.9141101837158203,0.8812743620652927
ID_2C7C0A7D,1,0.4189970231837504,0.3357102870941162,0.4318935502934352
ID_03D13F93,1,0.9217428301231403,0.9261523485183716,0.8755702153705339
ID_42C9ECC3,1,0.8515749313719133,0.9047442078590393,0.8626130199656455
ID_1EFA7D22,0,0.2680613976586924,0.23680251836776733,0.334984074763499
ID_23A5F238,0,0.2538977250224721,0.2684100270271301,0.2918899827299809
ID_74DAFC8B,0,0.9271880512674425,0.8980084657669067,0.8152181786353054
ID_65BD80AC,1,0.9057715810186505,0.8880978226661682,0.8779654502216249
ID_B767B8DE,0,0.29944857082896814,0.3447263836860657,0.330215955882295
ID_4FCCBF4F,0,0.32270197499953246,0.16043327748775482,0.1992165079325662
ID_12E3C10E,0,0.18854546746825387,0.13622380793094635,0.1779712185624438
ID_B4395F25,1,0.914414989367802,0.9027029275894165,0.8810767220113633
ID_E625910E,0,0.5855073579617425,0.3238963782787323,0.3983019015537722
ID_D1113C0F,1,0.9178917433672815,0.873436689376831,0.859655558656738
ID_E2E66B06,0,0.22493976372248317,0.18073365092277527,0.2762003328679123
ID_718C39B8,1,0.8395285076167806,0.7915670275688171,0.841012202555356
ID_2A564828,1,0.27445438397430133,0.25998249650001526,0.2404873307634391
ID_2CD3B3D5,0,0.3365022551372034,0.4265230596065521,0.345268636500923
ID_FB5D0523,1,0.9041964122880114,0.8701314926147461,0.8874163086215421
ID_CD6F53D6,0,0.4262386572896545,0.4563487470149994,0.4926371767890216
ID_75661254,0,0.9276541445570228,0.8893675208091736,0.8707629880668778
ID_1EF26929,1,0.9271245907977714,0.9413550496101379,0.8817425809147594
ID_141D286B,0,0.7164318827305055,0.7845497131347656,0.744635572831236
ID_1FACB9CF,0,0.24428384066309333,0.17747582495212555,0.1786312374141675
ID_6B5E4FBD,1,0.42761100772858723,0.3427332043647766,0.2857383302588204
ID_DC37BB55,0,0.4978285598066769,0.5932751297950745,0.5285109496398195
ID_FBA6BD3D,1,0.8876554696025885,0.9474180340766907,0.8898909045582076
ID_313006D3,1,0.5205033389178554,0.40162885189056396,0.5460567960015694
ID_A9ADCFC3,1,0.4804339010058383,0.5784949064254761,0.5199770476957118
ID_2BE0FDF5,0,0.3560724559428612,0.3409169912338257,0.3417186685673651
ID_B01341C4,1,0.8748231815768038,0.9057963490486145,0.8297462219420846
ID_C26ABC13,1,0.7947809627535313,0.7462750673294067,0.7682114431869776
ID_B667C3F9,0,0.9198651979207069,0.9329991936683655,0.903157602770986
ID_170B95CA,1,0.41157492251407773,0.28666311502456665,0.328606681810013
ID_A271F41F,1,0.7771093654654894,0.8399927616119385,0.8164924464688833
ID_BB26CE1A,0,0.52498606606251,0.4825906455516815,0.3589079582321745
ID_67FAEF16,1,0.9143239290044022,0.9138162136077881,0.8890739885186774
ID_FEF7D268,0,0.2954869557689946,0.2812919020652771,0.340583388964626
ID_F3BB8F25,0,0.6959599995365292,0.7777875065803528,0.7788437179225324
ID_DFA3B86A,1,0.49669447003446926,0.6465377807617188,0.7372322541009925
ID_BF7586D3,0,0.5188462083163806,0.40018174052238464,0.3668127026374807
ID_8242FEC9,1,0.7863486269056228,0.597718358039856,0.7192737055892049
ID_0FE2C221,0,0.22018251062913666,0.17175467312335968,0.1383173551335436
ID_527B2CCD,1,0.7898530966350835,0.629253625869751,0.7767105536250658
ID_13C0901A,0,0.5004187294180122,0.4421231746673584,0.4226563803849645
ID_CE52740B,1,0.8510321836010949,0.8453380465507507,0.8704910769973658
ID_832444DE,1,0.7491532171258191,0.8053527474403381,0.8149622006523249
ID_B1F8F22E,1,0.25352342877397466,0.15035362541675568,0.1935216648593724
ID_53F05EB5,0,0.7990020371838409,0.8136992454528809,0.8710773085204417
ID_436E6F90,0,0.7156317073148858,0.6997723579406738,0.7484584747670516
ID_FEAB674A,1,0.48789471351154434,0.31255820393562317,0.3060710634455241
ID_271F9C34,0,0.2733532734960204,0.14857476949691772,0.1332668942326452
ID_9DEFD9C8,0,0.4097320112807038,0.24103979766368866,0.2415653304825381
ID_FD2FD1CD,0,0.29000431619802625,0.22820565104484558,0.2006574862297885
ID_C4B6CE56,1,0.5465400504147351,0.5074886083602905,0.5236723061115093
ID_56FBD79A,0,0.4207963558752526,0.3286069929599762,0.361042728497489
ID_F9275BF2,0,0.5243784835968511,0.6890148520469666,0.6474094944755957
ID_6877FE97,0,0.5311159726267703,0.5850066542625427,0.5544691017095077
ID_48A4E598,1,0.40107784263925017,0.359785258769989,0.4979439666045389
ID_08CFB0DC,0,0.24511409982797444,0.23375451564788818,0.1584512573369154
ID_7132F107,1,0.7839562830446976,0.7366964817047119,0.5314719935069036
ID_FE41D776,1,0.5368381260924187,0.446097195148468,0.5212441793991862
ID_182A9026,0,0.4963579796332175,0.4721985459327698,0.5172116454986424
ID_A875A7B4,0,0.5221857380296188,0.5355815887451172,0.616983611575437
ID_6D773098,1,0.8308662638624491,0.8054153919219971,0.8203711183425328
ID_81451889,1,0.7793610722811822,0.6852920651435852,0.6897643503787073
ID_73A5F934,1,0.48709282397695175,0.5582295656204224,0.6068932974164892
ID_BF0C3E3F,0,0.5456741811741291,0.5745851397514343,0.4447298197820186
ID_61477F47,0,0.5811163255900083,0.5229867100715637,0.6020200693086012
ID_7869D7F9,0,0.521236428146409,0.5335001945495605,0.4960152041662098
ID_81FD2DFE,1,0.4669932259375646,0.6061834692955017,0.6654749481365055
ID_4A2CE217,1,0.6195182453684892,0.6194365620613098,0.7170977391505283
ID_F5DB795D,0,0.6003033561013771,0.7076103091239929,0.6865856465109134
ID_36E83AF7,1,0.6037553207665447,0.5318662524223328,0.63953465429782
ID_30FF881D,1,0.578151904237222,0.6338920593261719,0.7397153648754414
ID_836A30AD,1,0.8185489545087715,0.8348664045333862,0.8164650734396652
ID_6894A687,0,0.5719113556205556,0.44526445865631104,0.4490234166435053
ID_9CB3D6E7,0,0.45184984867978806,0.44178295135498047,0.5902914431249499
ID_355175F4,1,0.7908114613202382,0.8110989928245544,0.7252621317537435
ID_30DAACE9,0,0.5245654036695746,0.40114718675613403,0.5804152631548897
ID_5DBFD2B1,0,0.24001328406691563,0.14429764449596405,0.1627400475021246
ID_F1957D81,0,0.6620918960385873,0.6949946284294128,0.7829785401276425
ID_CFD9942F,0,0.6685189942092696,0.7618105411529541,0.7816069335720779
ID_1CBA4936,1,0.81021399719547,0.7460877895355225,0.7223842459011994
ID_E4BAF1A9,0,0.2602692358676137,0.26396244764328003,0.2672859592159615
ID_2CF3EF64,1,0.36019741201645267,0.44984644651412964,0.3626694044844037
ID_9FE1F20D,1,0.6535936623009025,0.7568688988685608,0.687057498153617
ID_DB50CE3C,1,0.7897237536799142,0.8819220662117004,0.8512275232301162
ID_EAC7C855,1,0.3700136037304047,0.36209842562675476,0.453638644761391
ID_6DB81E74,1,0.8102009193460287,0.6795334815979004,0.6097892383665385
ID_6FC8FF93,0,0.2305942017710872,0.2588578760623932,0.2776202978566089
ID_C2F5CBAE,1,0.7964033108235518,0.8424192667007446,0.8052617398285924
ID_275D1638,0,0.5039322980960664,0.6808602809906006,0.7564351769218849
ID_81EA24A4,1,0.7314054238584026,0.7312614917755127,0.7050450983299554
ID_2533B8DF,1,0.4268648045682356,0.3596232533454895,0.4132333135050314
ID_77A74C54,0,0.634924984270705,0.7909644246101379,0.7868430469397805
ID_52C9B04E,1,0.504368497108395,0.5501359105110168,0.4529344993169454
ID_353D8806,0,0.5695446003648253,0.4817558228969574,0.6319452634103485
ID_0BDC7DF3,0,0.5420581960666,0.549624502658844,0.5715944888820181
ID_9093AEF8,1,0.7859179860012414,0.8598339557647705,0.6970848102199798
ID_D5B84308,0,0.47653606293455564,0.5632368922233582,0.5308386594628474
ID_D505FF95,1,0.4358708111312017,0.4430786669254303,0.3708484217324883
ID_5F9F0B60,1,0.5709957346529786,0.6188405752182007,0.6036252068760612
ID_5D43F25B,1,0.23808756705351095,0.27913621068000793,0.2994532703080007
ID_8B3B10A0,1,0.5180106180609644,0.484546422958374,0.6488580497897901
ID_AA8DE70E,1,0.6625889238510435,0.6849418878555298,0.5943322152887801
ID_FA076BB3,1,0.834129519587798,0.8047929406166077,0.8374645884923694
ID_63342485,0,0.37110049019449914,0.31656691431999207,0.3516196169592334
ID_D63C4A4C,0,0.2627933578019044,0.2103642225265503,0.2334136150885942
ID_BA5359E6,1,0.6558363705108334,0.7824248671531677,0.8247817466891803
ID_5761ED00,1,0.3007666475149076,0.3356289267539978,0.4007729753442721
ID_B6C6C310,0,0.4565866649959257,0.5706890821456909,0.514735856989015
ID_ED888ADA,1,0.6411837024794546,0.6393091678619385,0.7479588270401304
ID_D9C2F90C,0,0.7216571183009836,0.7447410821914673,0.7540014569607623
ID_0FE6493B,0,0.4012284032249538,0.4578803479671478,0.5588840699151217
ID_8617CCC7,1,0.7843183380629279,0.7132019400596619,0.6975821238548875
ID_8D20170D,1,0.6387270127441593,0.7039040327072144,0.6681537507112
ID_4327327B,1,0.6387270127441593,0.7163532376289368,0.6877352055818804
ID_A2D25055,1,0.2784649497412909,0.30215686559677124,0.240174658237134
ID_38269349,1,0.6717149493081657,0.8654175400733948,0.8019247337584632
ID_40E4A690,1,0.5745874658731903,0.6249960064888,0.6427828538113095
ID_79180E57,1,0.5685841660628945,0.7478539943695068,0.5757795143670229
ID_1093DE08,0,0.6218076217760592,0.80428546667099,0.7628989214080502
ID_59D27028,1,0.6105198093780454,0.6904612183570862,0.6926870053793048
ID_8C78AE5F,0,0.491625658326257,0.5327429175376892,0.5153455866407136
ID_E300C0DF,0,0.5096670666691046,0.6117238998413086,0.5388504404762311
ID_B7B5A3B2,0,0.49636945167960317,0.4962746500968933,0.5170124229269427
ID_4AD3888E,0,0.4793491737149225,0.5440528988838196,0.5607987300188796
ID_72672EB0,0,0.46981446749429945,0.576640248298645,0.6280363623669317
ID_6F6F1FF3,0,0.6041847353484247,0.7321643829345703,0.681851569768499
ID_6F1E6677,0,0.4781906574044911,0.3823631703853607,0.3534063988307977
ID_43A2B57D,1,0.45985542485265335,0.47810617089271545,0.4817585673697214
ID_37955C28,1,0.5334180371785738,0.4838375449180603,0.4323048739027494
ID_BBA55771,1,0.4703093123011338,0.5235503911972046,0.5043100874033368
ID_CB4EB5D3,0,0.5032503023803866,0.4632894992828369,0.5292892097688013
ID_894AEF7B,0,0.4941013665148557,0.4719163775444031,0.3826637977141444
ID_78EC100C,1,0.4764846520626688,0.5031365752220154,0.5134640029554712
ID_27F52696,0,0.49745001940015815,0.3979395925998688,0.4234963994517207
ID_72B01EF4,0,0.5102170618798707,0.5057939887046814,0.5966488277396791
ID_AA845F68,0,0.6065515601463357,0.59856778383255,0.4558518311245629
ID_DC8A2937,1,0.27012035567716647,0.15141361951828003,0.1337695212056317
ID_061D4BE7,0,0.46306147895436883,0.5649968981742859,0.6198305934312681
ID_653FEFA9,0,0.2668469068035466,0.21287648379802704,0.2052154905518489
ID_C80287EC,1,0.7826791280507237,0.6752827763557434,0.5764204494337232
ID_F32CC9B3,0,0.6449470608010227,0.5191018581390381,0.4455051714722358
ID_21EFD37A,0,0.5198398650813197,0.43495285511016846,0.4763441550372801
ID_9A2EF2B6,0,0.26114997963588266,0.18897978961467743,0.1995223156217186
ID_C4E5EEA4,0,0.5437669757959545,0.5213969349861145,0.5874255714243111
ID_0D085F3A,1,0.3067649567434748,0.2769613564014435,0.269997704132498
ID_0F28FE12,0,0.5349625112349147,0.5948718786239624,0.65600402653139
ID_B7F8686F,1,0.36337037414614126,0.39439478516578674,0.3445045644117074
ID_D0A7C687,0,0.5439086943293424,0.4710274040699005,0.5286332780794981
ID_F769F4F5,1,0.3072571224128893,0.2500678598880768,0.3380056389440453
ID_1695AC91,0,0.4618862474085548,0.535534143447876,0.5465566441455635
ID_65241D60,0,0.49654940101472467,0.5942824482917786,0.6050670152981009
ID_41420D78,0,0.49589504344985147,0.5649899244308472,0.5721109963320078
ID_DA364266,1,0.6793866917465158,0.6023125052452087,0.4569574681484213
ID_B57947DF,1,0.783946111290017,0.5475497841835022,0.5985335240324968
ID_580BD289,0,0.22499224163153497,0.25356462597846985,0.2589478111057055
ID_98CA7A5D,0,0.39031549403327953,0.3201325535774231,0.2822905256745051
ID_8CFCB467,0,0.3556694861119309,0.46093931794166565,0.4902955738728352
ID_C498D781,0,0.6391614979060946,0.5092290043830872,0.6334471093477693
ID_8FD4BB3D,0,0.5977284469123434,0.459942102432251,0.5085698811040433
ID_CD749A06,1,0.753467913424188,0.669541597366333,0.7737062509246254
ID_C31987D0,1,0.5581033675268553,0.47359851002693176,0.595779804090694
ID_4718A7CE,0,0.5654338262130991,0.5518689155578613,0.5901646569727153
ID_D5EA9CB8,0,0.5488149178002452,0.6272063255310059,0.6260198171545804
ID_9E9411DD,1,0.3483394493703529,0.31934431195259094,0.4463155785521892
ID_48EB6CA7,0,0.49262898873922906,0.38329583406448364,0.3338404703495589
ID_89E6A1CF,1,0.30204019888448436,0.33731403946876526,0.4282998317053811
ID_B2E79121,0,0.6859828749982764,0.6085860729217529,0.6447074015949661
ID_CB63AF6D,0,0.5501045248417348,0.5149087309837341,0.3924622875002965
ID_99F7E4BD,1,0.2731174030771058,0.22589857876300812,0.1945423140591235
ID_78E36ECD,1,0.3391605932081468,0.36881712079048157,0.5036653094283845
ID_58F71E37,0,0.6660514686918473,0.6531955599784851,0.6310878191937116
ID_6EB2C182,1,0.3324001694802725,0.19672036170959473,0.4308230630338661
ID_9144EA2A,0,0.5757365712725784,0.6637076735496521,0.7166117917915383
ID_BA906158,1,0.4626431185289422,0.3923127353191376,0.349991985825682
ID_46CAE0B1,1,0.7910991846600417,0.784204363822937,0.7460999907247152
ID_58023D99,1,0.6537445309162101,0.7576558589935303,0.7309678915691479
ID_31983DE2,0,0.6914621531866861,0.7173666954040527,0.6969527176118333
ID_E5A74F6D,0,0.6439431698007629,0.7125909328460693,0.7175700487453718
ID_D614372B,1,0.7200592479631911,0.6884135007858276,0.7330494896550892
ID_602A4013,1,0.44624836568000964,0.4958661198616028,0.5472335589961026
ID_5F57A1E8,0,0.4797515425905323,0.68780118227005,0.6964165539711105
ID_8EA0A89C,1,0.4392097107850329,0.5369747877120972,0.4932900300050451
ID_7138F4B4,1,0.8029028937394014,0.7633602023124695,0.7462996418316642
ID_33210098,0,0.7927516816145815,0.7528702616691589,0.6936545487461078
ID_733AD053,0,0.5446099860318314,0.4101729691028595,0.3551394343006915
ID_D2A9244A,0,0.5224188333551715,0.6258082389831543,0.6878125123616574
ID_F4F0F0EB,0,0.6313226723040161,0.6086277365684509,0.6786112959921728
ID_9F1BEE9D,0,0.25506795937854587,0.22658120095729828,0.178259051330589
ID_0F279EAF,1,0.36472847847596274,0.3477226197719574,0.3350669141603422
ID_0D666C9C,1,0.46048203132500093,0.579447865486145,0.6486364689932524
ID_50E4B864,0,0.5822635313624496,0.7337824106216431,0.65873737871326
ID_6C287A75,0,0.394521815649944,0.37061604857444763,0.4847465926850474
ID_E02538C6,1,0.6190044270408204,0.7497419714927673,0.6879405752560709
ID_197C566F,1,0.4682245387166885,0.714005172252655,0.5752107917834642
ID_02EAD433,1,0.6650794587488003,0.7125956416130066,0.7448537176720503
ID_A024E6C4,0,0.4850034475091,0.6299920678138733,0.5908251595567019
ID_78A563B4,0,0.6287860647099731,0.711148202419281,0.6357634634731709
ID_182537B4,0,0.6745070836826057,0.7760374546051025,0.6479162228819573
ID_A6FC98D1,1,0.39551440273968924,0.29962265491485596,0.341350860338781
ID_6F9F0A4B,0,0.5378008808507567,0.5623694658279419,0.5589524174095876
ID_4063A107,0,0.5494954910879202,0.7022616267204285,0.6773086057678966
ID_B3580DB5,1,0.5559035090533161,0.6778784990310669,0.6224054871812444
ID_25FB9EF5,0,0.27160354128052305,0.23585981130599976,0.1886618712092587
ID_89B7850D,1,0.30774051719020257,0.2592703402042389,0.2117368222459677
ID_18BB1E1D,0,0.40212678572448496,0.5126049518585205,0.3687035927616124
ID_C8F9B181,1,0.7680023151702537,0.7103411555290222,0.6684196986085751
ID_DFAB0DC0,1,0.5052816960126204,0.4586646258831024,0.5107254280122765
ID_CD9F1BAE,1,0.7454909773544307,0.7330737113952637,0.7176119071862667
ID_62660687,0,0.6317893839268723,0.6928561925888062,0.7133606793936355
ID_7EE7FB7D,1,0.7810113690731187,0.7321799993515015,0.7355348172676788
ID_806047A1,1,0.8131565156877185,0.8070995211601257,0.7496686311553084
ID_315EA79D,1,0.623888941971903,0.6283069849014282,0.6476798331255584
ID_92040576,1,0.6391621470295967,0.5502587556838989,0.6757775092599683
ID_D6D3B7C9,1,0.7030612656247348,0.5765194296836853,0.6272279345159397
ID_A84A4E09,0,0.7310768627745504,0.7820449471473694,0.7927032520335942
ID_D18674A9,1,0.6091325897040148,0.6435064673423767,0.6587444943133973
ID_24F9077C,1,0.6370965416878404,0.5772079229354858,0.5855803125114215
ID_80FAFC9C,0,0.6862920006099457,0.7472324371337891,0.682600811789333
ID_CDC1A566,0,0.6904191252898444,0.7024787068367004,0.6490700058234576
ID_0F531FE3,1,0.5075559803456339,0.5235693454742432,0.6127837007913717
ID_005683D4,1,0.3701831215067519,0.45239701867103577,0.3711762361281783
ID_C1CE60E6,0,0.5945373462652548,0.7217620015144348,0.6927149750150758
ID_9936390D,1,0.5987224428660265,0.6782902479171753,0.6699945400079441
ID_C4121D0D,1,0.7882437216127021,0.7422143816947937,0.7252372261361558
ID_9E1DD0FE,1,0.8180988683179117,0.6035419702529907,0.6939913042692544
ID_B3BD97E9,1,0.48082333614227885,0.4868980646133423,0.5341286163706602
ID_0404783B,0,0.5417230732030055,0.5796425938606262,0.4584197395677775
ID_C97F04E8,0,0.5792015386405838,0.5043523907661438,0.6076383241879248
ID_04AFA6D7,1,0.7793114954310287,0.6909343004226685,0.5734811808063118
ID_DB7DF071,0,0.6442797067324241,0.6657506823539734,0.7739076151390606
ID_755169C9,1,0.7763083169326371,0.6625479459762573,0.6155069167739671
ID_6156F5D1,1,0.727845385487892,0.7310457825660706,0.78198698034389
ID_67E81CF0,1,0.539522407921344,0.4999302625656128,0.6024598533998495
ID_FD9747F7,0,0.29893597185943926,0.30938613414764404,0.3366693051017358
ID_9E33D604,0,0.5042080065415658,0.6255412101745605,0.6299045785959454
ID_B78878A5,1,0.4416448259904994,0.6057091951370239,0.6264321591859763
ID_60002389,0,0.6631984862035002,0.6565654277801514,0.684729840158994
ID_B8B0A504,1,0.3921869653834997,0.39084407687187195,0.4360068757179257
ID_8732DDC2,0,0.5310532225640732,0.567855954170227,0.6467460073071793
ID_32FE590C,1,0.5713976957527036,0.5866878032684326,0.6181233197284052
ID_6097727C,1,0.36321951051017476,0.2738422751426697,0.3779048419204779
ID_9F43AFF1,1,0.7063953851505672,0.7369644045829773,0.6647750759714198
ID_451F5539,0,0.39115440084457265,0.38405275344848633,0.3884111557260995
ID_6ADB1597,0,0.3149514587313779,0.20048445463180542,0.2827453732292599
ID_1899A566,0,0.32241835921333994,0.37059345841407776,0.3777072043315957
ID_B08DCCD6,1,0.737011810944732,0.5285663604736328,0.5848180030365175
ID_9948AFFD,1,0.37861243343141765,0.4250825047492981,0.3658435160270246
ID_076A1D19,0,0.4736838990152655,0.4012276530265808,0.3461551055926816
ID_069E35F8,0,0.4951414299506983,0.4022708237171173,0.4503075415214587
ID_6A6A888E,1,0.6681055526722771,0.4455317556858063,0.5550374109896272
ID_F5F91578,0,0.46947041535487777,0.5023780465126038,0.4882840235086478
ID_C452A5D1,0,0.6656309708299626,0.5434595346450806,0.633569783749961
ID_4DBB1A7F,1,0.4743473644008533,0.4099562168121338,0.3996951585448379
ID_554399A5,0,0.39314209955486573,0.5380162000656128,0.4837982384492611
ID_9A6EADF4,0,0.6097380730544659,0.520203173160553,0.646551577787639
ID_40545E43,1,0.6817902317213141,0.6788029074668884,0.7437131778970594
ID_BFE690D2,1,0.2505880951940468,0.1858179122209549,0.1748847548637501
ID_6984365C,1,0.6333929937250847,0.6960456967353821,0.6085523270327585
ID_F1B982C6,1,0.6651425991095754,0.6334291696548462,0.5642233922509855
ID_8D0DB5B1,1,0.5432357408417607,0.5072429776191711,0.4108177651332981
ID_1C8FAF4C,0,0.45108989640731073,0.345185786485672,0.3501643337359599
ID_E37B5F72,0,0.5039531865886161,0.3856525123119354,0.4773118972936068
ID_6A90E941,0,0.3748741223630133,0.2806289792060852,0.2174418925060691
ID_7C686CE3,0,0.5445925587705128,0.6187357902526855,0.5586555259942507
ID_F3A92A03,1,0.5072539141879225,0.33696848154067993,0.430398513235564
ID_6917AC09,0,0.4140403748297771,0.2670750319957733,0.3278772744884601
ID_106707A6,0,0.5394575513717675,0.5337895154953003,0.6178969666972456
ID_47F10EF3,0,0.5468203828371784,0.6093177795410156,0.5376575007452268
ID_6D7BAE04,0,0.48540375191926677,0.2541855573654175,0.307075478710168
ID_B3189DE5,1,0.3487954147850857,0.24573354423046112,0.3019797593181849
ID_01C1FDDF,0,0.5228817197259124,0.5757356882095337,0.5339847231759833
ID_25C496F5,0,0.4277207134376747,0.47827064990997314,0.4619959167416145
ID_0961308A,0,0.42275424743439294,0.3462761640548706,0.3901881564966437
ID_BFB325DE,1,0.28377777860575853,0.2583707869052887,0.2743107446800473
ID_8356C1DF,1,0.7507414488970395,0.5955830812454224,0.6070702684329512
ID_E44D9E05,1,0.5249777364223126,0.532330334186554,0.6628818182001969
ID_213C1C83,1,0.8057259952646894,0.7887988090515137,0.8308893093021521
ID_86A3DE27,1,0.27528448453477344,0.20192281901836395,0.1950525946148202
ID_ECD5069E,1,0.6047952387774422,0.7396814823150635,0.6161723780014325
ID_871628E9,1,0.47249041907315553,0.5678792595863342,0.5894762401031024
ID_982C9E93,0,0.35812721984852375,0.35554465651512146,0.3884968112958877
ID_F6CD238C,0,0.48378209702905894,0.4390881061553955,0.4028126456373327
ID_7B88C2A2,0,0.49078994288002464,0.5622198581695557,0.6250430803515744
ID_2793519F,0,0.7332127599809475,0.686995804309845,0.718995550319839
ID_5D346D09,1,0.47817674450325887,0.42980700731277466,0.4904304744626385
ID_E9016F46,1,0.5234840812814044,0.33730408549308777,0.5713806949554888
ID_DA5058F1,0,0.5789453040025296,0.6302310824394226,0.6037187432468366
ID_B7E758ED,1,0.7743429880686372,0.7533532381057739,0.7490266396205807
ID_7DBCCEDB,1,0.7689756418922964,0.7889697551727295,0.6920787668030439
ID_8F699AAB,1,0.6185761350044615,0.5541201233863831,0.5849432635808544
ID_1763FFD5,1,0.6977918843497171,0.6522951126098633,0.5091602539138407
ID_11F90F39,1,0.7446044137537425,0.7613005042076111,0.6708238612829387
ID_9D81902B,0,0.37180834605853913,0.42569389939308167,0.4719753961998507
ID_DEBB135D,0,0.6719351650571785,0.6633424758911133,0.6283766075167975
ID_ACE3B11B,1,0.7961327327938595,0.6409685611724854,0.6503264404564684
ID_E4C34704,1,0.7445594910983261,0.703606367111206,0.7279411723788392
ID_3336D8ED,0,0.48583578225040885,0.46653619408607483,0.5507005186439138
ID_5E3F664A,1,0.37059619288591034,0.41747188568115234,0.349450686992861
ID_94944F79,0,0.5977776091669386,0.5926032066345215,0.6207718582634887
ID_67CEFC9E,1,0.7704408516128713,0.7076094150543213,0.5981073090914303
ID_61AB4667,1,0.47945628001053564,0.6463934183120728,0.5957093505310027
ID_24960F7C,1,0.7737876249313529,0.7650735974311829,0.7326246297114257
ID_26E1818A,0,0.5941874447465041,0.6851822137832642,0.6770867251828182
ID_A96770FB,1,0.5815879598922431,0.598442792892456,0.6461038801152846
ID_053BD7E6,0,0.5444793587528244,0.6433203220367432,0.67822190780329
ID_8CB7A423,0,0.4028542204777921,0.4965978264808655,0.4997672963836516
ID_2358593C,1,0.5409146947053408,0.7058302760124207,0.673439295738916
ID_21A0A034,0,0.33546207597209904,0.32659921050071716,0.3300307571661479
ID_6B498AD0,0,0.5009771286143145,0.41314807534217834,0.560608989641628
ID_6F5EA99F,1,0.7418743861923417,0.7328696846961975,0.7787860015634066
ID_FC4908F4,0,0.6179560896131072,0.6165481209754944,0.6265233356805409
ID_85B2E8D5,1,0.3385518259632059,0.2719689905643463,0.2811583387102122
ID_7A91B4F8,1,0.6941412161011827,0.7700666785240173,0.6835141329930832
ID_FA127A7A,1,0.7209946298790705,0.6476503014564514,0.689216806579772
ID_CF74CB0A,0,0.7289924635029972,0.7124426960945129,0.6751307243627658
ID_9EA85F6D,0,0.40674722148301656,0.42120063304901123,0.5212430342522748
ID_B0627DB1,1,0.6140541432898218,0.6609857678413391,0.6192583349514945
ID_AD4C66B3,0,0.7991104362958943,0.7171879410743713,0.6076985481389872
ID_B3A78042,0,0.5538258254303104,0.482030987739563,0.5649097609704031
ID_B5BDAC4A,1,0.5037089018834664,0.5333471298217773,0.4982518701636546
ID_AC809EC4,0,0.664654912589717,0.6978863477706909,0.711758202204332
ID_C78297BE,1,0.5397914943019813,0.5197840929031372,0.4707369664645937
ID_39BBC9C4,0,0.38642853422480766,0.3624159097671509,0.3942466550613988
ID_DE8711C7,1,0.4627278957696176,0.6462473273277283,0.6070367889949723
ID_C76FC534,0,0.5856702453181236,0.5395163297653198,0.6008048350543106
ID_6578EB1A,1,0.42924806259279297,0.4476475119590759,0.4489096660261588
ID_041A97FC,1,0.4714101239519739,0.5870247483253479,0.4388466565831976
ID_098A2751,1,0.5865149444876316,0.5974066257476807,0.5838698537060861
ID_05A19E29,0,0.7643042975272535,0.7111007571220398,0.7492707367496821
ID_2FBB24C3,0,0.8028945846609317,0.7664254903793335,0.7967048249772847
ID_1CEC46C6,1,0.809953585837488,0.8055581450462341,0.7879299254404138
ID_A9ECDD45,1,0.677255957221061,0.7662644982337952,0.6811081389201782
ID_41686F47,1,0.4373365343098506,0.4634084701538086,0.4901554457666358
ID_A512A7BF,1,0.581352374432074,0.47854867577552795,0.5406580389398822
ID_6FE7F20F,0,0.8349907591378892,0.8029373288154602,0.6967501325622759
ID_40114046,1,0.7841482680382627,0.7050744891166687,0.7872158397185458
ID_C6DBA230,1,0.5756827953900295,0.3905617892742157,0.4331668007562863
ID_ADDA8275,0,0.4309816697621514,0.3974551856517792,0.4241917305010497
ID_80C3DDED,0,0.47386286274866024,0.4005928933620453,0.4346224558349413
ID_DF6943DD,0,0.21886567877752586,0.11195508390665054,0.1332676456905111
ID_BCF19353,1,0.45870556548031177,0.3912593424320221,0.5124606242717044
ID_DAE7A070,1,0.4601557751241689,0.4541291296482086,0.5487407491069101
ID_1CAF709A,0,0.6975536550750776,0.5629954934120178,0.5997218348733241
ID_57BA05B4,1,0.5436453887376149,0.640659511089325,0.6059293139169429
ID_49E96110,0,0.5803466505984994,0.6141842007637024,0.5110398430113253
ID_E77C3225,0,0.37031663754605004,0.4100426435470581,0.3168371998017048
ID_228BA221,1,0.5488516229814767,0.6263461112976074,0.5347433329558339
ID_4100CD5E,1,0.5429970174740941,0.6201180219650269,0.5427555884776722
ID_27513625,1,0.5389148750403229,0.5087721943855286,0.5201304842270776
ID_ABD9FF2E,0,0.2529765385415401,0.1295047551393509,0.1337524894194045
ID_2B519491,0,0.7038806387231243,0.7008798122406006,0.7196952780018991
ID_50186F5C,1,0.2538195416014617,0.17963926494121552,0.1381656121755859
ID_9AF99CA1,0,0.6381338312742849,0.7527532577514648,0.6497468620551162
ID_E07CE31A,1,0.4458189387243542,0.5344564914703369,0.4637137920934056
ID_45BF946D,1,0.7292798226505589,0.6433335542678833,0.5816787297790578
ID_F4FF09B1,0,0.6107417692468731,0.6846411824226379,0.6455116550536993
ID_E62402F6,1,0.5834405551759401,0.6328785419464111,0.675618537364222
ID_866A71E5,1,0.8069512635956504,0.7582567930221558,0.6771178574517956
ID_CB74FB23,0,0.29940964537786124,0.2248343676328659,0.1776606496965221
ID_CB8AB28F,1,0.3985471618322601,0.4267342686653137,0.4360232053138514
ID_42CB8E7D,1,0.5511651697037128,0.6122729778289795,0.5723323397099467
ID_2A370007,0,0.48153534432566986,0.4603065550327301,0.3441693360350208
ID_F291417B,1,0.3406517574748699,0.2533400058746338,0.2790544310421275
ID_E8FBDDDB,1,0.6221417828524,0.6270197629928589,0.4780994802855109
ID_3F718CA0,1,0.5591600519939264,0.49730509519577026,0.5352234364684276
ID_5147A702,0,0.29779988777609556,0.28609028458595276,0.2261765559282063
ID_B342CA68,0,0.655595610618662,0.7437394857406616,0.6570467259103403
ID_39A72B52,0,0.3925231425694711,0.40978893637657166,0.340481342604312
ID_0AADD1FA,0,0.6015873447664217,0.6735957860946655,0.5512582513231734
ID_A0CCC191,1,0.6784267290317756,0.7810267806053162,0.6173978317502501
ID_A109F9C4,1,0.5258563026624099,0.49036699533462524,0.5438580959592282
ID_10024099,0,0.6170945719589249,0.5841584205627441,0.6348955562416773
ID_5EC10095,0,0.5785701370977511,0.5193502306938171,0.5453135158872415
ID_8F8BCFEF,1,0.5184758783436869,0.5783216953277588,0.5039591461848496
ID_1B0FC0C5,0,0.66780108771969,0.5723248720169067,0.6519522094675976
ID_05F4B753,1,0.5739863306631896,0.5564115643501282,0.5962791198059267
ID_9E81620C,0,0.32557307818074344,0.22579579055309296,0.2397011849395448
ID_3E167FBE,0,0.2870736127064879,0.22950193285942078,0.2058759152025706
ID_D3F740C3,1,0.309336714590518,0.1975502371788025,0.2672503158236379
ID_862D6588,1,0.6375254080361715,0.4732470214366913,0.5566524090428262
ID_FCFFE7A8,1,0.678014345332106,0.5794578194618225,0.5812776791779163
ID_5F927947,0,0.7913865721623253,0.7571606040000916,0.7617329014931239
ID_7262A90A,0,0.3751282368403008,0.3500119745731354,0.4128994808904312
ID_AC72458E,0,0.6117452181973062,0.517924964427948,0.5929080936700672
ID_94687102,1,0.6067650329083489,0.5586612224578857,0.5415126503637978
ID_3CD622B3,1,0.6088342892661994,0.48458805680274963,0.5536549062366425
ID_E62A2FE8,1,0.6583435818019078,0.6531791687011719,0.5931877927545823
ID_D0D59F48,1,0.5941175564745083,0.6003562211990356,0.6030936798452133
ID_0E41AB64,1,0.621794697730301,0.6230388879776001,0.6348751577171362
ID_0D510A88,0,0.2454996743066955,0.20348450541496277,0.1708972394311261
ID_7D67BBD6,0,0.48556565469819346,0.3358458876609802,0.3764357608621456
ID_51ACD151,1,0.5274218514406327,0.5320243239402771,0.5457720392253187
ID_17C966FB,0,0.5120201464060958,0.5264983773231506,0.5969533713244937
ID_84561476,0,0.5215474961605074,0.5282794237136841,0.5616202613696984
ID_AE0FAF20,1,0.5033719193165497,0.4355257749557495,0.3982837889799109
ID_0760E69D,0,0.40388458181867226,0.23397943377494812,0.2975452327627665
ID_A26F3EE0,1,0.7589098123839957,0.7358568906784058,0.5274882041124118
ID_4F35775C,1,0.34577501042227293,0.33205968141555786,0.512474145394916
ID_857C56F5,0,0.5451558588508333,0.5369178652763367,0.5345756178227641
ID_6C6D71E3,0,0.4031948197083333,0.13902296125888824,0.214368648198628
ID_80F27D76,0,0.5064525871744361,0.3522094488143921,0.526632739937941
ID_7F2A60F7,0,0.2842914234302238,0.11713564395904541,0.1225255528539305
ID_7A791664,0,0.5347045712233448,0.5016257762908936,0.3190616242524901
ID_10FDF045,1,0.6376855131125768,0.404121071100235,0.4651247715620232
ID_2B8FCBE8,0,0.5878628774485475,0.6120221018791199,0.576521878713737
ID_39D37181,0,0.4289470586760714,0.4591121971607208,0.5020571528452759
ID_841CD8F0,0,0.30789350811198535,0.16083325445652008,0.2118660021866801
ID_CE807148,0,0.4311308393910707,0.4572092294692993,0.4310515039513641
ID_C9194BE8,1,0.6108587953327375,0.4091666042804718,0.4304614858711877
ID_2D157B93,0,0.6022721609836681,0.5935840606689453,0.4742043135822882
ID_7D03048F,0,0.2750982581134492,0.31662869453430176,0.2222753421739376
ID_90B69B2C,1,0.22445246368867988,0.17751258611679077,0.1473359375136204
ID_F9A67CC4,0,0.31327583640556356,0.27584272623062134,0.2207932663383291
ID_09589CCA,1,0.569787085874057,0.6266538500785828,0.577208257085939
ID_05E2F8DF,0,0.7979854733115597,0.6560035943984985,0.4963364500141675
ID_DA52FF4E,1,0.6741425863071974,0.6722207069396973,0.700286393160412
ID_DAB35ADC,1,0.470015297466992,0.46803927421569824,0.5975915881773467
ID_1466FF3E,0,0.6140916911721548,0.5155680179595947,0.4489687848776423
ID_7E53A235,0,0.8036619266154245,0.6944120526313782,0.7274713724530727
ID_6E402A0E,1,0.6758819243618158,0.647324800491333,0.646051092922421
ID_87061BA2,0,0.5766534704766949,0.43673497438430786,0.4971874214564427
ID_6E91CF71,0,0.31597977401698724,0.25129345059394836,0.330077039227877
ID_A029650A,1,0.7465141895707869,0.6618372797966003,0.6418369126261183
ID_51E155DB,0,0.5587617629156618,0.47599756717681885,0.4984857381922781
ID_EC23E7EF,1,0.516872093186525,0.4868227243423462,0.5696444026644988
ID_BACC0D39,1,0.5302639597182973,0.48496922850608826,0.4617093216477975
ID_E78E20FE,1,0.5820562533496337,0.40440717339515686,0.5062089052204282
ID_DE0742EB,1,0.5117465601673833,0.43860095739364624,0.5474748141963053
ID_553DE5E1,0,0.45335131017496083,0.41103482246398926,0.5024641157862924
ID_8D1115EA,1,0.46529697667905595,0.45321181416511536,0.4412249997468469
ID_FF6F5309,1,0.7946755745387158,0.7678267359733582,0.7447995863137952
ID_31AE99CB,0,0.6399979836235735,0.6811100840568542,0.6404274241622278
ID_4281049B,0,0.5481711073892745,0.6928474307060242,0.5804928828093301
ID_9158CFF2,1,0.48310909705098287,0.4791281819343567,0.4910842506163497
ID_524FCD8A,0,0.28807537324358573,0.2964080274105072,0.3476101975060757
ID_CE087004,1,0.5680287743303739,0.5410752892494202,0.5432375158634549
ID_F9E56630,1,0.42824034913961545,0.3588913679122925,0.2988425924191754
ID_E31C72D6,0,0.2695526408986869,0.3039260506629944,0.380125164224236
ID_702CAA90,0,0.24974957410385945,0.18283341825008392,0.1547868445262212
ID_11E1A72D,0,0.5707619868064198,0.6126035451889038,0.6241425316452038
ID_22EB1062,0,0.6237577873899537,0.6633073687553406,0.6718229693719345
ID_71A025E2,1,0.45394947714362816,0.5249295830726624,0.5063246169602772
ID_DA9BE9AD,1,0.5785939198421048,0.6387752294540405,0.6504337068869454
ID_42023BBC,1,0.6767997490081041,0.49885308742523193,0.5923583665038772
ID_688900EB,1,0.5817066225935238,0.6373667120933533,0.6498597636360606
ID_A45F00C1,0,0.6352103785920566,0.6097618937492371,0.5761861783950231
ID_3B458EC4,0,0.645905693283759,0.6844542026519775,0.7238859475891822
ID_1623C03B,1,0.5211377936750047,0.45047497749328613,0.5369602196972574
ID_2DC654D8,0,0.643404032750877,0.7004253268241882,0.5824306524495239
ID_1FF9E26D,1,0.698964274541358,0.6831672787666321,0.6883368553820711
ID_85ACE793,1,0.5713933941997815,0.5468896627426147,0.5590938956496776
ID_E6F7F719,1,0.613232004532871,0.606812059879303,0.6038771963582564
ID_4584FB4C,1,0.43767003814871214,0.3818141520023346,0.4016997881511437
ID_9978D125,0,0.7342240585949283,0.6716408133506775,0.7939193435402235
ID_38F50721,0,0.6625527156749986,0.6452879905700684,0.7397559752432241
ID_C55C7C63,0,0.6719338277352989,0.6364981532096863,0.7762870166089199
ID_D990DB0E,1,0.49920366615062556,0.31051862239837646,0.3050591912877189
ID_92E049E7,1,0.5895731512270441,0.5590292811393738,0.5172275036706813
ID_E3BE7D29,0,0.44350949185474203,0.36426469683647156,0.3597780805193231
ID_8ADA5844,1,0.8227265875293581,0.8185514807701111,0.7332879108945476
ID_98BFE939,0,0.8200451899559361,0.7621068358421326,0.8217298803171831
ID_65A5C331,1,0.6123561377161957,0.5615222454071045,0.6847187409822924
ID_93F1BDA9,1,0.3314710857740974,0.2129308581352234,0.3219746155426343
ID_86045B21,0,0.2568615749019817,0.13650555908679962,0.2510123493587914
ID_BBA8AE96,0,0.6523281439562703,0.6800205707550049,0.682748734472134
ID_9FDBAB50,0,0.5259580088127221,0.3945901691913605,0.5575264440766472
ID_9E1BF144,0,0.7080032835832014,0.704578161239624,0.7682539420775923
ID_06541CBA,1,0.5764837096097926,0.5991964936256409,0.6268998947692208
ID_E2F73B1C,1,0.5568364660464729,0.5187182426452637,0.6140487034593569
ID_BB711853,0,0.727641576387538,0.6317737102508545,0.6944616547104315
ID_642C67C4,0,0.27651755766233027,0.2814978361129761,0.2987525106963192
ID_3087E07E,1,0.6291505518834061,0.7158895134925842,0.5901680347512331
ID_85897BF7,1,0.6876132138366041,0.5632574558258057,0.7133554819362012
ID_18CBD81B,0,0.66429172623753,0.6324760913848877,0.6292757826231395
ID_B9687139,1,0.6586091452589441,0.6990972757339478,0.6628152631914269
ID_60A56B14,1,0.635686810780079,0.6446841359138489,0.6611459394520247
ID_1A3A50E7,0,0.6988646615564278,0.7949438095092773,0.7359018956595766
ID_9C4276DB,1,0.6556815576632996,0.7254042625427246,0.733230564805859
ID_658DF851,1,0.6537892913469373,0.71134352684021,0.696997698818973
ID_D6BBB11C,0,0.448146500500995,0.6139839887619019,0.4508632068224114
ID_9D20EBEE,1,0.6332220729159551,0.7942904829978943,0.7022675611013347
ID_1DE62157,1,0.6061491268966931,0.7751486301422119,0.7522674269017552
ID_90E2CD8D,1,0.5728703971621241,0.48784884810447693,0.3956171848051342
ID_2E3A4F2A,1,0.618488098679492,0.7107647061347961,0.700736884095395
ID_811143FE,1,0.30099253508726814,0.37922751903533936,0.4778993835980308
ID_3A79CE93,1,0.7857796704025045,0.8789669275283813,0.7804756329529355
ID_8A9E4F40,0,0.7276971074853887,0.7694668173789978,0.7330816807125958
ID_4D63B91B,1,0.4816350536664527,0.479299396276474,0.5426718181929737
ID_DE46F2BC,0,0.5627971826112557,0.4632243812084198,0.6348758153792485
ID_F0D2211A,0,0.22859381897485484,0.16807417571544647,0.296263681322176
ID_BA1357F3,1,0.4648449525431657,0.470294326543808,0.378436052497087
ID_DC8FDBCD,1,0.7543527982848874,0.8105988502502441,0.7717220529999432
ID_EDB01063,1,0.5678297001628149,0.633966863155365,0.632990803902079
ID_9756520F,1,0.3926223559617585,0.4475597143173218,0.3582100724457498
ID_E56ADB22,0,0.6986231413571048,0.7326893210411072,0.6481929698961458
ID_493E5A6F,1,0.5597195728136243,0.6896927952766418,0.6503478149925322
ID_6EEEC09C,1,0.6759655592054619,0.6985979676246643,0.6741443764027447
ID_6D754B0F,1,0.749343792336956,0.745493471622467,0.676062513753469
ID_5CA4C49B,1,0.5553285616263521,0.6786361336708069,0.5973319994536438
ID_3F83756F,1,0.5725325369269771,0.618477463722229,0.6317382352582023
ID_6ECF259B,0,0.5542750146405184,0.5762009024620056,0.6436100437106532
ID_14AB5AC3,1,0.5025953989008278,0.5677261352539062,0.6580469720176493
ID_8C25FA76,1,0.6888584987099603,0.7024827599525452,0.5893488593225349
ID_11FDB00C,1,0.45937668318516645,0.3845682144165039,0.5265301538652082
ID_8D10D47C,0,0.385165072800053,0.39454391598701477,0.4335275899640921
ID_1FD1314F,0,0.5732626940286614,0.6265943050384521,0.4792102388571136
ID_7E5912F5,1,0.5159339417070351,0.5902366638183594,0.6083016386677846
ID_AE443008,1,0.46209986720303514,0.6312073469161987,0.6046394736696163
ID_41D337B0,1,0.6098985155755743,0.6877122521400452,0.7675905628612316
ID_09D7C446,0,0.5373766985936888,0.665807843208313,0.6476972919340834
ID_83AAFD44,0,0.4387976075944793,0.5293076634407043,0.5512883204922574
ID_34CE69F9,0,0.3876645906415893,0.3255610167980194,0.3549912505867063
ID_E70FC09F,0,0.7589928122255165,0.7440876960754395,0.7927914887645946
ID_6BC129E2,1,0.5414835553809636,0.5476325750350952,0.5841341812194053
ID_BF08FBAF,1,0.5390037770088884,0.4718191623687744,0.5589057719779847
ID_8AC9C7A2,0,0.5641388146127093,0.6960649490356445,0.7302968927060887
ID_4368BA72,1,0.5893322240630111,0.6120654940605164,0.5859428084460168
ID_A9E2B5DB,1,0.6550820314933398,0.7765268087387085,0.7044087588636718
ID_68A0B072,1,0.6361173668568882,0.5986953973770142,0.6568008904466928
ID_F33E4C0F,1,0.7552422499172097,0.6804210543632507,0.767464200702805
ID_C9EEAE53,1,0.5164903158371545,0.6437819004058838,0.6920505805025162
ID_64470C69,1,0.6460295100391449,0.766310453414917,0.7342645382307981
ID_33916BAC,1,0.6849444918386038,0.7027872204780579,0.658577818041405
ID_8CA8C775,1,0.24370198028659473,0.245828777551651,0.2862793031568723
ID_8CA23392,0,0.5124472345020549,0.5470157265663147,0.5960774561704353
ID_F1648E92,1,0.4902052512361993,0.4160121977329254,0.4702851647808928
ID_4C7944A1,0,0.627938913059446,0.6043418049812317,0.613767586687143
ID_9E7CA86B,1,0.447314847963179,0.4725891053676605,0.5512799237433115
ID_F6569921,1,0.7845370057854659,0.8256047368049622,0.7976676732972685
ID_D7A55551,0,0.1982892664397068,0.22664102911949158,0.2247900661527475
ID_CFCAF062,1,0.6543374908199151,0.6175944209098816,0.6267502319010227
ID_6779263C,1,0.7041248631201341,0.7652249336242676,0.7749871727505305
ID_C35DE701,0,0.7548825397266553,0.7530627250671387,0.7298609702573828
ID_DEFC00DD,1,0.7010247887550652,0.6669068932533264,0.6930712916854712
ID_F5F7A5F2,0,0.7219439223250891,0.727782666683197,0.7133052196412455
ID_94F1A247,1,0.4852533883761627,0.3819425106048584,0.3410804403909899
ID_C7FB3A52,0,0.5968431800818675,0.6809043884277344,0.6739741247075244
ID_C689C603,0,0.5324994867095156,0.5497686862945557,0.6016056325668144
ID_12557283,0,0.4805604255789034,0.37792399525642395,0.2987866485614021
ID_98B5B570,0,0.6934159920799676,0.6148003339767456,0.6070550277102988
ID_46131BBD,1,0.6602225918606986,0.5070893168449402,0.5914277675074382
ID_8EA6695C,1,0.7852211805567576,0.6779376268386841,0.715437577938947
ID_A8929CAF,0,0.2002352685321627,0.23821277916431427,0.2355069817600633
ID_89F533F7,1,0.6507723937777605,0.6207215189933777,0.5708853125716203
ID_7874DF5F,1,0.646538055818213,0.6854225397109985,0.7172974976736766
ID_EC730E0D,1,0.5264504847360554,0.5783495306968689,0.538780784026878
ID_2DC76AA7,0,0.5552759495256259,0.6172703504562378,0.5772747810101204
ID_23B088AF,1,0.6661747399804869,0.7117047309875488,0.6572150517962468
ID_B875A7E0,1,0.7728941250513954,0.7646384239196777,0.7862263134060998
ID_4F621D2D,1,0.6361960090253794,0.5266308784484863,0.5905670627776497
ID_F7B3C4F9,1,0.6573788756377728,0.6768306493759155,0.7020590342318102
ID_9F6C8E34,0,0.37436050971977286,0.4950732886791229,0.5361997758352279
ID_9E6823EB,0,0.62757354209772,0.6817526817321777,0.6105011516825084
ID_B005EE1D,0,0.6275280275675814,0.7112769484519958,0.6523093284051521
ID_9A3B652F,1,0.436639155028625,0.33230578899383545,0.4688158355921227
ID_36ADFA91,1,0.4577798283671903,0.5260457992553711,0.5395185164699238
ID_7668458F,1,0.480655909358893,0.4162416160106659,0.34083819924246
ID_BC9B1D84,0,0.6174115403282482,0.685641884803772,0.6896444950903288
ID_100D7BAE,0,0.24732667167763034,0.138179212808609,0.1461213454188075
ID_F855DF59,0,0.6363337528988544,0.6386160850524902,0.6186072057661259
ID_6D8A12DF,0,0.6492108958234841,0.5731973052024841,0.6301738025692034
ID_E187FFF6,0,0.3652610982140712,0.25389304757118225,0.2960589071867214
ID_248E7637,1,0.5017756794876315,0.5034000873565674,0.525541255916219
ID_8255A677,0,0.31935082275845744,0.19572943449020386,0.2636010671256661
ID_AD204E31,1,0.6020579789662975,0.5592131018638611,0.6541038572931133
ID_3FFD356F,0,0.6020579789662975,0.5878035426139832,0.676111598194376
ID_E4EB89EE,1,0.4758574428761211,0.4777814745903015,0.5304656638000632
ID_0B01AEA8,0,0.5482300902755795,0.559528112411499,0.5913648699690435
ID_B512112C,0,0.6229208693995496,0.6550984978675842,0.6691642351253783
ID_225869D5,1,0.7431734383479255,0.6896111369132996,0.6001264993124942
ID_97D0A230,0,0.6151021610123981,0.5474668145179749,0.6281259515189945
ID_FEDED5D8,1,0.627394637602295,0.5866131782531738,0.6528635567704484
ID_43EB6254,1,0.5998080622528515,0.5753688812255859,0.5811512465658485
ID_5AE33179,1,0.5500199700743981,0.5711466670036316,0.5774948925903701
ID_B87DA0B4,0,0.3246579224808613,0.25030940771102905,0.2518390864365833
ID_F8CD7982,0,0.6161369665914661,0.5712562799453735,0.6243713377218841
ID_36EDDEF9,1,0.5410584971364981,0.6557601094245911,0.6240647152910395
ID_A7069A8D,0,0.21885030774478778,0.22986003756523132,0.1882934858295903
ID_9E5A2327,0,0.49671614867632224,0.645507276058197,0.6584398197540744
ID_C2233397,1,0.6067992814165002,0.5761801600456238,0.6518156722740717
ID_FE3519FB,1,0.5858492251688625,0.6731464266777039,0.6461385214578471
ID_AE050270,1,0.5585836537271289,0.5936575531959534,0.5940251415228379
ID_5C788699,0,0.24562937348983804,0.2558218240737915,0.2439347703243372
ID_57FB2080,1,0.5085891160621989,0.48711255192756653,0.5641523861110709
ID_8E88EC94,0,0.5574678942070102,0.472330242395401,0.423385916190132
ID_A98369A0,0,0.7604240506484359,0.6354816555976868,0.6694166524915501
ID_F42FFE93,1,0.5085779624135769,0.48168429732322693,0.4955715009772245
ID_0D9C0F4F,1,0.2831718638994028,0.17330744862556458,0.1399889930385313
ID_A1ECD988,0,0.5498535863154258,0.5942367911338806,0.5803147496384099
ID_6EFC63B4,0,0.8016001209658727,0.7558197975158691,0.7901801028183142
ID_8893E31B,0,0.48341971069414247,0.40798860788345337,0.4989745122891942
ID_EFFFFB4C,1,0.48341971069414247,0.4339839518070221,0.5544665502655434
ID_1072D91F,0,0.23421269908179754,0.18177276849746704,0.2466056190253437
ID_CA526674,1,0.5755835516472975,0.5227784514427185,0.5189903706918841
ID_0882E1FA,1,0.770794765468388,0.7429481744766235,0.7395148509577342
ID_88E2D0EA,0,0.6840205395285976,0.669992983341217,0.7035564844734086
ID_436E498B,0,0.6649909759410223,0.6738991737365723,0.6995632072490486
ID_A3213551,0,0.6611184011834809,0.6015310287475586,0.6063693119674413
ID_581EFEB0,0,0.39889386865173193,0.3988801836967468,0.3111677241173451
ID_2AD2698A,1,0.4821883502048563,0.46618151664733887,0.5561123260259745
ID_BFE87BDD,1,0.49183721440703815,0.3792915642261505,0.504812042136853
ID_6696B2C1,0,0.7179747129608649,0.6287001371383667,0.6246478789558614
ID_B0B0CA85,0,0.6043684441786084,0.5100709795951843,0.5767749264265692
ID_1B5751D8,0,0.6027743052771457,0.571386456489563,0.593563730587603
ID_0DE4A42C,1,0.6043684441786084,0.5105230808258057,0.5600367849728891
ID_C384F534,1,0.5404826469257825,0.4849517345428467,0.5191263774460578
ID_CD9CF2AF,1,0.5458929086068319,0.5654051899909973,0.59133128298885
ID_D5304424,1,0.5789635122803147,0.5601224899291992,0.5773698132649381
ID_2E6E72C2,0,0.7043089068319869,0.6099347472190857,0.6380903757598408
ID_F8C1E420,1,0.693295208374974,0.5786960124969482,0.6503365816205062
ID_F76710EC,0,0.24813070530549886,0.16168572008609772,0.1566306929423919
ID_1E167342,1,0.6348497763679612,0.7086698412895203,0.6746181565785032
ID_E96015A1,1,0.7475419986232388,0.5501688718795776,0.6521564883293963
ID_6DD72D96,1,0.732342282406015,0.5548040270805359,0.6585520398424257
ID_3B0B36D7,0,0.5432780165202099,0.5342950820922852,0.4806335824503044
ID_82B56921,1,0.459305071320864,0.49183592200279236,0.5236899758020607
ID_6C0CDA63,0,0.5161758459875717,0.5881050825119019,0.6264213654291834
ID_F89806AB,1,0.719386523642241,0.7382359504699707,0.7155567310817195
ID_70788C1F,0,0.5428360457946824,0.4222727119922638,0.4617778940848729
ID_82889C27,1,0.4171505285238557,0.36508360505104065,0.4308374136310456
ID_9181434B,0,0.5364520264189512,0.48564356565475464,0.576556496181999
ID_CD76344A,0,0.5284468446729554,0.4658367931842804,0.5191229341006067
ID_63F2ED40,0,0.5474958662575189,0.5142860412597656,0.4239557494149012
ID_4F2E6FDB,0,0.6691850287955853,0.7592963576316833,0.7130642390204857
ID_892CCBF2,0,0.5668945267602056,0.5127707123756409,0.553946960078031
ID_8216E7D6,1,0.5576600059272556,0.4497970938682556,0.3989144904470291
ID_5B5F0382,1,0.7526708246640731,0.714868426322937,0.7763386864513945
ID_C9AB1ED4,1,0.5401091464046225,0.46451327204704285,0.5326951112482666
ID_8B0CD64F,0,0.6240879454635451,0.6123430728912354,0.6675363214132713
ID_6E7E2565,0,0.5441105462478826,0.5116273760795593,0.5314829765714576
ID_9DC6C8BA,1,0.5782269983266044,0.6146716475486755,0.644018166843406
ID_B5DD3107,1,0.6291325469923353,0.569909930229187,0.6542006726993014
ID_9E1032F2,1,0.5821408990340201,0.6430420279502869,0.6543264249137006
ID_BA502E15,1,0.7993613431874464,0.7979438304901123,0.8177828467430335
ID_665DE586,0,0.5722198885507437,0.6425728797912598,0.729559735490319
ID_96BFCE37,1,0.5417831516798628,0.5281839370727539,0.619964144760247
ID_2432E68C,0,0.6298699080449719,0.6649627685546875,0.572232353136141
ID_0F89E903,0,0.23208646783870898,0.08603504300117493,0.1022090310720029
ID_DCDF60E2,0,0.6544303953956067,0.5935274362564087,0.7002747258587984
ID_7FC09736,1,0.4583154451907223,0.2794676125049591,0.2090632840237282
ID_CF1D5A2B,1,0.5683503222002265,0.3819795250892639,0.5501074335512088
ID_8596D6DB,0,0.44414536057761794,0.38230228424072266,0.4314387498222117
ID_98B06070,1,0.5604376557311236,0.4907180964946747,0.6020669583442001
ID_680EC3CB,1,0.4841207658482632,0.34649524092674255,0.3218252917474944
ID_9218A241,1,0.6191439673904161,0.4705049395561218,0.5063751779060528
ID_8B628619,0,0.591250194053368,0.6644086241722107,0.6422973242853947
ID_154A0489,1,0.48884091144961095,0.5253225564956665,0.5970758071904044
ID_2F103CD9,0,0.5942349547994417,0.7054588198661804,0.7377371937365994
ID_14BFC885,1,0.5102857628964153,0.3420776128768921,0.2512421989189677
ID_183E7864,1,0.7571328677426236,0.7199946045875549,0.6705628257830666
ID_231C52B6,0,0.6409702419423718,0.705467939376831,0.7183220587868779
ID_B516E714,1,0.585419263528559,0.3766653835773468,0.5466243033321809
ID_5521C259,0,0.3626875939134983,0.261708527803421,0.2949211306452206
ID_8DBFCD15,1,0.5784187325131108,0.5684690475463867,0.6151739044094953
ID_783A77CA,1,0.552157414642247,0.6583934426307678,0.6655943714582749
ID_EA32CBD5,0,0.6227794216573966,0.5718924403190613,0.6480478438596222
ID_8C149B19,0,0.6655857791995046,0.6653169989585876,0.642504346421869
ID_80AD0B44,0,0.2277977448740687,0.1181415244936943,0.1219872315656742
ID_9B289E58,0,0.48025651629751404,0.40243369340896606,0.6210628106551389
ID_12BF1E01,0,0.41099951451500133,0.22183676064014435,0.344339858098569
ID_A3287EA1,0,0.39173269452733966,0.3493843078613281,0.5262763850848098
ID_F6F594F8,0,0.41152377087687037,0.2820920944213867,0.4469237779666986
ID_F2A43894,0,0.23788652660650353,0.12355858832597733,0.1150545214188754
ID_5D85BE89,1,0.4621203435892571,0.49313095211982727,0.4848488246751735
ID_DEE0C524,0,0.6063081310264468,0.4649665355682373,0.6513343840341521
ID_2B8F69E6,1,0.5001627153323682,0.3472772538661957,0.4745202043058384
ID_099F57E4,0,0.6090891716926315,0.6922110319137573,0.6280992858592427
ID_732190D2,0,0.6517006447002844,0.711194634437561,0.669771640391785
ID_26A19F42,0,0.2764525568703114,0.25286567211151123,0.2030795691540828
ID_2E2E4E72,1,0.6068001228910992,0.5450057983398438,0.6215477144248207
ID_A0F35857,1,0.6834430198540877,0.5162857174873352,0.6357077736279823
ID_4A6A2CA8,0,0.4525576313193676,0.3862514793872833,0.4801380041106455
ID_8D690429,1,0.7077170545296513,0.7413973212242126,0.6947886426769561
ID_EEDEC895,0,0.7195307915434712,0.6576772928237915,0.6433111970722656
ID_22B7D9A0,1,0.6837151706573255,0.6749342083930969,0.6659574854887736
ID_97797D75,1,0.7229439376793947,0.6081779599189758,0.5908718287193564
ID_2B128EE1,1,0.6117697950297657,0.6953961849212646,0.7041669286249332
ID_58D6F266,1,0.5637053276872446,0.5638590455055237,0.651587563022008
ID_6F8E5150,0,0.6225149450261807,0.7078463435173035,0.7310419134536869
ID_21607FCA,1,0.752282020143965,0.6670981645584106,0.6293807912988508
ID_74E7A6AE,1,0.5637064707303604,0.5026912689208984,0.6126001613404223
ID_114DAC47,0,0.3499562732530856,0.3982846736907959,0.3445797388532586
ID_124611A9,1,0.736464173232046,0.6505836248397827,0.7051545885884988
ID_ED016384,0,0.5880619803205286,0.6419952511787415,0.6891213082359109
ID_84A14F7E,1,0.4992481106144617,0.4436890184879303,0.4669674868347434
ID_8F59CA20,0,0.6468655706260357,0.6888486742973328,0.6863571197480738
ID_6FFD90C8,0,0.5501678439787143,0.42780405282974243,0.5029734405362922
ID_21166BD1,0,0.554334725798603,0.5630844235420227,0.6745136449954164
ID_8CB36095,0,0.39788761755557694,0.2777863144874573,0.3506117154725761
ID_5FE44C72,1,0.5316699198580105,0.46447890996932983,0.5975900375719542
ID_EDE461F3,0,0.535186471498857,0.39802610874176025,0.6510103825956183
ID_9D2A6F66,1,0.6052244442618966,0.6005297303199768,0.6550851535062511
ID_5C46C9B7,1,0.6486058453310856,0.6985339522361755,0.7113417031451943
ID_7C12CFFE,1,0.6051546649159223,0.6542527675628662,0.6692785357035175
ID_BE091F39,0,0.4295365011855646,0.3683933913707733,0.2924302246519069
ID_52671C68,0,0.7770094555343714,0.8481684923171997,0.856716452347797
ID_ABFF37AA,1,0.7621967837137533,0.7571201324462891,0.7500802829153266
ID_981B899C,1,0.5147636250143687,0.6369808316230774,0.6598159256734855
ID_2DAB1C6A,1,0.46114381315467756,0.4174366295337677,0.4280818845926259
ID_5D81486C,0,0.41469534345687775,0.3316314220428467,0.266561927989889
ID_FFAE4860,0,0.5965022081284734,0.5932512879371643,0.6716691585590927
ID_ADE14713,0,0.4344455739287729,0.3792755901813507,0.5348006088365619
ID_DA563220,1,0.6982454406952517,0.7675970196723938,0.7631158762233916
ID_D54A4A81,0,0.5874730010408317,0.7138134837150574,0.6552555600248134
ID_131F4A77,1,0.46932735397825365,0.43228018283843994,0.5180056056919187
ID_4EDA7D0A,0,0.2922110826789018,0.2789373993873596,0.243923921973645
ID_F09CB3D2,1,0.5486203322283624,0.7150450348854065,0.682261139292398
ID_2DE6A631,1,0.6881123871322553,0.4112679958343506,0.6031421380118879
ID_41AB9AFF,0,0.5744247798091208,0.6381575465202332,0.6666152274589757
ID_E420776A,1,0.5999364085022426,0.5308290719985962,0.6881009286967114
ID_790C7EBF,0,0.5802581620147707,0.5360121130943298,0.6406877043472077
ID_A9472378,0,0.22732033519353734,0.2406916320323944,0.2077886161957402
ID_CAFE708F,0,0.574145824780829,0.4604130685329437,0.4393656696615496
ID_4F3CDE60,1,0.5567313521068613,0.5264540314674377,0.5626514061062264
ID_9BB9F8B0,0,0.6488408492142024,0.5305216312408447,0.6589809564418605
ID_23DCB05F,0,0.5924317080931656,0.4837055802345276,0.7197358205107272
ID_1CC3A768,0,0.5749214520976906,0.36171281337738037,0.3049967823215122
ID_3E74D814,1,0.6858110266288531,0.5811376571655273,0.6811556876501775
ID_F00014D4,1,0.6101781863095919,0.6952928900718689,0.6870490182283541
ID_B28E57C1,1,0.6144110094630904,0.5883674025535583,0.6181696292094763
ID_EEE19CAA,1,0.6336814601816215,0.5497741103172302,0.5841328598148675
ID_11B2FCA5,1,0.5948697908301668,0.5511922836303711,0.5562234933546174
ID_8AEB7663,0,0.6531107654071406,0.3986421823501587,0.6041738432024205
ID_2BC42EC8,0,0.5970040735399547,0.6029759049415588,0.6220548090403053
ID_ED4B2AD2,0,0.26363581437108985,0.19892272353172302,0.2193879337311897
ID_1E518AE9,1,0.6928100573409227,0.6792752742767334,0.6571490800649297
ID_7EAD4AE7,1,0.811058843100944,0.8039388060569763,0.8054614500307864
ID_AD5B81C2,1,0.6500713204390001,0.7809160351753235,0.7887390798986336
ID_2DECF905,1,0.6561448979267397,0.5965919494628906,0.6551248472754408
ID_D80097B7,0,0.8086542474716443,0.7543060779571533,0.7405606941879088
ID_DDE69130,1,0.5808359009942707,0.5703431963920593,0.6665684956046836
ID_9E6D1B9A,0,0.28292972259572297,0.2522275447845459,0.20289281940093
ID_ED0ABC6C,1,0.7636503601874254,0.6138024926185608,0.7212306309438633
ID_A6D87237,0,0.7603250044691314,0.6324605345726013,0.6581663817048967
ID_360A8551,0,0.25887710925181284,0.2310754656791687,0.2575763282040515
ID_E178FD12,0,0.7156991227741851,0.615437388420105,0.6789423457622683
ID_89EF65F9,1,0.7807635578333774,0.7413675785064697,0.7342614490243365
ID_68E887E9,1,0.8057330090789298,0.8048905730247498,0.798738495043548
ID_B18254F3,1,0.7705675944967719,0.8487322330474854,0.8332811763050073
ID_134C3173,1,0.8386350702208175,0.8736113905906677,0.8288632442232576
ID_64B44369,1,0.7785218034202329,0.8832316994667053,0.8563984003124229
ID_5A9C024F,1,0.774722703794869,0.89640212059021,0.861024435695611
ID_32DABA53,1,0.7874356937760212,0.8348199129104614,0.8327098922091715
ID_6213B017,1,0.7364498417685882,0.7989950180053711,0.7960381584345391
ID_00E8E896,0,0.28358682179163647,0.43144625425338745,0.4219679313096278
ID_1DE60476,1,0.7819670038589848,0.7530423402786255,0.7452350659056675
ID_AC40334B,1,0.7634335544878812,0.7734791040420532,0.8090079420823267
ID_B3BE4747,1,0.7260027444298908,0.7695277333259583,0.7518473964364717
ID_964BC4D4,1,0.8379967255994222,0.8258523344993591,0.8010780203203777
ID_602B57FB,1,0.7954224398994824,0.8086445331573486,0.8260591889356348
ID_B527E350,1,0.8376820062218528,0.8615251183509827,0.8174400877663245
ID_0BE2AA68,1,0.8431611804480981,0.898285448551178,0.7893378800723874
ID_DF47ABFC,0,0.43309598442747427,0.4747203290462494,0.4466398760325782
ID_017FCEC9,0,0.760696539085227,0.7274060249328613,0.7694831074979099
ID_9E251BCB,0,0.23271770040017883,0.14572478830814362,0.1292743532850401
ID_24151EFB,0,0.6989075405862002,0.6013560891151428,0.7641771333140277
ID_434A0352,1,0.7832253154638675,0.7106519341468811,0.5824171715852831
ID_1BCC87F8,1,0.7294791951603558,0.6982244849205017,0.7712408373043541
ID_161DC7B0,0,0.8180851312309025,0.8298028111457825,0.794972719732253
ID_A06B3222,1,0.7930937972512501,0.793786883354187,0.7567363688364395
ID_7C47E9CD,1,0.7011695260915584,0.7654174566268921,0.7500062431653545
ID_301691CD,1,0.7417045104424103,0.7001286149024963,0.6490883719279128
ID_A1DC5AAA,0,0.7937443443226249,0.8172374367713928,0.7626095942802822
ID_87C662C2,1,0.6549958211890371,0.5711420178413391,0.6392866197881397
ID_50BEDE24,1,0.7037349143010019,0.5755935907363892,0.7149892967962239
ID_F879A493,1,0.7568105320230541,0.6849346160888672,0.7765038088723731
ID_666B05C4,1,0.7932053930477383,0.8019598722457886,0.8855208412733847
ID_76283B17,1,0.7487386418332306,0.7231335639953613,0.7741286563742669
ID_D3F1115C,0,0.3923154875196715,0.5267745852470398,0.3217733398641113
ID_8C56D24E,1,0.7789331635909248,0.7841980457305908,0.7960210161377106
ID_AE770A5D,1,0.7707703453447403,0.754705011844635,0.7976161742406672
ID_6C50C9C1,0,0.7762188552265558,0.8295387029647827,0.7948091070904262
ID_B50C189D,1,0.7945741406754753,0.5684836506843567,0.7016894849864732
ID_10DE4148,1,0.7815519073783994,0.7111081480979919,0.7768018151219173
ID_964EDC60,1,0.7505553282977965,0.6364556550979614,0.7602127765376971
ID_35BDFF67,0,0.7518772096842272,0.8071230053901672,0.8611538208362322
ID_1FD84003,1,0.6800537159205873,0.5463426113128662,0.7234289831751428
ID_92FD3C47,0,0.6860609483994972,0.6705877184867859,0.7856365484450891
ID_71FFD1AD,1,0.690354838439026,0.7089880108833313,0.7654455371312349
ID_2BA5EF87,0,0.8462428307129629,0.9027818441390991,0.7252751737818816
ID_28086B39,1,0.6837795844912611,0.6810908317565918,0.7816845965890596
ID_6412331A,1,0.7589370242291704,0.800373375415802,0.7799186208090217
ID_DB95BF5E,0,0.33803630770385373,0.371835857629776,0.2845642542426573
ID_23CACBF6,1,0.7604942547517247,0.6532973647117615,0.8231843579371789
ID_2CDAAE58,0,0.34142627075244086,0.33071961998939514,0.3204112371448895
ID_8099FB9C,1,0.6054569138210609,0.5576494932174683,0.652918821123698
ID_8A614F8B,0,0.6519523663726948,0.6512722373008728,0.7608987037490823
ID_CB4F8F61,1,0.46599380809238067,0.6048725247383118,0.6700116570454839
ID_64F97593,0,0.6473670106236618,0.7682214379310608,0.7291154914229991
