ID,y_true,oof_probability,oof_label_at_0_5
ID_1FE951BD,1,0.42987179380284024,0
ID_5927A443,1,0.9671118962089316,1
ID_C4E67025,1,0.7079207216274573,1
ID_44DC5CE9,1,0.9608206547342366,1
ID_33C677BB,0,0.38402480931464744,0
ID_D236E800,1,0.560693268723323,1
ID_CF0BD595,1,0.9600127366900507,1
ID_2578671F,1,0.5217823030989591,1
ID_2C20EC5C,1,0.9663656619352005,1
ID_47BCE4E4,1,0.973208439101724,1
ID_2F462027,1,0.4753013986389238,0
ID_4E87DA0C,1,0.6724636569963797,1
ID_7E828959,1,0.959649332105364,1
ID_997B5475,1,0.955637728824581,1
ID_1ED766BE,1,0.9304646252785245,1
ID_68CDD69A,1,0.9535202751126904,1
ID_FD9CEB90,0,0.6213490060393296,1
ID_21DA9AD7,1,0.708687429154436,1
ID_B7F27F63,1,0.9659813504304748,1
ID_D3C45252,1,0.2720476050304486,0
ID_24E921F0,0,0.2515564471926592,0
ID_D794CB38,1,0.38965114131421846,0
ID_002D2DCE,1,0.4412292143253045,0
ID_DB01B3C5,0,0.4219480512358763,0
ID_A512C0C4,0,0.2882438360524745,0
ID_3467AC70,1,0.9070563712847927,1
ID_4AF2520D,1,0.44234959265536317,0
ID_7BC5D8E5,1,0.9698680509467428,1
ID_B1701DBC,1,0.936155615481581,1
ID_43155069,0,0.2446141071746604,0
ID_08FFBD6F,0,0.4203787031707536,0
ID_EFFEF255,0,0.5137306884311773,1
ID_540FDFB6,1,0.4130480269470175,0
ID_65A675DE,1,0.9516744746207987,1
ID_C89D13D6,1,0.9051441547725344,1
ID_8FF3A884,0,0.5300541584178389,1
ID_F2957772,1,0.9437166772452902,1
ID_5278A4C4,1,0.949882380567061,1
ID_8452358D,1,0.9484093652749543,1
ID_6F093349,1,0.9478053653539924,1
ID_B62607AF,0,0.4153481613653899,0
ID_071B0BCA,1,0.9480433359104813,1
ID_EED71D9F,1,0.48691431204037794,0
ID_F2398E60,1,0.5377422100147705,1
ID_92BAA68C,1,0.9525311000678062,1
ID_B08C9EE2,1,0.4773385857767992,0
ID_B753EC09,1,0.9548166300540588,1
ID_00853859,1,0.9522125174657604,1
ID_6BA49441,1,0.5434896102296178,1
ID_C3289F72,0,0.7085759466593042,1
ID_4B712589,1,0.5129745974542953,1
ID_3EDCC453,0,0.43853670354484886,0
ID_20AD8C5B,1,0.9104908854887894,1
ID_1AC8D537,1,0.8768562108526,1
ID_82832774,1,0.5983658389571721,1
ID_52FF3CF8,0,0.5887949251947389,1
ID_92E59CC2,1,0.9374430229245897,1
ID_9F32FCB4,1,0.4785292551037163,0
ID_E02C6235,0,0.9466692030118836,1
ID_A792B804,0,0.4980741519206086,0
ID_4771A568,1,0.921771803465966,1
ID_EB2856D1,1,0.890087454140584,1
ID_EE3405FF,1,0.9195445873558331,1
ID_442F6008,1,0.3589647123604911,0
ID_C1158C74,1,0.9581138368999734,1
ID_EB771E87,0,0.9562466372219401,1
ID_03B6FE88,1,0.9278447610135226,1
ID_4CE3928A,1,0.9309501507405623,1
ID_15006571,1,0.5227960554093397,1
ID_BAA1A435,1,0.9338832925679549,1
ID_CE667BDB,1,0.39478718648789224,0
ID_D0422C79,1,0.9573976814506302,1
ID_19D5F507,0,0.6977552745352266,1
ID_CE2EAF7B,1,0.927205451864749,1
ID_77B0997B,1,0.596214259376438,1
ID_402DB219,1,0.5766834578981664,1
ID_9AF35771,1,0.40961913213180967,0
ID_44B65024,1,0.9199314242445894,1
ID_C463D596,1,0.5849377462125963,1
ID_FEE7CBA4,1,0.47907470032043714,0
ID_052EE082,1,0.9487332057151973,1
ID_ED025255,0,0.9378378761986128,1
ID_79498CB3,1,0.49468113640513905,0
ID_92ABB8BB,1,0.9406802248178675,1
ID_6BD709B3,1,0.9368027056295712,1
ID_BF037E11,1,0.9663358387539828,1
ID_6D89173F,1,0.6852450051939464,1
ID_4BACF83A,1,0.944408002038616,1
ID_B1777B62,0,0.6994794845888617,1
ID_3E228C60,1,0.6788320473425049,1
ID_083806BF,1,0.9240870275554536,1
ID_AC817E84,1,0.9522733960284754,1
ID_7C868BD2,1,0.9204007403360511,1
ID_6569628D,1,0.7288089963250459,1
ID_15F1FD16,1,0.5594643130583592,1
ID_EC10FFE9,1,0.9351383645559611,1
ID_12014A18,1,0.9453582734824089,1
ID_43BA654E,1,0.9342492064844816,1
ID_3EC2F125,0,0.9650904876264481,1
ID_E68BB851,1,0.5301752785073028,1
ID_3C6B933B,1,0.9043208071854167,1
ID_E069FF87,0,0.6461073259124429,1
ID_A94ABC13,1,0.4553018355233521,0
ID_C3CDF3F5,1,0.9333917676995677,1
ID_47F9010E,1,0.7466989836444848,1
ID_432DE02C,0,0.9442122746824637,1
ID_6C1E84EC,1,0.42500996878718555,0
ID_F87DBF89,1,0.7314095431024407,1
ID_29BCF620,1,0.7238657435699897,1
ID_612C68AA,1,0.9201004883264216,1
ID_D9C38AAC,1,0.4561306486167598,0
ID_3F33293C,1,0.6308163711908016,1
ID_8643A4EE,0,0.7736724774699536,1
ID_54E3DA1F,1,0.7267502151391545,1
ID_DF440C5F,1,0.9692254768174653,1
ID_4CEF19D5,1,0.9627291635923789,1
ID_3F656297,1,0.9398706074549228,1
ID_7A92A9A3,0,0.62129198174816,1
ID_20C3BA14,1,0.9265698033159824,1
ID_23FC77E6,0,0.5449065357110144,1
ID_0FD10927,1,0.6015185519191161,1
ID_9B0992F6,1,0.960739980868948,1
ID_CECB65B0,0,0.6362608799469668,1
ID_F4CC4567,1,0.9639724697716101,1
ID_76482336,1,0.9736474913812584,1
ID_12C90873,1,0.46167985001844064,0
ID_A0168846,1,0.9408444420492845,1
ID_265B53D1,1,0.9463664177790418,1
ID_28EC6262,1,0.5281553684791562,1
ID_8AF58913,0,0.7569768170090931,1
ID_6B3B7230,1,0.9309703210886748,1
ID_C4F7832E,1,0.965325229585199,1
ID_C1028851,0,0.607828678597499,1
ID_7BE20DE8,1,0.6599926728429405,1
ID_116F5986,1,0.72152501384954,1
ID_DC678B61,0,0.5320632616333432,1
ID_D7C0F8E1,1,0.9482041922842387,1
ID_D693110B,1,0.31080385923546683,0
ID_16AAFFA4,1,0.9547963562654113,1
ID_2B7015DE,0,0.43212026759799216,0
ID_BB6D21F8,1,0.2830012497905515,0
ID_DA9EEF12,1,0.954848238040198,1
ID_78957986,1,0.9465912469830176,1
ID_6A4657FF,1,0.7089722068683697,1
ID_5045DC23,1,0.969892586820823,1
ID_781ECE50,1,0.9483764499416931,1
ID_17004110,0,0.579237917216862,1
ID_B28332B9,1,0.681122777006918,1
ID_6643D98F,1,0.48824793566974484,0
ID_64A0BD4B,1,0.9512954771005829,1
ID_3DC7DA3E,1,0.2906439355782074,0
ID_B0DEB458,1,0.9537629286609074,1
ID_5C616378,1,0.5560830692939505,1
ID_2161BBF3,1,0.9572430913114099,1
ID_4E042597,0,0.5875653084452127,1
ID_550B5CE3,1,0.9732855531018336,1
ID_4A4BC2F9,1,0.9597376978792631,1
ID_7EF69E89,1,0.7001863904027973,1
ID_56FA607E,1,0.9702013143120232,1
ID_D7616E08,1,0.7126366147064804,1
ID_4A3849B9,1,0.49861235548706423,0
ID_00A9231F,1,0.9565464530194775,1
ID_DF61196D,0,0.6742077641479466,1
ID_4BE94895,1,0.9292751340103762,1
ID_1BEF5D6A,0,0.6495861964541861,1
ID_029B00FE,1,0.9169974012026088,1
ID_D69186A8,0,0.9108881571327702,1
ID_69BA4960,1,0.9152538518667616,1
ID_D26F57E2,0,0.9083394201384662,1
ID_92677253,0,0.34582644666559154,0
ID_03AFD197,0,0.3842091511988479,0
ID_39AE476B,1,0.2884231905152307,0
ID_82688AD1,1,0.9104159200464121,1
ID_38FF4203,1,0.952480797518718,1
ID_E499B9B8,0,0.40605213655072214,0
ID_2565FC07,0,0.39104114450575655,0
ID_66C42E55,1,0.9216542057742664,1
ID_911F86B4,1,0.33217582038986093,0
ID_8FF4BB5D,0,0.47672071263600907,0
ID_E65AB050,0,0.9545867388987792,1
ID_286ACDF0,1,0.2365473777174186,0
ID_03E9D7A4,0,0.5156119556768229,1
ID_B4B1EEC2,1,0.9015879839661004,1
ID_714F4E77,1,0.938667952911065,1
ID_92138467,0,0.42856637630531486,0
ID_8EE71A53,0,0.5451057728286783,1
ID_EA309336,1,0.4443044227496178,0
ID_4083C9A9,1,0.4306226575585345,0
ID_C8EA287D,1,0.8584481278335445,1
ID_BB7BEAFD,1,0.8909215228205196,1
ID_E0D93E0E,1,0.9551714562383213,1
ID_6E4987AC,1,0.9489795735244284,1
ID_74AAB88B,1,0.6141392455403337,1
ID_9E17C829,0,0.7397247057228159,1
ID_23183437,1,0.9367233197262815,1
ID_E4E6EEA5,0,0.5291164776205366,1
ID_1657FBB7,0,0.38213091469016663,0
ID_4C614225,0,0.31732763225437416,0
ID_C6E39914,1,0.9411909183549184,1
ID_0D85CFE4,1,0.5618304623547333,1
ID_D79CB72E,1,0.4385502841840966,0
ID_39312AF0,1,0.6256840606838172,1
ID_5A83CD7B,1,0.956214718426221,1
ID_77A3B272,1,0.37671513902312453,0
ID_7D528C25,1,0.6384391302821624,1
ID_2566F653,0,0.21263498631747224,0
ID_6189B9FC,0,0.24729058048523717,0
ID_265C3C3B,1,0.9314268118437018,1
ID_61E503C7,1,0.961097526644789,1
ID_C2D40741,0,0.3879987603860176,0
ID_1702668A,0,0.4267596524477407,0
ID_8108A483,0,0.389208393399494,0
ID_0A8C12F2,1,0.954023324350768,1
ID_6B44FC2C,1,0.9553967584889591,1
ID_86155AAE,1,0.4858762384512563,0
ID_86A0AB17,0,0.34421356371956835,0
ID_6C1F4FBF,0,0.37181249380663706,0
ID_5CEB6CF0,1,0.3876815626932323,0
ID_4DC9A319,1,0.9445056609585665,1
ID_A70991D0,0,0.3370307411593544,0
ID_0B3F430C,0,0.3305669618382607,0
ID_85A77EE0,1,0.2922334279756748,0
ID_413375AE,1,0.5237210007132818,1
ID_42D85B69,1,0.955151147973334,1
ID_778DB41E,1,0.9181641862127214,1
ID_B4160E67,1,0.9461709999967017,1
ID_54E28BF5,1,0.9444829745599235,1
ID_2888B098,1,0.8693440459749466,1
ID_DE838CE9,1,0.963090204190021,1
ID_3461A6A9,1,0.9365905167952557,1
ID_FA58BB34,0,0.5800039457480496,1
ID_08F02A27,1,0.9632791300462744,1
ID_41A3AB9B,1,0.9056258977915069,1
ID_82D9FFA5,0,0.32773459502065044,0
ID_9796915F,1,0.9092045836278708,1
ID_5B3993BE,0,0.47722986547258905,0
ID_D99814F1,1,0.9546386126974057,1
ID_4E9FF5CF,1,0.9399531411203554,1
ID_B30063C2,1,0.7028003031707374,1
ID_9007982C,1,0.9468009447783996,1
ID_C1FD0943,1,0.9477964514152482,1
ID_1C443DEF,0,0.5864098966075341,1
ID_6EF1C940,1,0.9335529816681315,1
ID_8FA4F8AB,0,0.4363629377593246,0
ID_71F540D8,1,0.97165079546264,1
ID_88352921,1,0.9689537321238048,1
ID_3ABA5A58,1,0.9611074706427953,1
ID_DEC0C75B,1,0.9581842076364607,1
ID_9D732C24,1,0.9331623782740989,1
ID_816F2659,1,0.9509361965196241,1
ID_493FBA64,1,0.9635318035495952,1
ID_D0D4CAEC,0,0.6182214689480777,1
ID_85551C5C,1,0.6821078683573153,1
ID_B75CCA54,1,0.9459580951450431,1
ID_0FE63445,1,0.819781247464714,1
ID_FA7A3BB6,1,0.9642452118040289,1
ID_F3A658D0,1,0.968347151423871,1
ID_A1891718,0,0.3883953902009926,0
ID_0D3DCEE8,0,0.6549175873164138,1
ID_A442976C,1,0.9695973860931749,1
ID_F22B6FA0,1,0.946371761141975,1
ID_C65A779C,1,0.9642441859352079,1
ID_A6F7EA1E,1,0.9637776990548188,1
ID_91C695DC,1,0.9597834215903405,1
ID_81F05F63,1,0.7388285285764097,1
ID_D253F35F,1,0.9593300054957485,1
ID_7A3BEF01,1,0.3844672263220168,0
ID_81169AB9,1,0.9535259007697316,1
ID_83395215,1,0.9696038299803268,1
ID_53495D1A,0,0.39244711938321647,0
ID_0E9D51C4,1,0.9369107908849442,1
ID_1204C559,1,0.34987296813673163,0
ID_72024473,1,0.5099135295805287,1
ID_33B114CA,1,0.9352850632426178,1
ID_40FD73EA,1,0.9551724664607181,1
ID_AB7DD191,1,0.9616423608318363,1
ID_61CD6E87,1,0.9278426820585152,1
ID_9B785BDB,1,0.9477056932408414,1
ID_C62C2900,1,0.8930354908816137,1
ID_E8D31319,1,0.9698932905869421,1
ID_27790398,1,0.9636169831475885,1
ID_5F245A32,1,0.7632065442823419,1
ID_23F04A4D,1,0.9696650950053752,1
ID_E2E86D13,1,0.8335787776719642,1
ID_4C92D064,1,0.973676826602464,1
ID_6A1C5D57,0,0.41487464936320406,0
ID_7F500D5C,1,0.9610584683302895,1
ID_9EB866BD,1,0.3909352145982956,0
ID_A902E49A,1,0.9471553908223312,1
ID_7B80D18B,1,0.9425112669282477,1
ID_415E1972,1,0.9612381680188311,1
ID_46D01EB0,0,0.41298538893232234,0
ID_8F6951B6,1,0.9624169912860582,1
ID_3DA70DF8,1,0.9650361662659401,1
ID_E545182B,1,0.6661965069480361,1
ID_3F0646FE,0,0.6433137706634298,1
ID_938CBD7C,0,0.973012537097535,1
ID_82967851,1,0.4099322048714494,0
ID_297B647B,1,0.31308159238612865,0
ID_498A3FB4,1,0.9047322869250816,1
ID_60BA4CAD,1,0.9493986072532937,1
ID_5711ACFF,1,0.9114383294100213,1
ID_B9680862,1,0.9793188682646272,1
ID_C0B01638,1,0.9552938943976799,1
ID_0EBE53E4,1,0.7486604404093756,1
ID_888D6464,0,0.9575769245711362,1
ID_A3000120,1,0.3738507676757406,0
ID_B860973C,1,0.5953476263320973,1
ID_2FA4E0E4,1,0.9333712405704705,1
ID_86F49959,1,0.9681571500028086,1
ID_B31C138B,1,0.5175354309614966,1
ID_32C3BF2E,0,0.3221084789143149,0
ID_80450B1A,1,0.9491335073361612,1
ID_54B659EB,1,0.9408687576841162,1
ID_64502CAF,1,0.9561110711949413,1
ID_6ADF83C8,1,0.9579959236801182,1
ID_2B7D04A5,0,0.3139336039259406,0
ID_7205C942,0,0.3306110114995717,0
ID_1A121219,0,0.3596871005388244,0
ID_F50F0E96,1,0.5733472734306484,1
ID_F93EC8E4,1,0.9573659201736386,1
ID_E372B590,1,0.9362080680213678,1
ID_B13B5007,1,0.9379335522847599,1
ID_5892A516,0,0.3444124910378123,0
ID_41D5D3BF,0,0.43165997910237763,0
ID_A02434DC,1,0.9611534405994566,1
ID_267CFA2B,0,0.6110375756799225,1
ID_85F50A77,0,0.3393171191500887,0
ID_82DBEF55,1,0.9455087801236542,1
ID_4FE20C82,1,0.9537428370756829,1
ID_979875D4,0,0.2734390087568553,0
ID_1C0CA540,1,0.9486598512298722,1
ID_50F7DA5A,0,0.9402212333310582,1
ID_818B8044,1,0.7540555108017073,1
ID_52BD3587,0,0.5122096550128612,1
ID_5EEB7A11,1,0.9621401000251496,1
ID_81529176,0,0.34240624680524817,0
ID_6EFF806B,1,0.9193090986457291,1
ID_D79F847A,1,0.3590520198627753,0
ID_57ED45D9,0,0.3666925496861476,0
ID_400D1515,1,0.9386017342901771,1
ID_10506E50,1,0.9523365732037671,1
ID_2CB3EA65,1,0.3733714741412155,0
ID_404D823A,1,0.7421934551729664,1
ID_BF7D59E5,1,0.9497340955055764,1
ID_B85F7A8E,1,0.8939420753262957,1
ID_0EFD63CE,1,0.9443269775000722,1
ID_F045B712,1,0.906452582352093,1
ID_14FAFA37,0,0.44003975372904064,0
ID_118AF328,1,0.9225537154453379,1
ID_5531D8AB,1,0.9471380241046318,1
ID_4E7C9CF1,1,0.9444559141451253,1
ID_8944720A,0,0.3250483333830943,0
ID_0210A4D9,1,0.9329653371225796,1
ID_ED8A37A1,1,0.9670048799189812,1
ID_5206EBD4,1,0.9390378084654127,1
ID_35F6D8AF,1,0.9418351346894567,1
ID_29F6357A,1,0.9615488534799926,1
ID_BE03209F,1,0.9587490892635163,1
ID_53BB310B,0,0.5233320213943254,1
ID_3D8E659C,0,0.6115155864170442,1
ID_61EB7B8E,1,0.950257614915902,1
ID_8C19B413,0,0.6711362099054465,1
ID_70A7B799,1,0.9596767830900145,1
ID_F69D9A69,1,0.9514327657324547,1
ID_7C2CF736,1,0.961086101155618,1
ID_CE420438,1,0.9681581968680075,1
ID_5145A977,1,0.6450202067141411,1
ID_2BFC72FD,0,0.5140262548897917,1
ID_C1996EAE,1,0.9550051176923817,1
ID_FF31985A,0,0.3900206354785463,0
ID_E6BC9437,0,0.6260324162748716,1
ID_54D6571A,1,0.9525888992540907,1
ID_3491CE65,1,0.9774371330064247,1
ID_CD9FC592,1,0.9638539030963166,1
ID_583B4352,0,0.5225043605542417,1
ID_B6B50837,1,0.494998074394584,0
ID_8EE60FC5,1,0.9424060492460967,1
ID_4E7CABD9,1,0.5231889125925179,1
ID_969A914F,1,0.9348303071517027,1
ID_79F12136,0,0.6158858430701756,1
ID_E6D196C5,1,0.9658623573719378,1
ID_6006A62A,1,0.9644252538141845,1
ID_1023EC7E,1,0.9726197452531345,1
ID_385B6C0F,1,0.6309002744872955,1
ID_D575F611,1,0.9545252825072766,1
ID_60DF28F3,0,0.3432366199159847,0
ID_D0FF2BCE,1,0.337019234665066,0
ID_689ADA40,1,0.6208560993683147,1
ID_CF9506F8,1,0.9456970061945597,1
ID_E3A271EE,1,0.9572424276606909,1
ID_758AD5CC,1,0.6634901623466507,1
ID_24AC56A2,0,0.5181966288704934,1
ID_0EC5C80A,1,0.9596979142541957,1
ID_EE85E1C4,1,0.9679947343113113,1
ID_2251250D,1,0.9650431418037895,1
ID_F0FC377D,1,0.8775194306279492,1
ID_19C76F65,1,0.9700074655876063,1
ID_46D958E6,1,0.9673591475179398,1
ID_4C91D9EC,1,0.9567809244216949,1
ID_2ACF8BCD,1,0.9675349815568655,1
ID_551F161A,0,0.5376687085318741,1
ID_5E8C8DD0,1,0.9642409985530916,1
ID_6A0DA214,1,0.9690400746193213,1
ID_664D2CCE,1,0.3470973789215905,0
ID_52DA7C06,1,0.9705870512066243,1
ID_20940827,1,0.9459490393698524,1
ID_25D9B636,1,0.9648848924551958,1
ID_52CB4FCB,1,0.9456443410946682,1
ID_FA25A0CD,1,0.9566268916888074,1
ID_E424A1CF,0,0.48396790327060774,0
ID_4DDA05DD,0,0.4613063481151747,0
ID_DAA0B177,1,0.9615756734705282,1
ID_E5A7DE91,1,0.9677956647784183,1
ID_576448E5,1,0.9636423124040294,1
ID_CEC08043,1,0.9734527423690015,1
ID_430EA20B,1,0.678631790936514,1
ID_96DD947B,0,0.4451897099138579,0
ID_D80F826B,1,0.4251446935835434,0
ID_D373963F,1,0.9662085261565134,1
ID_0C7BD1A5,1,0.9026525928484187,1
ID_A6FF700C,1,0.9666403520753074,1
ID_40E867AA,0,0.5054446052629346,1
ID_688AED11,1,0.9524004095824321,1
ID_50C9C59E,0,0.3586771877007245,0
ID_7E773C34,1,0.9464228328490711,1
ID_F337E5D4,1,0.4905824232742245,0
ID_5312C4BC,1,0.9320344034853373,1
ID_4D3650B3,1,0.9343457842406651,1
ID_7118DF81,0,0.37031207272981265,0
ID_9188AE28,1,0.9526788181449505,1
ID_55C96DA2,1,0.9599959783692072,1
ID_A9C73938,1,0.9572100799563172,1
ID_99A6DD69,1,0.9525751110874313,1
ID_0767B165,1,0.9671321196659888,1
ID_7BE450E2,1,0.6914534554663673,1
ID_35A50C79,1,0.9616012591883623,1
ID_EA91E84C,1,0.5821931898090269,1
ID_ABE57139,1,0.9450697651066565,1
ID_D2BB5203,1,0.6991680515142268,1
ID_FDCD2D3D,1,0.9478908865309531,1
ID_874EFB18,1,0.5733458071480869,1
ID_A74F666A,1,0.6157090429882377,1
ID_6A03E903,0,0.7394852081814696,1
ID_22359F8F,1,0.9581444158477885,1
ID_9EC6DADE,1,0.7095846305290099,1
ID_1E15CBBE,1,0.4531991799117239,0
ID_717294A3,1,0.9550318624362205,1
ID_10B91CDB,1,0.9735501828869985,1
ID_9018AB15,1,0.9619977306014027,1
ID_CF6F0243,1,0.9355846232931813,1
ID_658E7F32,1,0.9484246136205438,1
ID_D27C9FEF,1,0.9428023981219814,1
ID_9FE8D577,1,0.9152934647088898,1
ID_55D474D3,0,0.3653187503618061,0
ID_C3816830,0,0.4302087163228154,0
ID_EBF5B890,1,0.9519990048919934,1
ID_F5D19F44,1,0.9445357988642117,1
ID_6BD01315,1,0.9416270207359801,1
ID_DFF8AE6B,0,0.47517664364027173,0
ID_566B3A80,1,0.5604331983596869,1
ID_D123B9DF,1,0.34343630763927147,0
ID_2D980B6C,1,0.9576171613916822,1
ID_50E1D073,1,0.9432768796889895,1
ID_9BF9DA19,1,0.3250071583184434,0
ID_03422E73,0,0.9549237013608872,1
ID_6C323092,1,0.45676015820884736,0
ID_E3A697C1,1,0.9362127096280569,1
ID_44CA109B,1,0.9404543396904038,1
ID_8BB2A13B,0,0.47184806540047985,0
ID_9B4BF8D2,1,0.5589558372238846,1
ID_E6B6C0B5,1,0.9395762061491922,1
ID_E69C2962,1,0.4921572145000994,0
ID_0BB99803,1,0.4538137679063591,0
ID_9DCB8F62,1,0.9365298005362802,1
ID_1F1DFE4A,1,0.466448916269529,0
ID_9DE68287,1,0.8997001860196099,1
ID_882B8937,1,0.8973394013556777,1
ID_68854D5E,0,0.9540236936040067,1
ID_CBB83F58,0,0.40517079139143297,0
ID_5CB62514,1,0.9454205915090347,1
ID_C16FBD8A,1,0.692215993966782,1
ID_DA64D7FE,0,0.8185105172447644,1
ID_957B8785,1,0.5349569759809691,1
ID_F6D60A52,1,0.944547242739127,1
ID_6BCC8B0E,0,0.438874635084347,0
ID_57CBF996,1,0.8592526633993349,1
ID_22E6A850,1,0.3954524890231359,0
ID_1225796E,0,0.6504722813178868,1
ID_E1A709AF,1,0.9221320139581515,1
ID_C7560DEA,0,0.39129481556760287,0
ID_1E530CC5,1,0.9480897370183529,1
ID_5F526927,1,0.9639339654471194,1
ID_4327C4DA,1,0.4948403203885837,0
ID_C52F69A6,1,0.9613887334317088,1
ID_417535DE,1,0.9534430739513622,1
ID_C6D93FAF,0,0.6550966297603942,1
ID_80282323,1,0.32410652680481955,0
ID_646A676C,1,0.966030297971003,1
ID_A80CCDB1,1,0.9580422969686441,1
ID_C9BA1615,1,0.9685408558724109,1
ID_5935ED7A,1,0.9537174009120157,1
ID_CD20F70E,1,0.9720598806120347,1
ID_E5AF8AF9,0,0.959465324761969,1
ID_B7E83195,1,0.9680436475760282,1
ID_148D12D2,1,0.9718252735441002,1
ID_0D0ADD6A,1,0.9588116956750012,1
ID_DD4E9CFA,1,0.9555052722932343,1
ID_C864D217,1,0.9495233758155743,1
ID_58728705,1,0.9435326692161403,1
ID_27026B6B,1,0.9516368568234023,1
ID_740037D9,1,0.9216760654015922,1
ID_CD2937D4,1,0.9500421063664646,1
ID_DD83C95F,0,0.5348627056904116,1
ID_488B4AA4,1,0.9472939454455636,1
ID_C68AD564,1,0.9507439133008885,1
ID_64783AD0,1,0.9668377574653407,1
ID_3A959363,1,0.9405683716109432,1
ID_8CD824C6,0,0.9673216674887253,1
ID_1C9747C1,1,0.646960969104786,1
ID_59B63426,1,0.9713704742404973,1
ID_AB4475C2,1,0.9467183845578814,1
ID_EE067B67,1,0.9529053336702669,1
ID_D804156F,1,0.8265764615715793,1
ID_BE335041,1,0.9432875044398317,1
ID_B934AA2E,0,0.43473064338787576,0
ID_BB481EF6,1,0.9369779432703242,1
ID_F6AE561B,1,0.9131317549165574,1
ID_56BE2BD9,1,0.6676292717535339,1
ID_7EB6F119,1,0.9392175092417738,1
ID_EE4AB314,1,0.6488967489285965,1
ID_9EAAC0ED,1,0.9491551997907978,1
ID_CAEDC886,1,0.4440715404810255,0
ID_5CBA7A86,1,0.91772702228483,1
ID_6B82518A,1,0.9280878345684684,1
ID_5CC7158F,1,0.5417600109340587,1
ID_0DAFA839,1,0.9324121177559406,1
ID_DC9B0E28,0,0.6926271081062237,1
ID_5858B4BC,0,0.5792876153007628,1
ID_FCFEFAF2,0,0.4985576183368745,0
ID_4FAC6F7C,1,0.94520625918918,1
ID_F7C7ADAF,1,0.7609215786290807,1
ID_6DFAE512,1,0.9653689785661161,1
ID_A75585F1,1,0.9492812963324595,1
ID_6BF1EC60,1,0.9032525139186027,1
ID_4B27B222,0,0.6650428604043551,1
ID_29F51221,1,0.7132515493272892,1
ID_D0582EDA,1,0.9493885431812068,1
ID_3585E84F,1,0.3683970173516512,0
ID_66FF0516,1,0.9550721231451341,1
ID_B8E0D817,1,0.9425385282377156,1
ID_527A51CA,1,0.6726477400467439,1
ID_3D197242,1,0.6504863918808858,1
ID_810D734C,1,0.4799872070172732,0
ID_60833321,1,0.5117883685241331,1
ID_015CEE3C,1,0.9521551415913764,1
ID_15E55F0A,1,0.6851327189604374,1
ID_643ACF41,1,0.9016444938930159,1
ID_47933C8C,0,0.9579272299772623,1
ID_0543CB9E,0,0.5650883674096111,1
ID_C400C8A8,1,0.9373792173590725,1
ID_3FC185C6,1,0.911029817804261,1
ID_A776FC55,1,0.9621181354374043,1
ID_CE77BA01,1,0.9421892417702691,1
ID_1D4B3086,1,0.464893328286816,0
ID_4B8CA486,1,0.9454597842010273,1
ID_C29B4EBE,1,0.6602537221998537,1
ID_D4539961,1,0.4710337414418081,0
ID_04DEE23B,0,0.660831342639049,1
ID_D842C870,1,0.9504739240728814,1
ID_93C135A8,1,0.9571319406333645,1
ID_EF39C8E8,0,0.5044246421182638,1
ID_A6EDA137,1,0.9616124090731075,1
ID_20FF216E,1,0.9506628751029511,1
ID_7D693DD6,1,0.44666979880177193,0
ID_13913FB2,1,0.978278669614813,1
ID_C1F239B0,1,0.482748426925608,0
ID_89C13F82,1,0.5431086999034074,1
ID_289050C2,1,0.35175742827397166,0
ID_F4E16FD8,1,0.946887955615137,1
ID_7CBCC60D,1,0.9660964155801539,1
ID_2973AD5B,0,0.5011094779999241,1
ID_0B40A926,1,0.8776760943422455,1
ID_6B2D0F38,1,0.6115244854268597,1
ID_0F89E7B4,0,0.4659342861196582,0
ID_5EAE1D03,0,0.39542393185632446,0
ID_527B1488,1,0.9650337526496547,1
ID_C8C221FA,1,0.9582876571527124,1
ID_6ECE869F,1,0.9646895573095886,1
ID_F50DFAAB,1,0.9577686436743471,1
ID_86D13545,1,0.9565381690943598,1
ID_D772ABF6,1,0.5440501687112808,1
ID_C85FCA8A,1,0.2733613806947218,0
ID_6BEEA7A0,1,0.5401074506341303,1
ID_5A188984,0,0.6937150751172749,1
ID_AB77D371,1,0.9668823846023632,1
ID_859A7895,1,0.9686186345501804,1
ID_77FB28D8,1,0.9640050673292662,1
ID_80F03AB0,1,0.9421961475042573,1
ID_BBEC5936,1,0.9551760807325599,1
ID_380BAFFF,1,0.9665138157122031,1
ID_1F304AF0,1,0.46018137040671947,0
ID_DB28E461,1,0.9621945555023254,1
ID_E5A35FD8,0,0.5291850227001696,1
ID_AC8983F6,1,0.9543244018413585,1
ID_EFE5B23E,1,0.679998214406193,1
ID_A0C28C70,1,0.9598938516548113,1
ID_04F95B39,1,0.9457431085695056,1
ID_00D88BD4,1,0.4538269663877042,0
ID_C41DC317,0,0.4931037399247255,0
ID_C8089256,0,0.8099571261088683,1
ID_7A22A216,1,0.9551617586631299,1
ID_F429DC84,0,0.5738626121630396,1
ID_0A5147CF,1,0.9505693858508857,1
ID_05AC72B2,0,0.631626636716447,1
ID_BEC74407,1,0.9509669665128277,1
ID_4D1CC69A,1,0.9629251770654572,1
ID_FCCFAD14,1,0.5981611390678923,1
ID_D0372346,1,0.7152215180913013,1
ID_9075130F,1,0.9701087403444274,1
ID_46A5FD4D,1,0.47445041013213224,0
ID_545B30EC,1,0.96161204532202,1
ID_59C1C19F,0,0.672373148117694,1
ID_EFA18D1D,1,0.937120877301161,1
ID_FF530A4C,1,0.9511010246765053,1
ID_99B518EC,0,0.4373740373434327,0
ID_69B14B42,1,0.3195168192099406,0
ID_F269CB20,1,0.6026515782712752,1
ID_63B26E46,1,0.9552170400626685,1
ID_38C6B40E,1,0.9384866163314923,1
ID_CDF1AB66,1,0.9550731333266536,1
ID_CE19B7EC,1,0.8992025297464706,1
ID_B28940AA,1,0.9604067569715731,1
ID_0A03FD0B,1,0.9603275363260648,1
ID_69E249CB,1,0.6304363076186613,1
ID_6EA75B5E,1,0.5043397825614804,1
ID_6F7D1578,0,0.5487279001266072,1
ID_31E5BBF0,0,0.5615325479392925,1
ID_2AF11C56,1,0.9543197938744736,1
ID_52D268D0,1,0.9657533662896771,1
ID_629BF50E,1,0.5800038262696032,1
ID_C12136F0,1,0.9290531783328311,1
ID_46571CFC,0,0.5173060919536738,1
ID_C58AD1A0,1,0.5601091813008455,1
ID_2EDAC203,1,0.9737880261851943,1
ID_F722CE17,1,0.40296107650350677,0
ID_AB39942F,1,0.9335667649067887,1
ID_6FC961D4,0,0.5384576215393942,1
ID_8DA9D906,0,0.645243802067529,1
ID_A3F73425,1,0.9643934418472945,1
ID_00401F99,1,0.4323953172762151,0
ID_575DAE20,0,0.3896046185163042,0
ID_0293C532,1,0.6894551539677108,1
ID_919C03F1,1,0.9669637302410399,1
ID_539FE42A,1,0.5407344526246797,1
ID_3F4D28FB,1,0.9424083932236206,1
ID_FE33134F,1,0.9597263813275048,1
ID_B2F0BB3A,1,0.9614941357550426,1
ID_004E8CB1,1,0.9555499339750795,1
ID_049A4279,1,0.40244319891652275,0
ID_B56D77B3,0,0.4685992074750088,0
ID_5C9CC4A3,0,0.560845750395754,1
ID_AA98DBDB,0,0.5538817556488616,1
ID_F2624439,1,0.9624506900544298,1
ID_E83EC397,1,0.9758924137944195,1
ID_F13E820F,1,0.3045903051110559,0
ID_C2D9C172,1,0.9420706141958958,1
ID_75DE388C,1,0.9649794896686242,1
ID_23E8E465,1,0.9643083132456081,1
ID_CAFA7E3D,1,0.9604086911541486,1
ID_4FFE599B,0,0.33650986067147076,0
ID_485E2F89,0,0.32693250647455446,0
ID_997F9378,1,0.9690871354367864,1
ID_988B5552,0,0.47497577536496416,0
ID_3EBE9283,1,0.40136812753212364,0
ID_BBA683A5,1,0.9259703830702746,1
ID_8560E595,1,0.9552819759743877,1
ID_9526989A,1,0.9625712463107109,1
ID_D4BEC813,0,0.36948597504824654,0
ID_333F3623,0,0.24144344061433665,0
ID_31588542,0,0.3749929206747017,0
ID_A57A2C7B,1,0.9330252155951115,1
ID_4CC7DD1D,1,0.9360247393594062,1
ID_1172A0C3,1,0.9509266198028018,1
ID_628BBA45,1,0.9518312999195845,1
ID_3AE03F40,1,0.4818092970418505,0
ID_72B06281,1,0.9635506874067948,1
ID_55FB74C6,1,0.9494826130285225,1
ID_A70980A7,1,0.34882681429545465,0
ID_42812CC8,1,0.6193566561856952,1
ID_F91F31FF,1,0.9730941525238768,1
ID_3C85DA2E,1,0.7587469670823819,1
ID_D7982FA1,1,0.3860204498514787,0
ID_4318A129,1,0.7757021904315619,1
ID_A5D08754,0,0.40680653143591217,0
ID_5F92544B,1,0.9548134340286732,1
ID_7A523104,1,0.932513540242351,1
ID_9A645C06,1,0.9460450930814616,1
ID_779470C6,1,0.95206762462541,1
ID_01F28D8A,0,0.6229920672506793,1
ID_93C1057E,1,0.9031151982483796,1
ID_FB8A7E68,1,0.9411846378840097,1
ID_68C18D0C,1,0.9611722248585042,1
ID_D5B5A96E,1,0.963865290519407,1
ID_31C45552,0,0.41215733692891565,0
ID_B2EFA99A,1,0.6983471335830268,1
ID_0B26A673,0,0.33542312530505114,0
ID_7E3ECD00,1,0.9478131385702169,1
ID_7F3FA94D,1,0.9630858956319559,1
ID_C5A0A3E7,1,0.9531727067366444,1
ID_A1735C93,1,0.448126462824654,0
ID_22CC4EBD,1,0.4223774880093816,0
ID_A0FECCDD,0,0.6183639357362612,1
ID_572B35A6,1,0.9583912462869045,1
ID_9519C5DD,1,0.877495559916502,1
ID_C7AD2EDB,1,0.3667800972182179,0
ID_6F2445AC,0,0.9509596820963264,1
ID_75FAF9C7,1,0.46624847596689073,0
ID_CEBC2A3A,0,0.588502614454393,1
ID_0C066F7F,1,0.9457187486690009,1
ID_49B36E72,1,0.5287083085600994,1
ID_A862E174,1,0.3415674388606238,0
ID_44F47F00,1,0.679630247656422,1
ID_7BC18A25,1,0.9286443062123241,1
ID_3A7F6175,1,0.9592527670762905,1
ID_E3400838,1,0.916021557435405,1
ID_20EBBDDF,1,0.9503330307017157,1
ID_84AC03B4,1,0.9566684563053431,1
ID_D5FBFF68,1,0.916385696505148,1
ID_E04C3FFD,0,0.7472492914972593,1
ID_D85E383F,0,0.30198032936426134,0
ID_C455C5A4,0,0.6081711196258551,1
ID_09C8FD41,1,0.4512990856949114,0
ID_F033A3D0,1,0.9461115861147871,1
ID_84885023,1,0.9368732324890237,1
ID_4838110C,1,0.32304303138249857,0
ID_367663C7,0,0.3477572713356783,0
ID_B6DE147F,1,0.9378097094709994,1
ID_18BBDDE7,1,0.9584780673949069,1
ID_765470AE,1,0.624632263902568,1
ID_08C3B372,1,0.948996868849557,1
ID_29720097,1,0.9544371911064888,1
ID_73E8EA1D,1,0.3673581836880591,0
ID_7E061FB2,0,0.40743713431065587,0
ID_42800C10,1,0.9562474489631564,1
ID_C886ED25,1,0.9590295207323744,1
ID_168AB1A3,0,0.506212492767566,1
ID_C4BF2217,1,0.9155454035264616,1
ID_884E201A,1,0.9005384217548674,1
ID_D0E294E4,1,0.4633686913178091,0
ID_68919C16,1,0.9374718914115362,1
ID_37222ADD,1,0.7298769575636658,1
ID_02512E4D,1,0.9586891495521616,1
ID_41B6BDF4,1,0.3816176533958099,0
ID_C87A8477,1,0.9591573646925177,1
ID_D53FD9DF,0,0.941579158443627,1
ID_7AA26E71,1,0.926658175564569,1
ID_D33C684E,1,0.961949991174504,1
ID_389A2F84,0,0.409790355161617,0
ID_7F47ABE8,1,0.9234221238432966,1
ID_EFC8020D,1,0.933452496489912,1
ID_DCE312D0,1,0.6047865582775899,1
ID_87B45FAE,1,0.9730129097336526,1
ID_00298A4E,1,0.9523859968644203,1
ID_3A8ED15B,1,0.9465396578870973,1
ID_05B98279,0,0.5108838972446248,1
ID_170F2439,1,0.9447057426623789,1
ID_F412081A,1,0.947092825505834,1
ID_E5BB2015,1,0.933414039999418,1
ID_37B84904,1,0.6035867984145742,1
ID_9E3FD2CB,1,0.9321425308778786,1
ID_D851BB05,1,0.9213579475845618,1
ID_DDCEB930,1,0.27983663352639343,0
ID_CA551AEC,0,0.3018765716208353,0
ID_B992ECCA,0,0.9282687182325216,1
ID_F5A3A556,0,0.34986299252263964,0
ID_090A94C7,1,0.9559678182035014,1
ID_0902CF20,1,0.9330345329869565,1
ID_6B2C8E86,1,0.9114099651809191,1
ID_52435B30,1,0.9439236133670984,1
ID_009995F8,1,0.9030001795477994,1
ID_A0B09509,0,0.30447618253804226,0
ID_B4B7ACAB,1,0.9329809565984205,1
ID_DC9B94E2,0,0.8098456471953659,1
ID_131E93CA,0,0.9401137907709183,1
ID_30E1D8A5,0,0.43420263636144146,0
ID_37551D30,1,0.9352975833174421,1
ID_0CB6BBF9,1,0.9638419829830485,1
ID_AC6DC5D0,1,0.9576777995442336,1
ID_D5406377,1,0.9420419994641631,1
ID_8479C56D,0,0.5366236383174482,1
ID_B786D4DD,1,0.353909312408029,0
ID_C134F30E,1,0.9313342637370995,1
ID_50463576,1,0.9394230683199065,1
ID_5767AF74,1,0.9251425402850502,1
ID_3805BB8C,0,0.5494427344190278,1
ID_CD31D3D8,1,0.901142782808503,1
ID_17A37F50,0,0.532879592035374,1
ID_9188944F,1,0.534855361639234,1
ID_16F57F38,1,0.9111850270876367,1
ID_3C66A21A,1,0.9479727418757545,1
ID_1BB22422,1,0.8874338490900779,1
ID_2F9A0B54,1,0.9493864989978753,1
ID_FD0BE1C2,1,0.3641185171442883,0
ID_7606E49F,0,0.7232928807536024,1
ID_B39C15E3,0,0.3687454488442567,0
ID_531F07A7,1,0.8844800904250674,1
ID_F2F68D10,1,0.9343748355214465,1
ID_46AC79CB,1,0.9668170411944543,1
ID_5A548062,1,0.9578061813725196,1
ID_D8C7E62F,1,0.6243727889662096,1
ID_5555CB0E,0,0.4409480187198468,0
ID_9B7CE721,1,0.45271608556219456,0
ID_0BACB672,1,0.9215813184782491,1
ID_D46638E1,1,0.8608434303194392,1
ID_413B4C3A,1,0.9327723306354461,1
ID_31BEF6AE,0,0.3033751685597282,0
ID_0AF2900C,1,0.702958693839694,1
ID_BD535717,1,0.9291821869014192,1
ID_24F0FFD1,0,0.3608216488209138,0
ID_A787FFEE,1,0.4564672140798377,0
ID_ED0AEE49,1,0.6714478600380202,1
ID_6AB6F500,0,0.5852586937725963,1
ID_CEAF495C,1,0.959770448978637,1
ID_C69689F8,1,0.9599692738415484,1
ID_638342E9,1,0.7509800337698216,1
ID_A57B2D5D,1,0.9557629819127692,1
ID_C88F2A0D,1,0.339791406859296,0
ID_BE2B8687,1,0.966301454419441,1
ID_6E691B06,1,0.9365310177457161,1
ID_E89B6F06,1,0.9532918618143055,1
ID_1B3F601B,1,0.9452249531758801,1
ID_0702D9DD,1,0.9341804708953466,1
ID_23CCE190,0,0.6500941603093308,1
ID_8BAEEA40,1,0.9346314584104949,1
ID_CFA8014B,0,0.476379040199827,0
ID_4865C78F,1,0.9460688470520128,1
ID_F5D7D294,1,0.5418252560500387,1
ID_AC75E872,1,0.9483627910646972,1
ID_00A82A05,1,0.45274452037754764,0
ID_82265C5C,1,0.62064757730127,1
ID_1A2A9670,1,0.37811761898843776,0
ID_BA192FF6,1,0.9506338423773688,1
ID_8CE3B56E,1,0.948401774210591,1
ID_AF651D55,1,0.9229705942202459,1
ID_77B65FEF,1,0.4966961200521842,0
ID_8477B7A0,0,0.8578210619914508,1
ID_9376523B,1,0.9070856980768452,1
ID_65E91C12,1,0.9484861369043806,1
ID_EC889D3D,1,0.6301481296124773,1
ID_E1288747,1,0.5877076181477721,1
ID_64A2C9DF,1,0.9529901955655063,1
ID_35DB2B29,1,0.9457181073527894,1
ID_9F4AF4AE,1,0.9629394990962977,1
ID_49FFC76C,1,0.9532872217362437,1
ID_B47CE1BA,1,0.9711657411395979,1
ID_ACD191E9,1,0.8693493607367847,1
ID_96DEB397,1,0.932295020454897,1
ID_36E9B205,0,0.4793298334660715,0
ID_BB0102B4,1,0.9639915374385367,1
ID_1C9550A6,1,0.5315885002537389,1
ID_797D15FA,1,0.9503065472076797,1
ID_C7E7AAB7,0,0.34787743368320323,0
ID_59DF74CC,1,0.9636687049045708,1
ID_82576A52,1,0.9462343379683326,1
ID_858CA23D,1,0.6834452430491885,1
ID_8740DACB,1,0.943013288556916,1
ID_02E5F04F,1,0.5668950632855209,1
ID_5EF899EF,0,0.7012920803054535,1
ID_42DB49E0,0,0.9653513524968065,1
ID_6C14A5E8,1,0.9627827992156058,1
ID_819CB208,1,0.9352193328670116,1
ID_F6256E9E,1,0.49735076268367584,0
ID_4F92160F,1,0.9394364086241883,1
ID_08D1DE2E,1,0.3298729117053595,0
ID_2AA3917E,0,0.5886036318179806,1
ID_D6AEB1B1,0,0.5550168593486056,1
ID_3373490F,1,0.9507819424806444,1
ID_2E0433E2,1,0.9751250333739432,1
ID_9D81D14E,1,0.9406263424113434,1
ID_A75F78DE,0,0.4186494387115354,0
ID_078BBCB2,1,0.930164194738753,1
ID_82B09C2E,0,0.4105818138936428,0
ID_9F79A368,1,0.5351757570985681,1
ID_98D0A0CA,1,0.9300719824149007,1
ID_A6A408AF,0,0.6222020302401999,1
ID_B8439785,1,0.9182921123899238,1
ID_D16165F4,1,0.7347715440881843,1
ID_5890619E,0,0.9438811857937907,1
ID_8FF803F4,0,0.4248478137335426,0
ID_9FA0D218,1,0.9442165399960211,1
ID_40AA8925,0,0.5229927544839604,1
ID_B9A58907,1,0.49974795305981823,0
ID_BF59D5B1,1,0.5988388230297244,1
ID_3070742E,1,0.9625473097243605,1
ID_4262A398,1,0.45521615425066736,0
ID_E17DB819,1,0.9537522138032918,1
ID_1445ED40,1,0.9329608462443539,1
ID_A94A1E86,1,0.9454690227755689,1
ID_04FF56E0,1,0.41613972028015284,0
ID_DD634450,1,0.36575476798986034,0
ID_1C851BD0,1,0.8888552393938637,1
ID_CCCD6B89,0,0.9380919123648588,1
ID_2DE99080,1,0.8713832227878954,1
ID_C2BF04B1,1,0.8779820810443243,1
ID_A55B440A,1,0.9290204738322705,1
ID_4FEED3A4,0,0.5886647481933567,1
ID_163722A0,1,0.9556912499602919,1
ID_B56D8A1A,0,0.325542410560353,0
ID_01AB4F85,0,0.2871316201547656,0
ID_16304866,0,0.33456454614801096,0
ID_4D46DC53,1,0.9565882686405488,1
ID_05D0A293,1,0.911879200343404,1
ID_3AA44D1F,0,0.2834984509384317,0
ID_D6738EC4,1,0.9394451241545517,1
ID_CE578DF2,1,0.9447653621260804,1
ID_B40367FE,1,0.9389376233878775,1
ID_59EFC0C8,1,0.9405599612222142,1
ID_2DBD1AFF,1,0.6456484180435917,1
ID_1770B0FC,1,0.7442366001305594,1
ID_DF71BE47,1,0.9565015019730813,1
ID_0AC907B7,1,0.9542203417516232,1
ID_CB054B9B,1,0.9619150644312126,1
ID_A2ED9EEC,0,0.6679288726747643,1
ID_096E6CEE,1,0.9059233423619552,1
ID_76508CF3,1,0.6374919584909858,1
ID_162E91A6,1,0.6253487853495588,1
ID_4263E11D,0,0.6213137728500342,1
ID_A17F1BC9,1,0.4671508881598566,0
ID_9B42CDAF,0,0.7726098837831918,1
ID_E7AA9AE0,1,0.21926720106740416,0
ID_E561060E,1,0.9356346052182151,1
ID_64AD66AA,0,0.2504618994538035,0
ID_0BD19985,0,0.30848286060984065,0
ID_B4DA4719,1,0.955493054787867,1
ID_3E761C3C,1,0.5441879425575458,1
ID_C044B203,0,0.7474073464118899,1
ID_153B74C9,1,0.5502946604887283,1
ID_DE74CAE8,1,0.9459785600977417,1
ID_364E6636,0,0.5647326765332846,1
ID_6633F6B5,0,0.2892461396623861,0
ID_14C8A712,1,0.9586061971172362,1
ID_F0CB5EBE,0,0.34365686610202334,0
ID_C1473F59,0,0.40125101160745463,0
ID_193A3EE7,0,0.25670561465372965,0
ID_4BCED682,1,0.9062544168624754,1
ID_435A4AC7,0,0.2332821994397374,0
ID_6EF21266,0,0.9156120260166672,1
ID_A1DDAA22,1,0.9259877401526873,1
ID_70FA0E69,1,0.9449076129486426,1
ID_2F77C255,1,0.29771111217188884,0
ID_0AF1070F,0,0.24029059269616973,0
ID_B911AD7D,1,0.952230163572165,1
ID_6D03AECD,0,0.6300782117935401,1
ID_B35F99ED,1,0.3734882844508881,0
ID_9A9ACBEF,0,0.8103246623778474,1
ID_FC37970C,1,0.897559592375043,1
ID_64B802D6,1,0.9222340956944901,1
ID_187C8C2E,1,0.5699376705138547,1
ID_67892CFA,1,0.9440033067437233,1
ID_5303E988,1,0.9564194623835315,1
ID_A51E6E6C,1,0.9337594755491805,1
ID_3BC200F7,0,0.4923127343103858,0
ID_047A11DD,0,0.9605409603133273,1
ID_5F1BBDFF,0,0.6024890844638919,1
ID_4E2136ED,1,0.7581663195255613,1
ID_4071219A,1,0.5751375978331275,1
ID_F8DC3EF7,0,0.5638539051984007,1
ID_AFF04870,1,0.9535241018762355,1
ID_23543D3E,1,0.9088486777892985,1
ID_13CFA982,1,0.5156727423269508,1
ID_8B6043C8,0,0.523848362825823,1
ID_57680E20,1,0.9224136534177606,1
ID_855BBE30,0,0.43178211549204654,0
ID_FA9888D0,1,0.18500543622363189,0
ID_7E70793A,1,0.39623810990160246,0
ID_919982EB,1,0.9590147537849953,1
ID_D3186EE5,1,0.9354799103419781,1
ID_F939517A,1,0.9582058220999664,1
ID_F26D88DC,1,0.9604786922996671,1
ID_C09B3D0D,1,0.5780169473907021,1
ID_9017D140,0,0.40779082424017093,0
ID_F9F16AD0,1,0.9169260945636268,1
ID_0C32145A,1,0.9132136519941777,1
ID_1AEAB2CE,1,0.9302756328275718,1
ID_50520809,0,0.5604726636298196,1
ID_3D682D48,0,0.7834906937600012,1
ID_6AACFD62,1,0.9290405856816282,1
ID_7E7FC533,1,0.6114822096172441,1
ID_1801E65D,1,0.6721474576830259,1
ID_E5EFBC54,1,0.9050817643195027,1
ID_FED5B936,1,0.9643097277116423,1
ID_2C6A02B7,1,0.9621036847023582,1
ID_4D771E7C,0,0.8300144909608502,1
ID_51AAE2C9,0,0.3353803546311373,0
ID_89D3DC85,1,0.9333622249376144,1
ID_6CE4E8D4,0,0.343147427884871,0
ID_A7432300,0,0.43896426256016224,0
ID_2A54B55A,1,0.6363823220458865,1
ID_D1BF8BFE,1,0.920835622782392,1
ID_2618F364,0,0.463024677154139,0
ID_C144A2CF,0,0.9362657315710634,1
ID_AEAE2FB9,1,0.9326886338365251,1
ID_6BB12A67,1,0.9432392139062488,1
ID_5C390239,0,0.1573894195921431,0
ID_535AED56,0,0.3690891590332291,0
ID_36643EB4,1,0.9300199309351808,1
ID_1E3FADAD,1,0.9470843805188902,1
ID_7D7DA535,0,0.26834401307957306,0
ID_2D17ADE8,0,0.36944085951152184,0
ID_6A6BB8D6,1,0.9281088782021939,1
ID_42A5B393,1,0.962065303331226,1
ID_5914064B,1,0.89200641238783,1
ID_A8E13829,0,0.339681736680562,0
ID_2A0044E5,1,0.40816396811878836,0
ID_D149062B,1,0.686024444508632,1
ID_EDF737C3,1,0.586139834547485,1
ID_8F47E3E8,1,0.5133302507928292,1
ID_7DB14AC8,0,0.6331373839631768,1
ID_77E6EF43,1,0.537166100974731,1
ID_823C5F46,1,0.6028539323406752,1
ID_EDDC7B82,1,0.2773489077921889,0
ID_D004D910,1,0.9451962625015112,1
ID_DD426C56,1,0.9538318622159969,1
ID_49EB8CA5,1,0.9499869404761433,1
ID_C4C536C9,0,0.28213472014995694,0
ID_1E90C204,1,0.9518008617980892,1
ID_4B7A5DDF,1,0.9450845124105999,1
ID_D4507538,1,0.9213721325020913,1
ID_2D152555,0,0.44524856393243095,0
ID_DE5B99E0,1,0.9372487698775162,1
ID_E30CCAAF,0,0.2840788285113342,0
ID_86249821,1,0.9426739373915232,1
ID_D89F20AB,0,0.3427008840002638,0
ID_7E06072E,1,0.568114979854463,1
ID_7DB45ACA,1,0.9035979333525074,1
ID_31F62C97,0,0.25228977865316954,0
ID_F75915BA,0,0.3176762737515052,0
ID_E463D8FC,1,0.9113623053178631,1
ID_0BA4B502,0,0.25499926772020987,0
ID_1FA26E45,0,0.264474070116916,0
ID_5F6D84B3,1,0.9576238624542328,1
ID_8AE6AED0,1,0.6278926770178513,1
ID_3444066B,0,0.5321393015445027,1
ID_1170083A,1,0.9339603268634461,1
ID_BFABCB2F,0,0.26316495938367346,0
ID_CFC00C8B,1,0.5413226751141313,1
ID_9C0C7012,1,0.6393759007631418,1
ID_F691A2F8,1,0.944438832708022,1
ID_1CF99A7B,0,0.3518696261881665,0
ID_5EB63757,1,0.9553417788420918,1
ID_CCD4679E,0,0.879818581289009,1
ID_485AA2DD,1,0.9561231590513593,1
ID_54914F4C,0,0.5712539479129418,1
ID_D3F6BB00,1,0.9534872967228656,1
ID_8C4342FD,1,0.9515414746056488,1
ID_47CDCA16,1,0.9187164957572179,1
ID_B3A537F3,1,0.9136472890262332,1
ID_12D388F4,1,0.8868985383965421,1
ID_8778E9DC,0,0.48092185241986585,0
ID_FEFE765F,0,0.30426711915977844,0
ID_11979FC6,1,0.8970423310815872,1
ID_43FA21C1,1,0.919436744010528,1
ID_885431D9,1,0.45294753155937445,0
ID_8AD650B9,1,0.9063834449497571,1
ID_4CDDEBC1,1,0.914994099913406,1
ID_F035AE69,1,0.9489973575742489,1
ID_4AFFBF49,0,0.9543539924438705,1
ID_E9677018,1,0.9438845700164666,1
ID_030F8237,1,0.941602918108368,1
ID_0696CEB5,1,0.6286711658827612,1
ID_C4EDCD74,1,0.9521498429832806,1
ID_763DE411,0,0.4972168821534272,0
ID_8CA56258,0,0.5505032247950932,1
ID_82F08703,1,0.31268328057383854,0
ID_AD3E6504,1,0.2349512600556443,0
ID_4A6AEEAA,0,0.290732948765164,0
ID_5D28A6CC,0,0.36415188074368904,0
ID_43E7D5FF,1,0.9191052078754788,1
ID_D5B7C838,1,0.4975734595252699,0
ID_6DF1F577,1,0.9456828366285916,1
ID_B503BA22,1,0.8907571371884478,1
ID_AB25E9F1,0,0.3527791042592126,0
ID_B46ECF07,1,0.921313294483587,1
ID_BE5FACDA,0,0.40611664544793696,0
ID_5CA6DED9,1,0.9184729855503926,1
ID_538F1367,1,0.9394190308173979,1
ID_BEC23094,1,0.9310094610132396,1
ID_4E0B548A,1,0.9337865421367677,1
ID_0282DAB2,1,0.9171235335111414,1
ID_000F2E9A,0,0.5640536657713963,1
ID_73DDBFB8,1,0.9269068267999678,1
ID_39E44BF7,1,0.947602276106413,1
ID_8C05E274,0,0.4232863886525024,0
ID_6B4A29F3,1,0.4648564529980193,0
ID_FBC9E807,1,0.9463923275201395,1
ID_ECE52050,1,0.9137407895797672,1
ID_F1FDA3D2,0,0.5208733382674233,1
ID_0E198FBA,1,0.9179485201072191,1
ID_8A237487,0,0.8990868426884518,1
ID_84E513AF,1,0.8610939832947431,1
ID_926A8541,1,0.2566326315036507,0
ID_8EA6097E,0,0.2627579491561132,0
ID_E583A454,1,0.918267668125622,1
ID_06962E6C,1,0.8878313789679773,1
ID_D702E2A6,1,0.18435726626388493,0
ID_96A9B97C,1,0.934664262120272,1
ID_016E2FB4,1,0.9336263531739524,1
ID_FEC14492,0,0.30311504759466695,0
ID_304F528E,0,0.44684322255684766,0
ID_AFB00B93,1,0.9177866897765915,1
ID_9C4693A7,0,0.2827542508576711,0
ID_518521EA,0,0.29755391264887865,0
ID_C6DA519C,0,0.47823990796386473,0
ID_101094AC,1,0.9457799716080717,1
ID_59E6922E,1,0.8942081648052636,1
ID_2551F0DD,1,0.8663331892808117,1
ID_CAF453C8,1,0.9398524439416336,1
ID_44C3D7A6,0,0.33146829847356646,0
ID_0AA2AB27,1,0.9131621440761322,1
ID_D3DD08C8,1,0.39815527506718684,0
ID_EE9F9D59,1,0.9268923819781686,1
ID_ECA51D9E,1,0.38172858416835725,0
ID_D4F88032,1,0.6163811995545075,1
ID_01446E6D,1,0.9433681999124832,1
ID_FC3671BD,0,0.9432182416898457,1
ID_A9F400DC,1,0.9343025869857178,1
ID_D620C881,1,0.9253189097801501,1
ID_FE1B58A1,1,0.47771704071052745,0
ID_6F067799,1,0.4729053626860328,0
ID_8EAF82DE,0,0.31552489869946754,0
ID_3C62F4DD,1,0.9389988572504548,1
ID_1FAB8811,0,0.23087194419454507,0
ID_F679E96C,0,0.306431667605234,0
ID_727DE3EC,1,0.9486188648314993,1
ID_519BD3F9,1,0.9531224334347278,1
ID_F7A127F1,1,0.9499285573679691,1
ID_EC8B670E,1,0.9421808902362651,1
ID_4FA26B7A,1,0.9051108890918849,1
ID_FC713166,1,0.4954139149871013,0
ID_E612D67C,1,0.21632660761923644,0
ID_713B3D3A,0,0.5574886162446387,1
ID_B77326E4,1,0.6950252171327513,1
ID_FEA0A39A,1,0.9378358262905593,1
ID_38E9FA6A,0,0.2920736934717006,0
ID_4EB915C2,1,0.9012745586794776,1
ID_142D4039,1,0.9205611789668301,1
ID_58E13646,1,0.9198395725466266,1
ID_B99F170C,1,0.3338829613737192,0
ID_911EF7B9,0,0.9221987983467094,1
ID_5D9B616B,0,0.4452165283175438,0
ID_F535DB79,0,0.2974407058800763,0
ID_E8DF06B0,0,0.36056462982582854,0
ID_B2F27EA4,0,0.3483323038661805,0
ID_C41DD6F4,1,0.9506167284029475,1
ID_300C1A4B,1,0.5127904074720704,1
ID_C8FD6478,1,0.35571188364306316,0
ID_4DE517D2,1,0.769070198415025,1
ID_DFA2F7B5,0,0.24450101128243582,0
ID_04B94479,1,0.9275108812110995,1
ID_A4FD6155,1,0.9239997138119148,1
ID_4B745A87,1,0.8872580872085082,1
ID_7C597C82,1,0.486906896697965,0
ID_B144C832,0,0.40125157519436233,0
ID_5C78B566,0,0.33813409005091283,0
ID_F16F88FF,0,0.2714469029808538,0
ID_84203A3C,0,0.30635679428650875,0
ID_8B625442,1,0.951506620686487,1
ID_D6C698F2,1,0.24323676954443402,0
ID_B2D9847F,0,0.29508552768136737,0
ID_976005EC,0,0.3069651291067261,0
ID_D8B5E151,1,0.9438996954301312,1
ID_CAA95A47,1,0.9424229445869344,1
ID_E2D61930,1,0.26332123577009203,0
ID_0DA5E0B4,1,0.9215115585216057,1
ID_F7314F55,1,0.9392847013537515,1
ID_1CA90D52,1,0.9295486572988969,1
ID_3D5FFF90,0,0.3117428488185929,0
ID_9880EF6A,0,0.42337619036524,0
ID_93054FBF,0,0.26067651006307074,0
ID_A17F4DB0,1,0.9188123860098255,1
ID_EBCBDBC7,0,0.3606681357413986,0
ID_2C0AABC9,1,0.9344459039919077,1
ID_A3BD8AAE,1,0.5582445067358053,1
ID_CE508739,1,0.9222791751190345,1
ID_D1FA5545,1,0.9334215266121308,1
ID_31E84A55,1,0.918646660821214,1
ID_1851F627,1,0.322959844568535,0
ID_193A888A,1,0.9134015430596032,1
ID_46F9F869,1,0.8958773239294673,1
ID_752C158B,1,0.20312011047227801,0
ID_9B5E7962,0,0.2068410471170968,0
ID_BAB75CC3,0,0.4505003442346902,0
ID_ADB6E192,0,0.4425688742071866,0
ID_83033C9C,0,0.35661211193748754,0
ID_72A98E3F,0,0.38279446492021707,0
ID_9BB473A4,1,0.4652883980633504,0
ID_400F0754,1,0.6180713285373287,1
ID_E483A748,1,0.9635696929529636,1
ID_094FF53C,1,0.9009296492544424,1
ID_A84E071E,1,0.892097341238416,1
ID_589FB0BB,0,0.3533175524282154,0
ID_779BB385,1,0.9310727947474984,1
ID_A5C1C3D5,1,0.9049763670353722,1
ID_3D3AEB01,0,0.7398425042448172,1
ID_9903D033,0,0.42760161827844595,0
ID_FBF9A40B,1,0.8416705959513701,1
ID_2691F373,0,0.5467343446921146,1
ID_3C3FA6CD,0,0.46799692010791266,0
ID_E5864A19,1,0.44494052944689516,0
ID_85B6BE5A,0,0.6179118215382547,1
ID_539262F6,0,0.6190862458284501,1
ID_D2904177,1,0.6236165617101195,1
ID_780E49B7,1,0.9468331003008901,1
ID_2E2FD893,1,0.6319136436702064,1
ID_CB7A0821,1,0.7035033597317355,1
ID_1F7135F6,1,0.9459148381803799,1
ID_4726D3CE,1,0.6962143127235421,1
ID_BEA23D9D,1,0.41283438551267543,0
ID_FD8D65D8,1,0.9478518783957101,1
ID_94E5E8C9,0,0.5605269991428519,1
ID_AD6CEB5A,1,0.4091785827073354,0
ID_4520428C,1,0.9039474190761447,1
ID_DC294D8A,1,0.4145074271352136,0
ID_56643AF6,0,0.6215578365944036,1
ID_8B9DEF69,0,0.5361254891746209,1
ID_D355CF11,1,0.9384582356724377,1
ID_45C9F535,1,0.9261173303531963,1
ID_6960195B,1,0.9578918963394452,1
ID_81CE2B65,0,0.5582351503433749,1
ID_39800FBA,1,0.685755793130596,1
ID_9F63930A,1,0.9710313620034952,1
ID_4C6DF45F,1,0.96438488727737,1
ID_1715B9E3,1,0.9680932548308538,1
ID_0BA55AB7,1,0.9703769047996302,1
ID_C746BCAB,0,0.6263728231976964,1
ID_2ED3DFB8,1,0.9403845831828027,1
ID_2B49D501,1,0.5984571149563288,1
ID_270E05CB,0,0.3125112918961673,0
ID_A6EE3440,1,0.8231815603756926,1
ID_A69C41ED,1,0.8330205164071557,1
ID_0559893B,1,0.9251257102049893,1
ID_1EE20B79,0,0.36522216868523144,0
ID_D26C05E1,1,0.9096654653236922,1
ID_6C60372E,0,0.7353625724975071,1
ID_815F0951,1,0.8865993369097085,1
ID_6237C479,1,0.9412326038400741,1
ID_4EBA230C,1,0.9522871855798193,1
ID_C66D64EB,0,0.3141277657810821,0
ID_1B608ACB,0,0.2944118581948405,0
ID_BAC9FEAC,1,0.8117191191491961,1
ID_8D1FA66E,1,0.8876559784963695,1
ID_779A7B92,1,0.9281962802262014,1
ID_6446BB3D,1,0.9314528760423975,1
ID_F8D50AD8,0,0.168350012934709,0
ID_C1E14AB1,1,0.9135307196675381,1
ID_67F337C8,1,0.9248074255272115,1
ID_988481AF,1,0.9266210425752535,1
ID_0C806B90,0,0.3665503484336667,0
ID_FB45045B,1,0.9182976973754988,1
ID_C1D2F3B8,1,0.9241502991056229,1
ID_30AF6611,0,0.8444507259594944,1
ID_C1902636,0,0.25584495877740454,0
ID_684F308B,1,0.860634244912821,1
ID_F2A0B3E1,1,0.7182632585108096,1
ID_0A8E6F81,1,0.9595468702693134,1
ID_BC21DEDF,1,0.9482559230057975,1
ID_411167C1,1,0.1981003650224054,0
ID_2A858F02,1,0.8746939260116054,1
ID_894585BA,1,0.9608894390243626,1
ID_52F752A7,1,0.5390665367788551,1
ID_FF1A406D,1,0.9591654617668577,1
ID_614EA5C8,1,0.9514269967546546,1
ID_77F91D1E,1,0.9462000210659,1
ID_4F3163DE,1,0.9571088040102456,1
ID_F563E1DE,1,0.25808486229573724,0
ID_F76B0B0F,1,0.9698028202021225,1
ID_B3369DF9,1,0.9504917412072528,1
ID_40EC13C2,0,0.31065968299983326,0
ID_DCC2F61C,1,0.9596504019347767,1
ID_24D5D4D7,1,0.9441987733785971,1
ID_340F5D4A,1,0.9397099874307249,1
ID_6B4ACE06,1,0.9101420085570024,1
ID_C7951919,1,0.9033670614173067,1
ID_16A979E5,1,0.9348677986017414,1
ID_809FCAA9,1,0.37019967769011997,0
ID_AF5C2C20,0,0.2191211332710061,0
ID_B9831E67,1,0.7242542887075514,1
ID_FAEF6913,1,0.9658130047657807,1
ID_3E1E5CE8,1,0.26348022570782825,0
ID_7BD6FF58,1,0.9083268203328931,1
ID_6096A4CC,1,0.9355087284156131,1
ID_E03E6C59,0,0.4829944583684933,0
ID_F82F4BCC,0,0.24248681547110845,0
ID_B427C50C,1,0.9347660245766967,1
ID_4A0CDCA9,0,0.24291400077812036,0
ID_807A9BAF,1,0.9059997245736818,1
ID_E30EFE48,1,0.9278195197952448,1
ID_82DBA902,0,0.3413123780065032,0
ID_0A636CFB,0,0.3299974790513444,0
ID_F9FD6547,1,0.9544956852418154,1
ID_14504422,0,0.4610763925546897,0
ID_69A0F5F7,1,0.9237616115990773,1
ID_E7E7E690,1,0.9514657156201398,1
ID_F98871DA,0,0.30343905415239236,0
ID_26AC4AE8,0,0.16639004473193175,0
ID_0375938A,1,0.9436946592275385,1
ID_CE7745EB,1,0.9231002939964215,1
ID_6E843353,1,0.19855920051635148,0
ID_6F5F875F,1,0.9240334776594809,1
ID_62B25047,0,0.4187836415445559,0
ID_2305F034,1,0.9531567920969785,1
ID_A4C9AD78,1,0.34791282178621985,0
ID_9D9AB53B,1,0.39665497017793905,0
ID_D44B078B,1,0.9461592487341798,1
ID_442F09A8,1,0.928434913437035,1
ID_ADE8549F,1,0.9293984219772342,1
ID_3E41C7A0,1,0.9194354706486871,1
ID_07B4F38C,1,0.9147918621794755,1
ID_6B09DE63,1,0.9467431465406393,1
ID_AB653BC3,1,0.9338937199743866,1
ID_104F8356,1,0.9207622505724403,1
ID_CF50E1B1,0,0.4908630234020561,0
ID_B8B2F568,1,0.9268234316795834,1
ID_56647606,1,0.9332757225052065,1
ID_B5C2322D,1,0.9478962866662933,1
ID_09872F21,1,0.9546911765279704,1
ID_7E6023AA,1,0.9632645471687927,1
ID_A533B0E6,1,0.9325146330440448,1
ID_A0E50908,1,0.9268917545156817,1
ID_0A69F0D7,1,0.9633323377719715,1
ID_10EECCD6,1,0.9190274620218063,1
ID_2CBC0ADD,1,0.9479933457371157,1
ID_01EEFFB3,1,0.5641223618326188,1
ID_340394B2,1,0.9415220862989981,1
ID_1945A42F,1,0.8546537726122335,1
ID_8F597E56,1,0.9054014756344085,1
ID_3B4D5725,1,0.8963125285261879,1
ID_556E288B,1,0.9269354661556515,1
ID_A0AE2B1F,0,0.590362982314276,1
ID_5DF9AE2E,0,0.5662908560906966,1
ID_C1C98504,1,0.25113119739629575,0
ID_8F6E96FB,1,0.9473512802174107,1
ID_35E2C9E8,1,0.9627690571052057,1
ID_F473AB1E,1,0.9315926408903109,1
ID_DE356570,1,0.9125656725132859,1
ID_D098A206,0,0.4147650978645134,0
ID_105D036A,1,0.9417300235327213,1
ID_5F10229F,0,0.9464744164663186,1
ID_8BEFCCE9,1,0.9170522740970359,1
ID_1E6A3B81,1,0.30110895454556674,0
ID_B099F857,1,0.9180797835428403,1
ID_9FCDFDFD,1,0.31789758017366426,0
ID_0F8FF9A4,0,0.31110678837746353,0
ID_07BC044F,0,0.6457123828975552,1
ID_237B6548,1,0.27294624617493674,0
ID_DF3B8F93,1,0.9412521200976003,1
ID_E975906F,0,0.7749659481148332,1
ID_18D74648,0,0.4322828062715585,0
ID_209B8728,0,0.3102206942053098,0
ID_4EA0DC93,1,0.9223120653834679,1
ID_F3BE425E,1,0.923732692944529,1
ID_C14E803C,1,0.9167567651956239,1
ID_E9ECFF64,1,0.9428409981649425,1
ID_E4743507,1,0.5365283407762402,1
ID_1EC74989,1,0.9386368995530043,1
ID_AB910A4D,1,0.9045011414698801,1
ID_1EF81679,1,0.9274699785806896,1
ID_BA715AEB,1,0.9277039416856236,1
ID_812456CD,1,0.9455719033628532,1
ID_28B8E746,1,0.9366081316503951,1
ID_E47D2FF3,0,0.1983718511609613,0
ID_3E426FF4,0,0.31079543189332465,0
ID_9FFAA5F7,1,0.5024554291761153,1
ID_F2152BE0,0,0.47028500353991415,0
ID_E1484B08,0,0.33540990215203503,0
ID_BD0449F1,0,0.9411638695767295,1
ID_AE579796,0,0.8825532291470672,1
ID_4F06217B,0,0.8929794706927762,1
ID_A605425A,0,0.5443958363838328,1
ID_15C1F430,1,0.9289561619460922,1
ID_0D535467,1,0.36423185134237396,0
ID_875F64FE,1,0.19084185621701832,0
ID_43E6C472,1,0.9110853936882385,1
ID_80704B49,1,0.5345708224067459,1
ID_0919F493,1,0.34851543310412847,0
ID_D4F1555F,0,0.35959119994793237,0
ID_A5FDA98A,1,0.9023258801947488,1
ID_C28710EA,1,0.8654950532346555,1
ID_1704D0D2,1,0.8870186320772118,1
ID_C5B518B5,0,0.3535413468571559,0
ID_7879BA0C,0,0.3694646426433555,0
ID_B4D4F1B5,0,0.2865030804460097,0
ID_5A17B1BE,0,0.22277792339193822,0
ID_AFAB13D5,1,0.9118029593394233,1
ID_34B78B49,0,0.25145795208972166,0
ID_7A06CE3F,1,0.40654290451984365,0
ID_3ED022CA,0,0.3300188068932811,0
ID_7C4C37E7,1,0.85999288708659,1
ID_7F1FEC43,0,0.25271881707875565,0
ID_7D52E578,1,0.9071754404079362,1
ID_B813FF91,1,0.9368928134971615,1
ID_627CC68B,0,0.4104421555579414,0
ID_102A5AFB,1,0.8506370443211458,1
ID_00F1330D,1,0.9337374468326831,1
ID_D5DA0748,1,0.21763933790850354,0
ID_688EC74F,1,0.24162738851775734,0
ID_28EC478C,1,0.9512583253722403,1
ID_E8625B43,0,0.35896829506301503,0
ID_0552A190,1,0.9248703782172906,1
ID_0BC6B333,0,0.24582413252338373,0
ID_B4B46D57,0,0.9244683130336067,1
ID_93456367,1,0.9254749180135282,1
ID_7563FB6E,0,0.3786142652035085,0
ID_FFEF7450,1,0.3271433625529399,0
ID_00C0D83F,1,0.9180963243626143,1
ID_B384E920,0,0.9519328483962121,1
ID_A56CB441,1,0.41298344445801594,0
ID_FDB25B2A,1,0.9506280085933868,1
ID_B0F586E3,0,0.30383585522722534,0
ID_9BD7BFB1,1,0.1882561277911717,0
ID_268899E8,0,0.4499195399144218,0
ID_0ABEBC4C,1,0.22440049091819436,0
ID_73D28F6F,1,0.8790151631502453,1
ID_C8765D26,0,0.6493180640123931,1
ID_8A0DC559,1,0.8746127720726541,1
ID_407835CF,1,0.23408862210196213,0
ID_094D4C0B,0,0.259358919194393,0
ID_0C67179E,0,0.27628413988407174,0
ID_B5BB8ED8,1,0.35391214521588493,0
ID_29D9B2F4,1,0.49292408670698423,0
ID_739E1A0D,0,0.9332197532450276,1
ID_A9C941C0,1,0.9376686802772216,1
ID_BE4F4901,1,0.9145129694941357,1
ID_CE134C1D,0,0.44675490909708737,0
ID_3717EDA0,0,0.35165759877291347,0
ID_6301C33C,1,0.3281955335885978,0
ID_B1170B41,1,0.9167236525695106,1
ID_85816B8B,0,0.35268283988419413,0
ID_E6E28172,1,0.9077989724919627,1
ID_3E57FD20,1,0.95447415665365,1
ID_D89F4E00,1,0.40018130745193664,0
ID_C8DAA498,1,0.275627103333852,0
ID_937877B0,0,0.486849040926317,0
ID_4BA77164,0,0.5027987631765374,1
ID_50CC6728,0,0.2559541118479338,0
ID_FCF0279F,0,0.359493940917636,0
ID_59EC0CAD,1,0.909726006133897,1
ID_AF7372F3,1,0.9472448275874938,1
ID_0C6D6BE4,1,0.9271970206770335,1
ID_213EF8F9,1,0.9552417904411137,1
ID_2C85E621,0,0.3200555386774816,0
ID_7E737617,1,0.7543693346613011,1
ID_A1EA43E9,0,0.5022033412573653,1
ID_69E28344,1,0.9154675868675772,1
ID_52C883DA,1,0.42796229505270794,0
ID_382C114B,1,0.39690053371799167,0
ID_71105B42,1,0.916912561238097,1
ID_2EC5EEB8,1,0.8437381520969661,1
ID_3B4A18AA,0,0.21402986134185664,0
ID_FF549570,0,0.9178671502794571,1
ID_CFDBA593,0,0.6400525153330027,1
ID_5F03BBAD,0,0.446627515206577,0
ID_5240A230,0,0.5153728887276857,1
ID_8CC1B75E,1,0.8270677002239495,1
ID_7090BC01,0,0.27966235275981144,0
ID_5A23DC2A,1,0.9711069116267885,1
ID_744387E3,1,0.3144335447807502,0
ID_B684EB63,1,0.9448222515842979,1
ID_15B389EE,1,0.44643148918660674,0
ID_CD78B998,0,0.36199382837112704,0
ID_50371C5D,1,0.8829028651109044,1
ID_99C66407,1,0.27104070271805125,0
ID_53C1808A,1,0.45905024610579664,0
ID_3302DA2C,1,0.9555196261761287,1
ID_3AA23750,1,0.9493594452272798,1
ID_7C964897,1,0.9286911598292873,1
ID_0348012B,1,0.9320759989601912,1
ID_089A13B3,1,0.5597601802707122,1
ID_20C0BD2D,0,0.42960632497035556,0
ID_9770BA05,1,0.9431666055542698,1
ID_7ECB264B,1,0.4677520860106118,0
ID_0BFE4716,1,0.9450674103316793,1
ID_22AD34CB,1,0.9634062999508195,1
ID_055E1D08,1,0.9443464512145368,1
ID_66F7C4D6,1,0.9055893819225884,1
ID_348B55F6,0,0.927404622546925,1
ID_412F96A4,1,0.19531505718623202,0
ID_FBAD87BD,1,0.24771587880494833,0
ID_7F9E4580,0,0.42903058635637403,0
ID_75DDDD09,0,0.6029007799405063,1
ID_35C85AC6,1,0.5017773291418003,1
ID_AF6A71C8,1,0.9253407193184079,1
ID_76E1FDED,1,0.42518818170131595,0
ID_1BE46448,0,0.32078892739269144,0
ID_93020649,1,0.7916902975009725,1
ID_AD11D866,0,0.9169773083868699,1
ID_78BBB326,0,0.5213669805094047,1
ID_59BFC155,1,0.9164888670392419,1
ID_B55ACEC6,0,0.2748680262339003,0
ID_EB8C2F6F,0,0.2938482276127257,0
ID_6BC76215,0,0.36610051261551996,0
ID_BC5677E9,0,0.4209915405983718,0
ID_22D60092,1,0.850778096116976,1
ID_38798717,1,0.9226951939129799,1
ID_F3E2445C,0,0.26483950222968305,0
ID_5E897DB3,1,0.9617191397592807,1
ID_3ACDA640,0,0.5853346086971961,1
ID_3B32151E,1,0.2704837617686396,0
ID_08AE8A03,1,0.8908712912832226,1
ID_EE4FB01D,0,0.19378669284748962,0
ID_21E4C476,1,0.8981364065641142,1
ID_4ED2263A,1,0.9073384511913808,1
ID_5DD27FBF,1,0.8785508102846801,1
ID_A50C5337,0,0.8253658853227517,1
ID_F89A43D3,0,0.2590442113222562,0
ID_21B5D43B,0,0.1723220891098221,0
ID_51811200,0,0.24513125540657352,0
ID_4A2C8090,0,0.3777704854106843,0
ID_C10DFA7A,1,0.9300426695434293,1
ID_B3DACCED,1,0.9260082848157308,1
ID_3081ABC9,1,0.9355171219990037,1
ID_525ED29C,0,0.25909834794950964,0
ID_14B624C7,0,0.19374843962083696,0
ID_38992FD4,0,0.5603359599757619,1
ID_86486D00,1,0.9036753260582652,1
ID_78D06D65,0,0.3600460719686896,0
ID_5CD64AE2,1,0.8922433151335267,1
ID_44A588ED,1,0.9564847137741352,1
ID_2C5D6E01,1,0.19361289688642544,0
ID_3B376CEE,1,0.2816800167211758,0
ID_032F5E8E,1,0.47061973418562764,0
ID_FA96C968,0,0.13473846998798075,0
ID_8F08B4A2,0,0.22600910460065868,0
ID_08F0C9D4,0,0.9350713188864355,1
ID_D9937EF3,1,0.9157853711147884,1
ID_F83D23DD,0,0.5749164294699464,1
ID_B79ECF68,1,0.9652939731342147,1
ID_AD2D36A4,1,0.9360828841590947,1
ID_3C2B2EB8,0,0.3809629111012027,0
ID_E215A0F7,1,0.9067317255034902,1
ID_4B3AF133,1,0.9109978608331147,1
ID_A539C14C,0,0.2870112898983266,0
ID_467875A5,1,0.3032340101695957,0
ID_13146468,1,0.9356269572775847,1
ID_E66174C9,1,0.9275444979914109,1
ID_1E3CEF35,1,0.9231964733215052,1
ID_87A2E62D,1,0.6397007248116232,1
ID_FB0E1F94,0,0.4565092739415391,0
ID_3B883771,1,0.9156986502713569,1
ID_AD0A7204,0,0.3112287434952624,0
ID_923144BD,0,0.581423978758838,1
ID_36201C38,0,0.4245364234683209,0
ID_14E67B35,1,0.3563444932897806,0
ID_A33ADCC7,1,0.917684752478458,1
ID_D6FFE625,1,0.932795468394807,1
ID_17F7573A,0,0.40014879833463163,0
ID_73D5916D,1,0.8944612868622939,1
ID_31471464,1,0.9250703887898852,1
ID_4711C9CD,1,0.9288003786467955,1
ID_AD4D2BDC,0,0.32927777643768175,0
ID_47222B6B,0,0.4518513545282217,0
ID_0C717DBF,0,0.785719601746521,1
ID_F5D2E7D9,1,0.8770807367518546,1
ID_C2F6C445,1,0.9387865594278902,1
ID_3A10A55F,1,0.9270705023242343,1
ID_144550CB,0,0.5465984376984973,1
ID_E5819641,0,0.3051192510281034,0
ID_5E04A04F,1,0.929164711889207,1
ID_879255FD,1,0.4226626738899516,0
ID_07E194D7,1,0.535911393340556,1
ID_79FBC6C2,0,0.9276607961067402,1
ID_808F480A,0,0.5010500224515476,1
ID_9D1A839B,0,0.9057674232146165,1
ID_F856A075,1,0.8850440856229861,1
ID_2E0958E1,1,0.8884249422269319,1
ID_37C1FFF9,0,0.2816954321843278,0
ID_3555330A,0,0.2983988273503426,0
ID_31337BC4,1,0.3194593220187318,0
ID_0B0FE47C,0,0.17772994516679264,0
ID_3880CBAF,0,0.3401103610128925,0
ID_CE72A475,0,0.28166727066760444,0
ID_9FE785EF,1,0.9052682766951986,1
ID_80C44BDD,0,0.23615198111463495,0
ID_9683D371,0,0.2470501239178082,0
ID_F2194E87,0,0.5773293583005784,1
ID_7F3B7AF8,1,0.9145755796691598,1
ID_6798F677,0,0.21894917245550963,0
ID_03EE5CA6,0,0.2366822238182728,0
ID_442D8B82,0,0.19836483419926904,0
ID_46E04F35,0,0.4781714230389504,0
ID_339CE03C,0,0.3303798347094613,0
ID_D1FA4351,1,0.9347582161419047,1
ID_A180F116,1,0.2872443710508978,0
ID_154BCA51,0,0.2670068304870874,0
ID_4C9367A7,0,0.29974061056572515,0
ID_59705366,0,0.4040467689129737,0
ID_5C03E74D,0,0.28635792711393265,0
ID_8F56C9B3,1,0.18681365468018143,0
ID_8DF953A3,0,0.3163017079667571,0
ID_9ACED3E9,0,0.20603246268453,0
ID_8DF1874F,1,0.8432052023236316,1
ID_09180935,0,0.726177961393738,1
ID_BD21D1E5,1,0.9011401675660258,1
ID_8B51A157,0,0.4114908224521959,0
ID_07775D4A,0,0.39631772779949503,0
ID_CA1B8D7C,1,0.9229023119807306,1
ID_CC57C130,0,0.5562219748067847,1
ID_87D75A4B,1,0.9362987347555576,1
ID_2E7076DA,1,0.8932752754620898,1
ID_6BD98360,1,0.8467136124998168,1
ID_547B31AC,1,0.5958645557304142,1
ID_CD52F47E,1,0.28358136642269915,0
ID_E013774B,1,0.9057973675972584,1
ID_C3F5C111,1,0.9146830386103597,1
ID_770B2653,1,0.848142824433242,1
ID_0C10E9EE,0,0.41261859931632616,0
ID_D1A5BBB1,1,0.9212209607472166,1
ID_C29683F3,1,0.8954184393038372,1
ID_4480F5BE,1,0.8492547342784911,1
ID_219E3660,0,0.24411177605204396,0
ID_DD7D91EE,1,0.9352955768255226,1
ID_9DEEAAB8,0,0.3220140840807025,0
ID_96FD30C2,1,0.9077225885051811,1
ID_9A5BFC0A,1,0.9104122301159199,1
ID_7B82601A,0,0.33353479702838834,0
ID_9B37A06D,1,0.3473115082438693,0
ID_DB68CB06,1,0.608570803171599,1
ID_BC65D346,1,0.2878969523797877,0
ID_D508FBD7,1,0.9481849065707035,1
ID_1012F735,0,0.17523734299244928,0
ID_C90AFA61,1,0.9121713539847508,1
ID_8502EAE4,1,0.8678329377660444,1
ID_F7F39FB1,0,0.8587601023284952,1
ID_5928C7B4,1,0.41089136988920827,0
ID_732137AC,0,0.28673964515130235,0
ID_34AE1AD1,0,0.19473833996291365,0
ID_4E80EB2C,1,0.9423881950463635,1
ID_867E5D61,1,0.9043232658178354,1
ID_F7203E94,0,0.3082977402502955,0
ID_A2DBA17E,1,0.8520452081341084,1
ID_0118A452,1,0.8902949977441221,1
ID_C78F5072,0,0.3499993993357168,0
ID_5CBD23C2,0,0.9289188763563542,1
ID_F75E1F58,0,0.49681913320369925,0
ID_DD47CE5B,1,0.45662921076057134,0
ID_06A68CB3,1,0.41190963584254864,0
ID_B90C8DD6,1,0.9566775603310801,1
ID_B8C89957,1,0.36312934253030776,0
ID_40B5E25A,0,0.3747552391454547,0
ID_9491006A,1,0.9215959271714372,1
ID_F4CA0798,1,0.6055738138743723,1
ID_F7FAA735,0,0.30887849899170766,0
ID_2451B278,1,0.42783958061092486,0
ID_EAAB5465,1,0.45669543194698065,0
ID_25DA7850,1,0.8987528666032178,1
ID_1DE09B87,1,0.9140104077991453,1
ID_E00ADBE9,1,0.8569489503473332,1
ID_8834257B,0,0.46300028002223403,0
ID_1AA3EB26,1,0.8452937470474855,1
ID_5F15D93C,1,0.5220498605531472,1
ID_9BA0A316,0,0.32039978756698295,0
ID_C77B61EB,0,0.8971696030219785,1
ID_D0602FFE,1,0.8993775586145998,1
ID_68427136,1,0.922142758365805,1
ID_5A530A76,1,0.9283239988886104,1
ID_EC34530B,0,0.5084820156525818,1
ID_453558CD,0,0.4005739532218957,0
ID_592C41F0,0,0.2927343758479831,0
ID_D16695AF,1,0.931270059782225,1
ID_D9C4DE5D,0,0.547980461415639,1
ID_C924AF40,1,0.9630949952919313,1
ID_9ECA05DE,1,0.4073729160876528,0
ID_3047340B,0,0.3235267559875872,0
ID_C2B3EBE9,0,0.2752437392615296,0
ID_A02A1F3A,1,0.9490815339567837,1
ID_741B1698,0,0.21775773826972253,0
ID_527CDABB,0,0.22952623596448887,0
ID_7650545F,1,0.9087136905374494,1
ID_C54D4BB3,0,0.4448763838071561,0
ID_D962B5C8,1,0.5392565252407094,1
ID_7C3CE296,1,0.3662810599623094,0
ID_59584DE2,0,0.4176308548511557,0
ID_F0870057,1,0.9510742524135911,1
ID_5B44BC62,1,0.9353152689309067,1
ID_D444F49E,0,0.4165657551560432,0
ID_62984E70,1,0.21311051014097088,0
ID_81CB1E53,1,0.9286416511242979,1
ID_6947EBF8,0,0.2806187994137065,0
ID_6C02E366,0,0.43431040682471156,0
ID_E9B175B8,0,0.6306108090343854,1
ID_1172845D,0,0.29468771684937084,0
ID_7D62C7B4,1,0.927644175218962,1
ID_7EE083F6,1,0.8273023421700603,1
ID_F87D7A5E,1,0.9599085448962366,1
ID_E5CF226B,1,0.9455215543739818,1
ID_B88A687B,0,0.5306273021857526,1
ID_F6B42C69,1,0.8258180992139443,1
ID_8D3BE249,0,0.3283659997273776,0
ID_EFEEE4DC,1,0.3031884630889496,0
ID_57696C66,1,0.9424505899174748,1
ID_2E1F1356,0,0.448926497581065,0
ID_097A1AE2,0,0.36096071672403013,0
ID_0E52A980,1,0.9335296136371182,1
ID_6D8BD6F9,0,0.3127920782580491,0
ID_6822636C,1,0.8653476861847308,1
ID_D92D8920,1,0.5240659738424618,1
ID_8E013E3B,1,0.9051894753515116,1
ID_4D25DBA0,0,0.6019187251826189,1
ID_281CBEE4,1,0.9500946075199411,1
ID_5F02F43C,1,0.9389042121607296,1
ID_B0BCB7BB,0,0.4100977072999509,0
ID_4141AE14,0,0.218395645006416,0
ID_9DC403DD,1,0.5566913311326157,1
ID_E7C95AE3,1,0.9302794675887005,1
ID_10111648,0,0.21093083382566552,0
ID_FE0E817A,0,0.24663744917495153,0
ID_6829EABA,0,0.9593647610657405,1
ID_406485D0,1,0.9288945369846957,1
ID_06CCC654,0,0.2799758032574891,0
ID_3EAC5DE5,0,0.2562171296893459,0
ID_B1536921,1,0.9222707217237055,1
ID_7A756030,1,0.5476104473625676,1
ID_8FD16DDB,1,0.6605410651431924,1
ID_50634530,1,0.891615895881971,1
ID_C491D9F1,0,0.6206246104488043,1
ID_2688A993,1,0.5750483146986748,1
ID_23A79DEE,1,0.9654652361870005,1
ID_DEC5EF45,1,0.6520353557957765,1
ID_368F78F4,1,0.7297094712849617,1
ID_B47BF9A4,1,0.776996636579046,1
ID_6BF13F5C,0,0.37313161644503856,0
ID_58405619,1,0.9497148082339386,1
ID_8CF66F56,0,0.28198180617259827,0
ID_5E690A23,1,0.9353155931079689,1
ID_A02DD622,0,0.33048740293719997,0
ID_C34FF5E0,1,0.7306057608937325,1
ID_FA0CBB3A,1,0.9486003543841867,1
ID_BE0F5056,1,0.9371270184139966,1
ID_46D3DFA5,0,0.32473754539132227,0
ID_C8E68EA5,1,0.9296185938563789,1
ID_8DF439BD,0,0.25899889097635126,0
ID_0009323C,1,0.9413509771416613,1
ID_737AD764,1,0.6387810266854271,1
ID_8B627B00,1,0.9439833136797414,1
ID_42D7085C,0,0.4004655339160841,0
ID_01DE75FD,1,0.486217639296937,0
ID_546749E5,0,0.5751739519375441,1
ID_FBC1EA2E,1,0.9448096087531391,1
ID_A0E915D6,0,0.3446185256231434,0
ID_F26D2407,1,0.5458785193872011,1
ID_EE8368FB,0,0.1700816361619013,0
ID_1715891F,0,0.28663935628475223,0
ID_E7333459,1,0.9555764998972555,1
ID_B2E187EC,1,0.9561199078811212,1
ID_3A306020,1,0.9481398644084871,1
ID_9079C0AB,1,0.4226668493604388,0
ID_C385F772,1,0.9244144695672583,1
ID_BEF72188,1,0.2607885686235858,0
ID_6F49C9B1,1,0.8596051172872737,1
ID_1910F18E,0,0.2236049846454525,0
ID_97C88931,1,0.8927708203756686,1
ID_B8F65EC8,1,0.9563153933381227,1
ID_8192ADCA,0,0.2273438927508652,0
ID_103D10E4,1,0.8794802598018191,1
ID_151B779C,1,0.9415785485193551,1
ID_F585EBC5,1,0.3919195693219694,0
ID_005F20F3,1,0.9566268926631758,1
ID_7F16EFCB,0,0.46941136943707634,0
ID_BEA23452,0,0.5045276654230204,1
ID_DAA90AF9,1,0.6042565026237158,1
ID_4E4A0566,0,0.6966538355478294,1
ID_621DBB39,1,0.38868869985138643,0
ID_8B3C693D,1,0.3377287614074406,0
ID_F1274E1C,1,0.9341790889633662,1
ID_53AE93A2,1,0.9410876464715634,1
ID_C4DD14EB,1,0.9321434821100016,1
ID_F5A8CBBF,1,0.538901571050202,1
ID_5C5EC039,1,0.4782615407215427,0
ID_67B8640A,1,0.5376294309412756,1
ID_246D5AC6,0,0.30795730630936524,0
ID_005A5FF2,1,0.5580013145088674,1
ID_F80930B1,0,0.4961940786520883,0
ID_285E2CD4,0,0.5077951202800478,1
ID_46C72335,1,0.9388171726624226,1
ID_E65ABD00,0,0.2648162225181175,0
ID_5EB616C0,1,0.2123976074422649,0
ID_C9729349,1,0.9143599409313873,1
ID_F0F70F41,1,0.5925317036709395,1
ID_A733F687,1,0.624956400685404,1
ID_3D231180,1,0.9376724805285046,1
ID_70FFDEEB,0,0.7964857487240958,1
ID_DF57913A,1,0.9238738980365339,1
ID_DC1ADFB2,1,0.30605744029747933,0
ID_5614C35C,0,0.5975884064666404,1
ID_B3BCA915,1,0.6379537868034846,1
ID_1F36D5A0,1,0.956855247214672,1
ID_BA4B647F,1,0.9483697608297923,1
ID_3821A620,0,0.23179529326795162,0
ID_605D92FA,1,0.46605833340978686,0
ID_5BAA7B65,1,0.5510525161716711,1
ID_809126E1,1,0.9196787436774487,1
ID_4AA2BD96,1,0.5016048660115296,1
ID_F193CC05,1,0.9265045278229884,1
ID_211A68DA,0,0.2038659294393216,0
ID_6AB9BFA2,0,0.7766261634066575,1
ID_CC0E6AF8,1,0.9131869319848611,1
ID_1D805FA7,1,0.9448113682560342,1
ID_5CD12B20,0,0.32115034220380906,0
ID_D8E53B09,0,0.504697676061181,1
ID_B84EA7D2,1,0.28354874553513953,0
ID_E6AC9C0D,0,0.3186411047493603,0
ID_2B828500,1,0.946720097212064,1
ID_58BD8D2E,1,0.93081203400147,1
ID_176B62BE,0,0.22600316502112658,0
ID_9939A707,1,0.33654503353229254,0
ID_B06A50A0,0,0.2600991708113811,0
ID_B5DC0DD8,1,0.4829860541908755,0
ID_D278F527,0,0.23954514799280494,0
ID_F3E76501,1,0.4767637256096335,0
ID_DEE14400,1,0.9178467704596853,1
ID_7F08AB52,1,0.8978640384638304,1
ID_87EE7923,1,0.9210399962591687,1
ID_0FAD9133,1,0.9215133624509027,1
ID_BF50EE64,1,0.26711846393051597,0
ID_FE685384,1,0.8776652659717671,1
ID_D95DE758,1,0.8275877170978624,1
ID_3F6EC28D,0,0.27257267369181926,0
ID_FF42A4AA,1,0.9085832947580762,1
ID_987EA733,1,0.9082916197155512,1
ID_587A0D3B,0,0.9201937554852645,1
ID_48CC1A22,1,0.9138414533841377,1
ID_03194293,1,0.5167614965617137,1
ID_7EAF6A8B,1,0.28334274117412545,0
ID_5BE27F5D,1,0.4130603065352688,0
ID_90999D74,0,0.5539205929520097,1
ID_299AE6D5,1,0.9391266678271585,1
ID_1583FB56,0,0.24380467155076455,0
ID_340A2DFC,1,0.8638150467186702,1
ID_D7DF694F,1,0.9383513473792772,1
ID_AB1E69C3,1,0.923820622356896,1
ID_0DD966B7,1,0.9176238689049984,1
ID_0E46BA5B,1,0.24254418107524103,0
ID_1A820B9C,1,0.36640994053378506,0
ID_E77D1E93,1,0.9215990490348719,1
ID_18C54303,1,0.9218410184709609,1
ID_6D8F5F51,0,0.3569107009844053,0
ID_C556E881,1,0.9073025294632742,1
ID_FDFD742B,1,0.9077475306736636,1
ID_48C09B78,0,0.4843066878184661,0
ID_3B42F325,1,0.9145618611428682,1
ID_11E5536C,1,0.9391091627311359,1
ID_04833010,1,0.9191354315585585,1
ID_B17A66FD,0,0.21211023385749705,0
ID_46AB13B6,0,0.22284521238503205,0
ID_E6EADAB7,1,0.9177869273749333,1
ID_96B717BC,0,0.49393947795592635,0
ID_CBAE2C77,1,0.24078626371154643,0
ID_3DAE504C,1,0.23075233397334047,0
ID_D895BE10,1,0.9128012839016355,1
ID_B29E42E1,1,0.8705118698620969,1
ID_11D39E35,0,0.19249702128700072,0
ID_069F26D5,1,0.9012985785108645,1
ID_A35ADB65,0,0.5166877082975261,1
ID_60D6F4DA,1,0.8727179483227538,1
ID_C99B128E,0,0.29271553756156726,0
ID_0F2D3F4B,1,0.9363353307483719,1
ID_1C8B7B4D,0,0.20950837428816532,0
ID_3624194B,1,0.8722669653456929,1
ID_31328AA4,0,0.4378096822136213,0
ID_46EEDAA1,0,0.5571081592454181,1
ID_177C2FC0,1,0.20317419102712314,0
ID_59C031E8,0,0.3141493866685868,0
ID_6F15DC28,0,0.3262982442596601,0
ID_1706FB5A,1,0.19497805709871457,0
ID_45DE8B65,0,0.35331272060915314,0
ID_C1F2FFA0,1,0.8887797459031492,1
ID_30A5B5E8,1,0.941248542707881,1
ID_DFB55110,0,0.8244615910348049,1
ID_59DF0128,0,0.23419921504637511,0
ID_8BA95961,1,0.27904126883991215,0
ID_29CDFD86,1,0.2758645160279769,0
ID_8125F79E,1,0.9267977300456065,1
ID_749555CB,1,0.9108730543709357,1
ID_D810C59C,1,0.8515508059400563,1
ID_CF62CDB1,1,0.9070688914877156,1
ID_7DE6DBD0,0,0.2973102949329504,0
ID_A7C01623,1,0.9323319500553328,1
ID_810ADD10,1,0.9398107086091115,1
ID_B5375DBA,1,0.825204330451623,1
ID_E0871C33,1,0.9321030125610117,1
ID_B985F692,0,0.3182418052638646,0
ID_D457BAFC,1,0.8923920605004967,1
ID_2A71E91F,0,0.22395899201394381,0
ID_639D6F87,0,0.6026129599367629,1
ID_47344E69,1,0.9471342870633322,1
ID_E8D5D768,1,0.9514809365585974,1
ID_250EF6C6,1,0.9435665846288673,1
ID_912985B4,1,0.941630101341024,1
ID_890FF2E2,1,0.9436338593636304,1
ID_1BD27051,1,0.9376195542120989,1
ID_618C40C9,1,0.5167155768996865,1
ID_629B9A8C,0,0.5107695845172399,1
ID_96161EC3,1,0.371137185764066,0
ID_0D38946D,1,0.3640376346561813,0
ID_015BCEE9,1,0.8998251244215836,1
ID_1ECC5B8C,1,0.8383918208242213,1
ID_DB39E331,0,0.2397959202342821,0
ID_6644262A,0,0.2998699569934631,0
ID_E46E3036,1,0.9114804378846156,1
ID_5C5C2FAB,0,0.44072025489670485,0
ID_4737522B,1,0.8974018451488414,1
ID_698C9CA9,1,0.9151096918165319,1
ID_CF6DC307,1,0.9102052187102208,1
ID_4A143847,0,0.5833919841063089,1
ID_67CB80BD,1,0.9506400035928425,1
ID_BE5B127B,1,0.5390276588969922,1
ID_91A48F42,1,0.9523515220892129,1
ID_7527318A,1,0.25200175818084947,0
ID_27BA56AF,0,0.504064536156121,1
ID_5E74D85C,0,0.31150207256814105,0
ID_5C436CC2,1,0.8263487182569135,1
ID_3F7BF32A,1,0.9704547908206108,1
ID_A6106788,1,0.9397015762609687,1
ID_1D2A3894,1,0.9728874892514608,1
ID_0E339616,1,0.9595828555501904,1
ID_80A1E360,0,0.670089412420278,1
ID_4F9EA0B1,1,0.9520038708217531,1
ID_85E4E044,1,0.22668017779434435,0
ID_94E5A4F2,0,0.2863461080078537,0
ID_C3B8C432,1,0.931410621239692,1
ID_35DED30B,1,0.9448018618217613,1
ID_8B490047,1,0.28350221569631356,0
ID_060EDEFA,1,0.9270292510488107,1
ID_47E16FC8,0,0.20405321322536887,0
ID_B252C0B1,1,0.9359793748580288,1
ID_3314A937,0,0.5550298422282103,1
ID_DE155501,1,0.933150052483409,1
ID_2434410E,0,0.21355310527933694,0
ID_CE88A389,0,0.13727528640414208,0
ID_4DB1F270,1,0.09334137882304362,0
ID_2686AE59,0,0.24620969267655426,0
ID_21946D58,0,0.10177175281273963,0
ID_14AE7A83,1,0.9422921257242255,1
ID_8056583D,0,0.4713778215118495,0
ID_3F33B6B7,0,0.21930949908335098,0
ID_D17F7BF6,0,0.4441558918079441,0
ID_B9F88959,1,0.9169747062962761,1
ID_13E5355B,0,0.33983558447533146,0
ID_43A1503F,1,0.10434861627440128,0
ID_928FE6BB,1,0.38684766341577576,0
ID_F638AFC3,0,0.15178799485968522,0
ID_68B50E0C,0,0.30907590314001976,0
ID_3E03DDC3,1,0.9120090461621397,1
ID_0978856F,0,0.13449132372339517,0
ID_4D12008E,1,0.9315945222705871,1
ID_3218ACEF,0,0.15567371077933062,0
ID_76174F48,0,0.1201469409070796,0
ID_5EC02681,0,0.1680866940052829,0
ID_E180F18F,0,0.40218363711851635,0
ID_CAB24566,1,0.6904384659898544,1
ID_2707E8D1,0,0.13037313513696921,0
ID_09014A49,1,0.9521241977813794,1
ID_63EFC541,0,0.48607273258543515,0
ID_7CB030AA,0,0.1728766368395525,0
ID_AD804540,0,0.1551842421222841,0
ID_0A4006EB,0,0.8595672559453663,1
ID_A33990FE,0,0.4521821999825908,0
ID_67F005D5,1,0.893609198770054,1
ID_28B1D2BE,1,0.8144070614148329,1
ID_3B94F958,1,0.438611931181332,0
ID_FC381D4E,0,0.3759585225643031,0
ID_03ECFE35,1,0.37793688404482917,0
ID_3A03F6E8,0,0.22164899479263295,0
ID_5D950BE1,0,0.9379828317361115,1
ID_1B37313A,0,0.3223579642490048,0
ID_7E5A62FE,0,0.16282003338433146,0
ID_1C509F48,0,0.13133459615472964,0
ID_EE9D9524,0,0.18484981003563797,0
ID_E003A582,0,0.2529325863472507,0
ID_E5015BA7,0,0.19584947682039866,0
ID_969A8EAD,1,0.9035791396186417,1
ID_CC8DBB0E,0,0.2515777458195194,0
ID_BCBE1F2F,1,0.4311671435478609,0
ID_902F5275,1,0.933483115147593,1
ID_68666A8B,0,0.9271148416550479,1
ID_8257413E,1,0.8872955172474152,1
ID_EDAE28D4,1,0.880417709479521,1
ID_978A3DC9,1,0.9054752322033569,1
ID_CDA20C89,1,0.8979364499570268,1
ID_25FE6FA8,1,0.9112970490888033,1
ID_F44999BA,1,0.8964578004733547,1
ID_AF1B9BF7,0,0.23364615429605248,0
ID_509D12A0,1,0.930423324298921,1
ID_D78B9FF7,1,0.9191539207322376,1
ID_45A165B4,0,0.27530741984511686,0
ID_4B40CA76,1,0.9658304167851223,1
ID_48FED589,1,0.22814451493270957,0
ID_12AAB290,0,0.5414770716333774,1
ID_74B314CB,1,0.9379874251048321,1
ID_CDE9D6DD,1,0.9021266409239637,1
ID_C71ED593,0,0.9350894860647502,1
ID_FAE8F3F8,1,0.8972990161743365,1
ID_A4F913D7,0,0.2599907925372909,0
ID_2FA9421D,0,0.4453863137789822,0
ID_AB180C11,1,0.40627813803284035,0
ID_2E8CDFAC,1,0.9381803774861058,1
ID_08EB078D,1,0.8702576233520936,1
ID_78E59B70,1,0.8867194929527601,1
ID_9D4759C3,1,0.9320657876393259,1
ID_483A072A,0,0.33453661555852127,0
ID_114F7028,1,0.936958114707825,1
ID_28C47CC3,1,0.9195863028812937,1
ID_B5632E50,1,0.8142203510464392,1
ID_0FE6DCA2,1,0.9542594426993547,1
ID_933D1BF8,1,0.9027969456967526,1
ID_B8682A1B,1,0.40076187949346675,0
ID_48E85E13,1,0.9034267876126834,1
ID_B0C2B600,1,0.9174795098654743,1
ID_0ACF3E54,1,0.9046279392740796,1
ID_C5BA8C82,1,0.9068979794649076,1
ID_53A11E0F,1,0.9442799734780539,1
ID_EBFDFB7C,0,0.21803762167573704,0
ID_76A681D0,1,0.9535821549161414,1
ID_2759B987,1,0.9176710312460543,1
ID_51B9F674,1,0.25245681611480836,0
ID_71FDFD84,0,0.25746158028621574,0
ID_0BD81259,0,0.2895020817916276,0
ID_AF476A64,1,0.9477384319338393,1
ID_D3B7511B,0,0.3115197786925398,0
ID_EB2A235E,1,0.9128639527044555,1
ID_DB5BBAEC,1,0.884652873387587,1
ID_CAC90D06,1,0.5285897251753103,1
ID_4AA34D5E,0,0.714630809382777,1
ID_3AC58D13,0,0.29417164236474874,0
ID_3E9924AA,1,0.9207180136713173,1
ID_37DE1628,1,0.9303779599175525,1
ID_E1CFB842,1,0.8947350839997298,1
ID_29F2A03B,0,0.2209206011272422,0
ID_5EB7F5AB,0,0.9009404877241514,1
ID_4DCADB5F,1,0.9199605264926312,1
ID_B2A633FF,0,0.3004395901509844,0
ID_E857637D,1,0.906100592304123,1
ID_90A48661,1,0.9141628144592138,1
ID_D2B3D911,1,0.9179610063610886,1
ID_FE21FEBB,1,0.932326660285413,1
ID_F9FFC5D8,1,0.4865740937587245,0
ID_3D0867D0,1,0.9400746797838,1
ID_27F03870,1,0.9036887335637478,1
ID_7D7841CB,1,0.8900148291863772,1
ID_4D74EAE3,1,0.8821951598071076,1
ID_0D85DE6F,0,0.8830052296986222,1
ID_6244F7F4,0,0.5019979055731595,1
ID_CD3345C3,1,0.8982830082448781,1
ID_5A5A75AB,0,0.3290526505726014,0
ID_15337116,1,0.4700997682069367,0
ID_B59F47AF,1,0.427599238086441,0
ID_A3661793,1,0.2645221444674211,0
ID_4C0C7E38,1,0.9344794534604425,1
ID_0B877009,1,0.9422302187039753,1
ID_5273EA5A,0,0.19172645223078297,0
ID_CE16CE3A,1,0.3222412038981399,0
ID_E92A8445,1,0.919120756082781,1
ID_8EF5DE1E,0,0.14901785832895112,0
ID_9EC1578F,1,0.9176316161981459,1
ID_B9EC3F3E,1,0.9426893250327824,1
ID_EAF6A5C2,1,0.9524923133142442,1
ID_F94DDFEB,1,0.9254954801708055,1
ID_A2CB4773,1,0.23337974078527532,0
ID_F082DF61,1,0.953802407130373,1
ID_E780E795,1,0.849424349695125,1
ID_3070F7C7,1,0.9287110380379641,1
ID_8C7B84D8,1,0.9058805860722406,1
ID_A91486F5,0,0.41218513838674414,0
ID_88C94449,1,0.9048134546060727,1
ID_7F66F1B4,1,0.9392920859786814,1
ID_320E8AFD,1,0.8142132849862465,1
ID_C49460D2,1,0.8718394528436287,1
ID_23C7D986,1,0.9139656535303552,1
ID_C5328D40,0,0.15640201115292454,0
ID_08A3DCDE,1,0.877103513700312,1
ID_94748462,0,0.17605524016255433,0
ID_6D7ADA50,0,0.24336182518988853,0
ID_0EBAAC3D,0,0.2761158420471192,0
ID_8F13B8DC,1,0.35119478688736305,0
ID_E80D410D,1,0.25625224338809127,0
ID_A800E3A7,0,0.21064575265033494,0
ID_BE4BD1D8,0,0.16914149720752955,0
ID_24683B74,1,0.9230315239983782,1
ID_1AD133C0,1,0.918023054977487,1
ID_2EDB7019,1,0.9179288159646419,1
ID_ECA2EA30,0,0.3580752693835211,0
ID_D14B7E30,1,0.8791310505637002,1
ID_A14D5C7A,0,0.5013351604722799,1
ID_7423D512,1,0.8850587334740759,1
ID_721D8B96,0,0.27791059090272746,0
ID_9A8D5505,1,0.9223276127074939,1
ID_74D5D826,1,0.7373774284346994,1
ID_29C1A79C,1,0.9079861414545478,1
ID_586F0EAC,0,0.35646153811051284,0
ID_F6834934,1,0.24596698816406137,0
ID_F5A9C66D,0,0.9069314977797487,1
ID_F196D941,1,0.8052282676785348,1
ID_CC97150B,1,0.9051275321773261,1
ID_7B72AC38,0,0.46507435642006717,0
ID_982B7117,0,0.263394617665862,0
ID_0CEDF753,0,0.4799978260097639,0
ID_04B398BE,1,0.8951379695563401,1
ID_06EDF2C5,1,0.17959844797932356,0
ID_F1840664,1,0.9282357297317061,1
ID_36DE3A2C,1,0.37466663685342,0
ID_78DBC108,1,0.9116689826704979,1
ID_251C5E7B,1,0.9231182389454318,1
ID_02D6CC7E,0,0.3857716909779426,0
ID_551E9321,1,0.843796498632872,1
ID_56697475,0,0.3233037384418779,0
ID_813690D0,0,0.28058954073398945,0
ID_689ECC7C,1,0.8992316685764078,1
ID_DF3F6320,0,0.3655767308010241,0
ID_0C0AE7CE,0,0.1755840110818631,0
ID_9C913696,0,0.9481402937467432,1
ID_AE7417E1,1,0.9455044367901733,1
ID_CD7FA1C1,1,0.8888320230028111,1
ID_01E76305,0,0.41717950684252103,0
ID_8E47FF6A,1,0.941248023052569,1
ID_8B413EBD,1,0.92832006035578,1
ID_AB6170D8,1,0.583414774282936,1
ID_E3FB686B,0,0.36721496002471904,0
ID_DA2BBF85,1,0.20908322033803922,0
ID_184493DB,1,0.9404975223491036,1
ID_EC14393E,1,0.275837419144582,0
ID_9C06393C,1,0.9328543348047245,1
ID_A29DDA7B,1,0.9194153739292955,1
ID_8D8353D3,1,0.9050105426251025,1
ID_514AC75F,0,0.41784954030218485,0
ID_015F549D,1,0.9256974165485947,1
ID_3CACEE78,1,0.9092189785877016,1
ID_86207DA4,1,0.8812817627074501,1
ID_51449CB7,1,0.9489387322874362,1
ID_D50B6B2E,1,0.16864444911218437,0
ID_55051F92,0,0.44815569415633966,0
ID_0BE3C437,1,0.8984914954784109,1
ID_E558DFE4,1,0.9513211567627673,1
ID_382C2F5C,0,0.20998219130296764,0
ID_91AA12D2,0,0.6418260447215303,1
ID_51DDBB72,1,0.8220142345827399,1
ID_3F62E2B5,0,0.5792778788715958,1
ID_963FADF1,1,0.7825897967225764,1
ID_59CA812A,1,0.2594958480094216,0
ID_BE18B0A3,0,0.2644923844055647,0
ID_1ED3B847,1,0.8318947907967357,1
ID_04ABE6F4,1,0.45284106306200833,0
ID_F1965AE8,0,0.4713386637296529,0
ID_494BC1E1,1,0.9076412164879849,1
ID_2FD16DAF,0,0.21878843193507125,0
ID_9FE67D22,1,0.9321138491067755,1
ID_2E30B2A9,0,0.2947653343327625,0
ID_7A8F3AB3,0,0.17488696236036896,0
ID_32052803,1,0.8649164099020301,1
ID_814C4E11,1,0.43178353449668005,0
ID_50D26CF6,0,0.21168927156908934,0
ID_8D617339,0,0.230154800380865,0
ID_D682ADB0,1,0.05675113324330239,0
ID_C53D1E62,1,0.9308560626652215,1
ID_6A54156D,0,0.18582670676897028,0
ID_BE4102C4,0,0.24072530687001306,0
ID_CDBE136A,1,0.8351022371198673,1
ID_D37DE78E,1,0.30361029414865676,0
ID_5675D2E5,1,0.8919150061515443,1
ID_E798FFC6,1,0.745426863911793,1
ID_89DCF2A6,1,0.9019460872588093,1
ID_DFC909C4,1,0.9187349285816775,1
ID_F5EA0D82,1,0.8987213653406849,1
ID_C0895BEF,1,0.6927920515487358,1
ID_A93CF7A9,1,0.9317679324791046,1
ID_8D2A9F7E,1,0.7984037362290465,1
ID_21B7AFC4,0,0.21946472520122717,0
ID_7CD335C8,0,0.5322846583522556,1
ID_BA7F38A2,0,0.21368858739617633,0
ID_057EF710,0,0.3345606800796781,0
ID_89E60B62,1,0.8943799139715113,1
ID_788C81AB,1,0.9032767096562015,1
ID_7609E7D7,0,0.2570065801650596,0
ID_475EC88A,0,0.22255181449925682,0
ID_B8E08E9F,1,0.34165062758328896,0
ID_25DE439A,1,0.46234613835426,0
ID_EEEAA445,0,0.31401643499990256,0
ID_431DE1CE,1,0.9125991872399676,1
ID_FBD641A2,0,0.663365484245672,1
ID_1904729E,0,0.24273581692823232,0
ID_B396AA70,0,0.47225555517105633,0
ID_704B6C40,1,0.5447858982798104,1
ID_B231F7AE,1,0.5726351331001517,1
ID_F8720ED9,0,0.33054727414514085,0
ID_AA56284A,1,0.9260310827564734,1
ID_E1C353D4,1,0.9380279952765487,1
ID_A08C5A99,1,0.5518764090538838,1
ID_D7CB4754,1,0.9365627206393942,1
ID_7BA0854E,1,0.875109742100879,1
ID_7A630F32,0,0.24113828325214956,0
ID_F61F3F82,1,0.8298123103775122,1
ID_6DF24565,0,0.22101058579042118,0
ID_F1390B77,1,0.3598593496635887,0
ID_61036D59,1,0.4349140052473433,0
ID_7CC99AF3,1,0.9217209449413366,1
ID_56F7E329,1,0.8757694637448975,1
ID_841CC4ED,1,0.9343946335814755,1
ID_0E488C85,0,0.32208731994240625,0
ID_85D74861,1,0.8225487320477508,1
ID_C484F061,1,0.18374398660280292,0
ID_8D032499,1,0.9154073075291864,1
ID_E6073624,1,0.9146733043072743,1
ID_FB2BFE29,0,0.3264872333893828,0
ID_996F454F,0,0.42339630565069936,0
ID_A7BC3143,1,0.7225619468174577,1
ID_2E720CAF,0,0.3064430712358992,0
ID_5BEE8E34,1,0.2990128981582777,0
ID_2B619A78,1,0.41248420466630487,0
ID_2EF4E9CE,1,0.45212417869601235,0
ID_25F59269,1,0.9228403113704964,1
ID_4DE9EB83,0,0.26120327279224126,0
ID_0CE8334B,1,0.8944804700984378,1
ID_A05B6BA8,0,0.41680329394514887,0
ID_65D89C82,0,0.44677086459779386,0
ID_A64F11E1,1,0.8190364709257093,1
ID_927B0B3C,1,0.4061093185301847,0
ID_C4C20BBF,1,0.8688909798026194,1
ID_BADA53F3,1,0.8799731431865847,1
ID_89FF66E4,1,0.8716834141786161,1
ID_A7704533,0,0.3070806618964757,0
ID_EA670B5B,0,0.30660912490853054,0
ID_95186CB7,1,0.876121859921664,1
ID_2EFDD533,1,0.8926232690037983,1
ID_D0045E86,0,0.18047876226609458,0
ID_D03AFE42,0,0.4945109970663642,0
ID_73262FE9,0,0.4685591292102391,0
ID_0BE3EE37,1,0.9020007114665263,1
ID_1A360F45,0,0.3827425869238733,0
ID_C2B58DF5,0,0.18062814085161577,0
ID_85618BF2,1,0.9066017324399647,1
ID_0FAE3AD6,0,0.4813070661789824,0
ID_0508C8CD,1,0.5849804925925522,1
ID_A5EA4783,0,0.49742949870371694,0
ID_9BAA8CE8,1,0.6479303272330353,1
ID_4DCBF175,1,0.9018904451360251,1
ID_9CE7B358,1,0.4875719080228109,0
ID_6B476CAC,1,0.9187535268778619,1
ID_7C9B14D5,1,0.9111219212846313,1
ID_A5820EB3,0,0.23056003073051676,0
ID_DD478297,0,0.1817009311850869,0
ID_10CEB0B6,0,0.2814569941013747,0
ID_E3A61030,1,0.9189189271455884,1
ID_1A33FE2A,1,0.9151206798527376,1
ID_0D607AA8,1,0.6195228860503842,1
ID_0D3D44C4,0,0.9358476936930119,1
ID_2D947422,0,0.5151659578307108,1
ID_6D5FA144,1,0.8952015472668676,1
ID_B176021A,0,0.5228018759728073,1
ID_D309FF51,1,0.8964162686639187,1
ID_2BFFA669,1,0.8541957288760318,1
ID_F0CD7E98,1,0.7735428724182982,1
ID_3D0A0178,0,0.19751881954899933,0
ID_8ADE11DD,1,0.9238374682494113,1
ID_79393E0D,0,0.2500016719011217,0
ID_77402B4B,1,0.9155348438973544,1
ID_92E37CBC,0,0.3294479074041177,0
ID_11C28394,1,0.7554717056721525,1
ID_6EAB5131,0,0.5278530848091668,1
ID_027795D3,0,0.3057051384599475,0
ID_592688E4,0,0.42259463770213385,0
ID_FEFB6E56,1,0.3109019908889526,0
ID_C68C0C11,1,0.9126455448598892,1
ID_E22E5670,1,0.5130854673545473,1
ID_BEF47D20,1,0.3783838217590647,0
ID_DB5E60A1,0,0.46886728594619703,0
ID_942D08CD,1,0.9210517109380016,1
ID_249B5F06,1,0.913766527956184,1
ID_F0CED294,1,0.9148186789193128,1
ID_8BEBAA3E,1,0.20275958124497392,0
ID_186AA83C,0,0.30167861760223924,0
ID_A7BAC4AC,1,0.9088594670613934,1
ID_50796C93,1,0.27978323028639845,0
ID_376C015E,0,0.29645819309729704,0
ID_C067803C,1,0.9220629848383565,1
ID_F486B826,1,0.9137885808124743,1
ID_0205A25F,0,0.9288873806931047,1
ID_1D726805,0,0.2367730545642041,0
ID_B7E3EAC0,1,0.4031744646168402,0
ID_D9C5D2E6,1,0.9253162078727211,1
ID_2176C16B,0,0.2513765738885628,0
ID_69C640BA,1,0.9267121419941936,1
ID_9CF401D7,0,0.528356034880238,1
ID_CAB5D15F,1,0.3678956211755487,0
ID_63030202,0,0.25532761127657827,0
ID_48B6FE01,1,0.9399424004398791,1
ID_FEED869D,1,0.5298553111852956,1
ID_9917ACCB,1,0.5573567431182979,1
ID_3F70A923,1,0.9321563519766577,1
ID_B90C5F4F,0,0.2716607491021187,0
ID_78B7930E,1,0.908276356772021,1
ID_EEF8D243,1,0.7494924557133933,1
ID_000A98B3,1,0.9296430398778452,1
ID_CDD567F6,1,0.5190892454085209,1
ID_9AAB02FF,0,0.3424518030678424,0
ID_17F75038,1,0.4595639583344227,0
ID_C745E672,0,0.3899557376102764,0
ID_18413A45,1,0.8835839153679798,1
ID_C7468C47,1,0.4233142820705086,0
ID_1CCF35F3,1,0.42903495935118385,0
ID_4B06CFDD,0,0.483483970906768,0
ID_7D4D6BA6,0,0.29270520889604545,0
ID_6323F1FD,1,0.8565776458466324,1
ID_7D64918C,0,0.40295399134778404,0
ID_D99E6B28,1,0.9144310938334272,1
ID_24FC1C39,1,0.4745379155336057,0
ID_8F7E8A8C,0,0.45034399381659984,0
ID_5C5C18C4,0,0.26728395260071564,0
ID_415D629A,1,0.8306113080302994,1
ID_ECA04FA9,1,0.8988703617953866,1
ID_33E8335A,1,0.8379145298693945,1
ID_A0382821,0,0.390279346215342,0
ID_FFFB3548,1,0.797126055365641,1
ID_3B4B2E12,1,0.8340924886578734,1
ID_F0AD0D9A,1,0.8631260366560752,1
ID_C2FCB388,0,0.3490817776598364,0
ID_42854645,1,0.26954780114227794,0
ID_A6AA2C79,1,0.8661909416700627,1
ID_78718D20,0,0.2745914818379438,0
ID_B087D9F7,0,0.19926986159072185,0
ID_587DFF3D,1,0.8681680613164541,1
ID_0EDE33A5,0,0.4993109335423145,0
ID_C565734D,1,0.8595956175494882,1
ID_3964B0B3,0,0.31352517358209114,0
ID_F64028C9,1,0.4183151117621274,0
ID_301C3A56,0,0.4241790783597776,0
ID_62DAA960,0,0.2881583601665441,0
ID_CC67CB1A,1,0.4168479981416167,0
ID_978F3C79,1,0.8553995902800289,1
ID_DB56F6D6,1,0.6494675259196205,1
ID_145567D0,0,0.5141087578854755,1
ID_501C5FE3,0,0.37585771842303045,0
ID_BF363A93,0,0.41905029028039126,0
ID_495A1569,0,0.5892446225796258,1
ID_8AE7F685,1,0.5962386073807194,1
ID_2F206D6A,1,0.5417111819658947,1
ID_50DED3D4,0,0.7092318589866684,1
ID_B6856820,1,0.8563503425477712,1
ID_59493C3B,1,0.8634971452412279,1
ID_EFE33DB1,1,0.8553322154291488,1
ID_95AE1049,1,0.8877893467302902,1
ID_38F774A5,1,0.914613259357049,1
ID_8FEE6C43,1,0.20782622860645164,0
ID_1B1645BF,1,0.8049136076133687,1
ID_E1011795,1,0.8833460078968401,1
ID_2C7C0A7D,1,0.45851148246823265,0
ID_03D13F93,1,0.8942997582856417,1
ID_42C9ECC3,1,0.9036148449680369,1
ID_1EFA7D22,0,0.33268348530355163,0
ID_23A5F238,0,0.23093766489083342,0
ID_74DAFC8B,0,0.8150825329450055,1
ID_65BD80AC,1,0.8778842631848566,1
ID_B767B8DE,0,0.3071554676266034,0
ID_4FCCBF4F,0,0.17351292063460358,0
ID_12E3C10E,0,0.14460633965977485,0
ID_B4395F25,1,0.8009494447448948,1
ID_E625910E,0,0.4125040368504968,0
ID_D1113C0F,1,0.8426722458861985,1
ID_E2E66B06,0,0.32128838104403845,0
ID_718C39B8,1,0.8337365532887913,1
ID_2A564828,1,0.3102162206014896,0
ID_2CD3B3D5,0,0.331865687328843,0
ID_FB5D0523,1,0.8551445870684616,1
ID_CD6F53D6,0,0.3951611268444536,0
ID_75661254,0,0.7899998997994082,1
ID_1EF26929,1,0.8718173407792432,1
ID_141D286B,0,0.6626458679586531,1
ID_1FACB9CF,0,0.18123385629608837,0
ID_6B5E4FBD,1,0.3661803096415205,0
ID_DC37BB55,0,0.48060648661008837,0
ID_FBA6BD3D,1,0.881085332652625,1
ID_313006D3,1,0.558918053767754,1
ID_A9ADCFC3,1,0.507465961294857,1
ID_2BE0FDF5,0,0.3354805207775448,0
ID_B01341C4,1,0.859336410163121,1
ID_C26ABC13,1,0.7851023410070461,1
ID_B667C3F9,0,0.8865891926365045,1
ID_170B95CA,1,0.4151926162049987,0
ID_A271F41F,1,0.8568672334680503,1
ID_BB26CE1A,0,0.42844857458462626,0
ID_67FAEF16,1,0.8637549840440332,1
ID_FEF7D268,0,0.22683212560823152,0
ID_F3BB8F25,0,0.7493811910690641,1
ID_DFA3B86A,1,0.7788090642772829,1
ID_BF7586D3,0,0.29823417582582606,0
ID_8242FEC9,1,0.6921925995752571,1
ID_0FE2C221,0,0.14940016234028605,0
ID_527B2CCD,1,0.6785133122404625,1
ID_13C0901A,0,0.5099729370399348,1
ID_CE52740B,1,0.7590791109895938,1
ID_832444DE,1,0.76011750031187,1
ID_B1F8F22E,1,0.09447364113792128,0
ID_53F05EB5,0,0.8712456867176074,1
ID_436E6F90,0,0.7374880805144812,1
ID_FEAB674A,1,0.3538124010221595,0
ID_271F9C34,0,0.12834492908109998,0
ID_9DEFD9C8,0,0.226052615759482,0
ID_FD2FD1CD,0,0.20087695505303274,0
ID_C4B6CE56,1,0.5995628304339925,1
ID_56FBD79A,0,0.32274099585246485,0
ID_F9275BF2,0,0.6976661630627041,1
ID_6877FE97,0,0.6421247308365398,1
ID_48A4E598,1,0.6247642696217635,1
ID_08CFB0DC,0,0.14868404793973156,0
ID_7132F107,1,0.6061715947139624,1
ID_FE41D776,1,0.6297077433509084,1
ID_182A9026,0,0.46888480527927967,0
ID_A875A7B4,0,0.715418977843599,1
ID_6D773098,1,0.8072727244099662,1
ID_81451889,1,0.6569428313966472,1
ID_73A5F934,1,0.6500349437277634,1
ID_BF0C3E3F,0,0.4308291803953554,0
ID_61477F47,0,0.5572766993198619,1
ID_7869D7F9,0,0.518599041744138,1
ID_81FD2DFE,1,0.7229942232814132,1
ID_4A2CE217,1,0.7694764330128804,1
ID_F5DB795D,0,0.7021787827917243,1
ID_36E83AF7,1,0.5745856943725218,1
ID_30FF881D,1,0.7208307037493102,1
ID_836A30AD,1,0.8080653034199659,1
ID_6894A687,0,0.45003024837818423,0
ID_9CB3D6E7,0,0.691625133279659,1
ID_355175F4,1,0.6972327672060382,1
ID_30DAACE9,0,0.6874871828774147,1
ID_5DBFD2B1,0,0.17639273070939862,0
ID_F1957D81,0,0.795450507960302,1
ID_CFD9942F,0,0.8243603340702286,1
ID_1CBA4936,1,0.8552909328979875,1
ID_E4BAF1A9,0,0.18257965083175196,0
ID_2CF3EF64,1,0.3030236110706304,0
ID_9FE1F20D,1,0.8086520546442687,1
ID_DB50CE3C,1,0.8296643702293104,1
ID_EAC7C855,1,0.33129745258337046,0
ID_6DB81E74,1,0.5954906044363302,1
ID_6FC8FF93,0,0.24021112723873603,0
ID_C2F5CBAE,1,0.8063621764744232,1
ID_275D1638,0,0.7162612096122124,1
ID_81EA24A4,1,0.7987512901087802,1
ID_2533B8DF,1,0.40011680333951205,0
ID_77A74C54,0,0.7983730140442638,1
ID_52C9B04E,1,0.4669260949174045,0
ID_353D8806,0,0.5176774015022172,1
ID_0BDC7DF3,0,0.41745312471839535,0
ID_9093AEF8,1,0.7601404149333718,1
ID_D5B84308,0,0.43207311870062864,0
ID_D505FF95,1,0.3607692799721848,0
ID_5F9F0B60,1,0.5215762518023729,1
ID_5D43F25B,1,0.2188876558453882,0
ID_8B3B10A0,1,0.6895423132649563,1
ID_AA8DE70E,1,0.6835846998953882,1
ID_FA076BB3,1,0.8505958002833474,1
ID_63342485,0,0.38090795867745064,0
ID_D63C4A4C,0,0.14261473910202038,0
ID_BA5359E6,1,0.842439859684593,1
ID_5761ED00,1,0.3111385530089668,0
ID_B6C6C310,0,0.451638006593464,0
ID_ED888ADA,1,0.7647988581102741,1
ID_D9C2F90C,0,0.7792136658841105,1
ID_0FE6493B,0,0.5532974718721639,1
ID_8617CCC7,1,0.7346837871310854,1
ID_8D20170D,1,0.6931221988718689,1
ID_4327327B,1,0.6977449685867975,1
ID_A2D25055,1,0.2364782829830908,0
ID_38269349,1,0.7747898134185622,1
ID_40E4A690,1,0.698220734762761,1
ID_79180E57,1,0.6111658877492365,1
ID_1093DE08,0,0.7950905590850342,1
ID_59D27028,1,0.7109077659740574,1
ID_8C78AE5F,0,0.6971906049793409,1
ID_E300C0DF,0,0.613990777193818,1
ID_B7B5A3B2,0,0.7149024267609007,1
ID_4AD3888E,0,0.5314322226055449,1
ID_72672EB0,0,0.682258574202159,1
ID_6F6F1FF3,0,0.7384481408935419,1
ID_6F1E6677,0,0.34953548649837335,0
ID_43A2B57D,1,0.6232786043544681,1
ID_37955C28,1,0.36936358095006594,0
ID_BBA55771,1,0.6892048460644605,1
ID_CB4EB5D3,0,0.5783026365075353,1
ID_894AEF7B,0,0.5243083785025583,1
ID_78EC100C,1,0.6672900170555759,1
ID_27F52696,0,0.5257945914558336,1
ID_72B01EF4,0,0.647046890710168,1
ID_AA845F68,0,0.3840795019314181,0
ID_DC8A2937,1,0.15343464631791304,0
ID_061D4BE7,0,0.6430619723455668,1
ID_653FEFA9,0,0.2699782049420043,0
ID_C80287EC,1,0.539710990244538,1
ID_F32CC9B3,0,0.4507733743334727,0
ID_21EFD37A,0,0.39307157175449803,0
ID_9A2EF2B6,0,0.18536141645271678,0
ID_C4E5EEA4,0,0.675099406354215,1
ID_0D085F3A,1,0.3851299086545126,0
ID_0F28FE12,0,0.7095546374947734,1
ID_B7F8686F,1,0.5877479606583381,1
ID_D0A7C687,0,0.6088548921807715,1
ID_F769F4F5,1,0.4480125330466392,0
ID_1695AC91,0,0.5746017461140155,1
ID_65241D60,0,0.6594232721233775,1
ID_41420D78,0,0.6357318604411791,1
ID_DA364266,1,0.5983534514458605,1
ID_B57947DF,1,0.7062643634439293,1
ID_580BD289,0,0.19303096580495552,0
ID_98CA7A5D,0,0.38011377475727376,0
ID_8CFCB467,0,0.5200702333393147,1
ID_C498D781,0,0.6535478079543245,1
ID_8FD4BB3D,0,0.6890366873075883,1
ID_CD749A06,1,0.5963236481895156,1
ID_C31987D0,1,0.7558232123954775,1
ID_4718A7CE,0,0.6635959421781851,1
ID_D5EA9CB8,0,0.6461389367490374,1
ID_9E9411DD,1,0.6204149805578467,1
ID_48EB6CA7,0,0.37035325194119056,0
ID_89E6A1CF,1,0.6562404255903171,1
ID_B2E79121,0,0.678982316441309,1
ID_CB63AF6D,0,0.4655642359884313,0
ID_99F7E4BD,1,0.21634733809729717,0
ID_78E36ECD,1,0.584383600417624,1
ID_58F71E37,0,0.6587191453560229,1
ID_6EB2C182,1,0.36404934342261436,0
ID_9144EA2A,0,0.7226474502089499,1
ID_BA906158,1,0.4347873140604371,0
ID_46CAE0B1,1,0.7069081802375989,1
ID_58023D99,1,0.6533189532948761,1
ID_31983DE2,0,0.7259354164160737,1
ID_E5A74F6D,0,0.656074288110196,1
ID_D614372B,1,0.7042607622427628,1
ID_602A4013,1,0.612592742619136,1
ID_5F57A1E8,0,0.6814061592390265,1
ID_8EA0A89C,1,0.5939133943875557,1
ID_7138F4B4,1,0.7433248352545015,1
ID_33210098,0,0.7009192616538908,1
ID_733AD053,0,0.4290398213799204,0
ID_D2A9244A,0,0.5863226128393155,1
ID_F4F0F0EB,0,0.6134746542393109,1
ID_9F1BEE9D,0,0.3233055671180937,0
ID_0F279EAF,1,0.30460923307390625,0
ID_0D666C9C,1,0.57688288077434,1
ID_50E4B864,0,0.6193388742415425,1
ID_6C287A75,0,0.4177057630149037,0
ID_E02538C6,1,0.6828429136259684,1
ID_197C566F,1,0.5645912304745636,1
ID_02EAD433,1,0.6969186016446346,1
ID_A024E6C4,0,0.5495524089795225,1
ID_78A563B4,0,0.6643244790708352,1
ID_182537B4,0,0.6677654633795245,1
ID_A6FC98D1,1,0.3505991796552295,0
ID_6F9F0A4B,0,0.5670086166538747,1
ID_4063A107,0,0.6748644388061745,1
ID_B3580DB5,1,0.660063448374392,1
ID_25FB9EF5,0,0.13795129137163684,0
ID_89B7850D,1,0.21938133062549384,0
ID_18BB1E1D,0,0.2888852548942487,0
ID_C8F9B181,1,0.618595440181945,1
ID_DFAB0DC0,1,0.5021134548957931,1
ID_CD9F1BAE,1,0.626385447208126,1
ID_62660687,0,0.6496862416508428,1
ID_7EE7FB7D,1,0.7337645032051038,1
ID_806047A1,1,0.752963423765443,1
ID_315EA79D,1,0.6375098766991384,1
ID_92040576,1,0.607752795566574,1
ID_D6D3B7C9,1,0.6296315764467093,1
ID_A84A4E09,0,0.695278107791164,1
ID_D18674A9,1,0.6031482735993021,1
ID_24F9077C,1,0.5745459866669587,1
ID_80FAFC9C,0,0.6326656462261898,1
ID_CDC1A566,0,0.5976179953224061,1
ID_0F531FE3,1,0.5542277928703405,1
ID_005683D4,1,0.30856834843928044,0
ID_C1CE60E6,0,0.6521118990302687,1
ID_9936390D,1,0.6114034734888147,1
ID_C4121D0D,1,0.6531303280001491,1
ID_9E1DD0FE,1,0.7366831965759423,1
ID_B3BD97E9,1,0.5246374363120502,1
ID_0404783B,0,0.5363347789180496,1
ID_C97F04E8,0,0.5784240094259592,1
ID_04AFA6D7,1,0.5610434753769056,1
ID_DB7DF071,0,0.6779478731392679,1
ID_755169C9,1,0.6197798616844308,1
ID_6156F5D1,1,0.6733069772489599,1
ID_67E81CF0,1,0.6160571115877623,1
ID_FD9747F7,0,0.23695394587195406,0
ID_9E33D604,0,0.5851261777206431,1
ID_B78878A5,1,0.5902965067326634,1
ID_60002389,0,0.7160174888433428,1
ID_B8B0A504,1,0.4449532569575563,0
ID_8732DDC2,0,0.5858125740885602,1
ID_32FE590C,1,0.6300455955907086,1
ID_6097727C,1,0.37920519301616784,0
ID_9F43AFF1,1,0.7213293254037215,1
ID_451F5539,0,0.33838719254207367,0
ID_6ADB1597,0,0.33749402929654587,0
ID_1899A566,0,0.4216488260389666,0
ID_B08DCCD6,1,0.6394564576450303,1
ID_9948AFFD,1,0.38763614310743627,0
ID_076A1D19,0,0.2716566540516313,0
ID_069E35F8,0,0.4574242551840503,0
ID_6A6A888E,1,0.6135261837275281,1
ID_F5F91578,0,0.5363060440310696,1
ID_C452A5D1,0,0.5611827391398034,1
ID_4DBB1A7F,1,0.38174582890656283,0
ID_554399A5,0,0.4864917651109756,0
ID_9A6EADF4,0,0.642461321420507,1
ID_40545E43,1,0.765933919850138,1
ID_BFE690D2,1,0.12061555503677152,0
ID_6984365C,1,0.5905944726457998,1
ID_F1B982C6,1,0.6150431569142933,1
ID_8D0DB5B1,1,0.6124423414353528,1
ID_1C8FAF4C,0,0.3842707875556912,0
ID_E37B5F72,0,0.5068085906698124,1
ID_6A90E941,0,0.28151533507088894,0
ID_7C686CE3,0,0.508369084831012,1
ID_F3A92A03,1,0.5220993903110422,1
ID_6917AC09,0,0.3681052663326222,0
ID_106707A6,0,0.5922127318630837,1
ID_47F10EF3,0,0.5455964161963609,1
ID_6D7BAE04,0,0.2902300570159224,0
ID_B3189DE5,1,0.2912687380216096,0
ID_01C1FDDF,0,0.6813919872501109,1
ID_25C496F5,0,0.526849403011265,1
ID_0961308A,0,0.4851067963580475,0
ID_BFB325DE,1,0.21136061837975562,0
ID_8356C1DF,1,0.6715983613509631,1
ID_E44D9E05,1,0.6473624000386736,1
ID_213C1C83,1,0.7959879283918988,1
ID_86A3DE27,1,0.2228249765831682,0
ID_ECD5069E,1,0.6358760100039633,1
ID_871628E9,1,0.5895870926582266,1
ID_982C9E93,0,0.3211124474783729,0
ID_F6CD238C,0,0.45493500550723426,0
ID_7B88C2A2,0,0.7118282467829831,1
ID_2793519F,0,0.7369848173433353,1
ID_5D346D09,1,0.5941614766379635,1
ID_E9016F46,1,0.4962904325221989,0
ID_DA5058F1,0,0.7254254462086754,1
ID_B7E758ED,1,0.830347292781985,1
ID_7DBCCEDB,1,0.7548463856605844,1
ID_8F699AAB,1,0.6968858302750156,1
ID_1763FFD5,1,0.5746719849645785,1
ID_11F90F39,1,0.6353940241810256,1
ID_9D81902B,0,0.48466869392862066,0
ID_DEBB135D,0,0.6619106716711546,1
ID_ACE3B11B,1,0.5440059744863711,1
ID_E4C34704,1,0.7244384260567011,1
ID_3336D8ED,0,0.38712688225627656,0
ID_5E3F664A,1,0.35618315298880904,0
ID_94944F79,0,0.6161473930453533,1
ID_67CEFC9E,1,0.7010407550550198,1
ID_61AB4667,1,0.6165604592050989,1
ID_24960F7C,1,0.7939969752332986,1
ID_26E1818A,0,0.7055979871436554,1
ID_A96770FB,1,0.6242700797952158,1
ID_053BD7E6,0,0.6672335276298145,1
ID_8CB7A423,0,0.3681872339398759,0
ID_2358593C,1,0.6811631203268295,1
ID_21A0A034,0,0.21223705149528044,0
ID_6B498AD0,0,0.501887283298898,1
ID_6F5EA99F,1,0.7572983598216635,1
ID_FC4908F4,0,0.5597080106630244,1
ID_85B2E8D5,1,0.19171479748859996,0
ID_7A91B4F8,1,0.6966116802351422,1
ID_FA127A7A,1,0.6310867427279998,1
ID_CF74CB0A,0,0.7167558686266517,1
ID_9EA85F6D,0,0.4943027131664189,0
ID_B0627DB1,1,0.6515995533151165,1
ID_AD4C66B3,0,0.575857945152312,1
ID_B3A78042,0,0.6270257027781825,1
ID_B5BDAC4A,1,0.6235269716089287,1
ID_AC809EC4,0,0.7290697890725759,1
ID_C78297BE,1,0.4650823759654606,0
ID_39BBC9C4,0,0.39183332224694845,0
ID_DE8711C7,1,0.5975914037339642,1
ID_C76FC534,0,0.6297524801463283,1
ID_6578EB1A,1,0.5296479940195318,1
ID_041A97FC,1,0.4119532680266364,0
ID_098A2751,1,0.5729650028230286,1
ID_05A19E29,0,0.6739630167728891,1
ID_2FBB24C3,0,0.7876847904834525,1
ID_1CEC46C6,1,0.7703407698494311,1
ID_A9ECDD45,1,0.737484754197325,1
ID_41686F47,1,0.46115870719034846,0
ID_A512A7BF,1,0.6258867067651094,1
ID_6FE7F20F,0,0.6559384440907042,1
ID_40114046,1,0.7905531035376472,1
ID_C6DBA230,1,0.4559283807003609,0
ID_ADDA8275,0,0.4363380128320756,0
ID_80C3DDED,0,0.41951217831835635,0
ID_DF6943DD,0,0.1452719338988879,0
ID_BCF19353,1,0.6622885376380703,1
ID_DAE7A070,1,0.5721743460119474,1
ID_1CAF709A,0,0.5660724362440896,1
ID_57BA05B4,1,0.6627353124338731,1
ID_49E96110,0,0.5574274742500729,1
ID_E77C3225,0,0.31291850827348666,0
ID_228BA221,1,0.6980431753089772,1
ID_4100CD5E,1,0.7162222955311256,1
ID_27513625,1,0.6026453796022834,1
ID_ABD9FF2E,0,0.1406595559795162,0
ID_2B519491,0,0.6492931915416053,1
ID_50186F5C,1,0.16009445490384042,0
ID_9AF99CA1,0,0.6189794115550501,1
ID_E07CE31A,1,0.5792373066086081,1
ID_45BF946D,1,0.664654144770223,1
ID_F4FF09B1,0,0.5605400139894697,1
ID_E62402F6,1,0.6217316988705477,1
ID_866A71E5,1,0.7664712785158445,1
ID_CB74FB23,0,0.19823149396332249,0
ID_CB8AB28F,1,0.39759582138043886,0
ID_42CB8E7D,1,0.6194829015558254,1
ID_2A370007,0,0.42866844950866306,0
ID_F291417B,1,0.10948499379105478,0
ID_E8FBDDDB,1,0.6099531533391586,1
ID_3F718CA0,1,0.5934589380209854,1
ID_5147A702,0,0.24353674021175606,0
ID_B342CA68,0,0.727901205764732,1
ID_39A72B52,0,0.269050967154553,0
ID_0AADD1FA,0,0.46855038439294555,0
ID_A0CCC191,1,0.6494456181169601,1
ID_A109F9C4,1,0.551689282553716,1
ID_10024099,0,0.6786457711685261,1
ID_5EC10095,0,0.5812825079909723,1
ID_8F8BCFEF,1,0.527639171113653,1
ID_1B0FC0C5,0,0.5658802982959633,1
ID_05F4B753,1,0.6338533154132382,1
ID_9E81620C,0,0.2567087722488347,0
ID_3E167FBE,0,0.1862978792569723,0
ID_D3F740C3,1,0.2496939356585657,0
ID_862D6588,1,0.6404087398328906,1
ID_FCFFE7A8,1,0.6284391922526875,1
ID_5F927947,0,0.7584783160350206,1
ID_7262A90A,0,0.3269875822599023,0
ID_AC72458E,0,0.6008718993728934,1
ID_94687102,1,0.5831352959606798,1
ID_3CD622B3,1,0.5617672787275125,1
ID_E62A2FE8,1,0.6221663543093164,1
ID_D0D59F48,1,0.6400203950198639,1
ID_0E41AB64,1,0.5798017897676401,1
ID_0D510A88,0,0.1302018104421012,0
ID_7D67BBD6,0,0.4514145965939742,0
ID_51ACD151,1,0.5459747162071904,1
ID_17C966FB,0,0.6316880646785622,1
ID_84561476,0,0.6055335969403484,1
ID_AE0FAF20,1,0.376995834222626,0
ID_0760E69D,0,0.30208020848596323,0
ID_A26F3EE0,1,0.552298368017674,1
ID_4F35775C,1,0.4937126390742374,0
ID_857C56F5,0,0.5220779478790076,1
ID_6C6D71E3,0,0.27649390099332444,0
ID_80F27D76,0,0.6653718431152564,1
ID_7F2A60F7,0,0.22803624589220314,0
ID_7A791664,0,0.5246486309670242,1
ID_10FDF045,1,0.5274514380052923,1
ID_2B8FCBE8,0,0.6972811367437768,1
ID_39D37181,0,0.5134757859951433,1
ID_841CD8F0,0,0.24514635280463357,0
ID_CE807148,0,0.551701510888361,1
ID_C9194BE8,1,0.6313221843547208,1
ID_2D157B93,0,0.6957000397263652,1
ID_7D03048F,0,0.23041236494004966,0
ID_90B69B2C,1,0.160178959902254,0
ID_F9A67CC4,0,0.24054941335777305,0
ID_09589CCA,1,0.549674821176839,1
ID_05E2F8DF,0,0.6138928742183217,1
ID_DA52FF4E,1,0.5850235908869296,1
ID_DAB35ADC,1,0.584358525002591,1
ID_1466FF3E,0,0.473661228828948,0
ID_7E53A235,0,0.7664359151875465,1
ID_6E402A0E,1,0.6699120224168786,1
ID_87061BA2,0,0.5002176934286839,1
ID_6E91CF71,0,0.3595109673881732,0
ID_A029650A,1,0.6605609437978929,1
ID_51E155DB,0,0.57354228321702,1
ID_EC23E7EF,1,0.5491315209655108,1
ID_BACC0D39,1,0.4718385935696955,0
ID_E78E20FE,1,0.5403774404236057,1
ID_DE0742EB,1,0.638016748724462,1
ID_553DE5E1,0,0.5613483994251633,1
ID_8D1115EA,1,0.45845860742445943,0
ID_FF6F5309,1,0.6634648398582992,1
ID_31AE99CB,0,0.6152130157176285,1
ID_4281049B,0,0.46364986245582784,0
ID_9158CFF2,1,0.4738192408065793,0
ID_524FCD8A,0,0.2934074774746321,0
ID_CE087004,1,0.4966965887538215,0
ID_F9E56630,1,0.25602689579199867,0
ID_E31C72D6,0,0.35444461398026633,0
ID_702CAA90,0,0.1587330920565739,0
ID_11E1A72D,0,0.5680510624064418,1
ID_22EB1062,0,0.6854881961497715,1
ID_71A025E2,1,0.5285455950096607,1
ID_DA9BE9AD,1,0.5881323400761242,1
ID_42023BBC,1,0.568898044119594,1
ID_688900EB,1,0.6510733409554484,1
ID_A45F00C1,0,0.5665235701578264,1
ID_3B458EC4,0,0.5741204589743475,1
ID_1623C03B,1,0.5178313794150641,1
ID_2DC654D8,0,0.5576952438212391,1
ID_1FF9E26D,1,0.6434351031181331,1
ID_85ACE793,1,0.5624214663552515,1
ID_E6F7F719,1,0.39973528317359364,0
ID_4584FB4C,1,0.499131637456211,0
ID_9978D125,0,0.7208934158907235,1
ID_38F50721,0,0.68674287481744,1
ID_C55C7C63,0,0.7396390644525503,1
ID_D990DB0E,1,0.378159975229137,0
ID_92E049E7,1,0.6208921598872446,1
ID_E3BE7D29,0,0.2766643116715252,0
ID_8ADA5844,1,0.7216391787195547,1
ID_98BFE939,0,0.7603668783030357,1
ID_65A5C331,1,0.650527598865916,1
ID_93F1BDA9,1,0.3081420226354445,0
ID_86045B21,0,0.25509803723762253,0
ID_BBA8AE96,0,0.6552864805270668,1
ID_9FDBAB50,0,0.606721810428657,1
ID_9E1BF144,0,0.7407992290231507,1
ID_06541CBA,1,0.6784843835696311,1
ID_E2F73B1C,1,0.6839665255265639,1
ID_BB711853,0,0.631563403893337,1
ID_642C67C4,0,0.29367208628562214,0
ID_3087E07E,1,0.662662567426501,1
ID_85897BF7,1,0.6825450701485645,1
ID_18CBD81B,0,0.7352430558473598,1
ID_B9687139,1,0.6655461546373301,1
ID_60A56B14,1,0.6744468716675175,1
ID_1A3A50E7,0,0.7191854560947449,1
ID_9C4276DB,1,0.6948429617985769,1
ID_658DF851,1,0.6615725829510645,1
ID_D6BBB11C,0,0.407672124064158,0
ID_9D20EBEE,1,0.6419209474985096,1
ID_1DE62157,1,0.7224846773792026,1
ID_90E2CD8D,1,0.3560654253293501,0
ID_2E3A4F2A,1,0.6822910022295264,1
ID_811143FE,1,0.4014334455214865,0
ID_3A79CE93,1,0.6489626355739845,1
ID_8A9E4F40,0,0.7187652633681654,1
ID_4D63B91B,1,0.6799861215395047,1
ID_DE46F2BC,0,0.6190228042579067,1
ID_F0D2211A,0,0.2964613647056755,0
ID_BA1357F3,1,0.3862138659161075,0
ID_DC8FDBCD,1,0.7250388692975871,1
ID_EDB01063,1,0.659409002764634,1
ID_9756520F,1,0.34848241041778577,0
ID_E56ADB22,0,0.7360511576957917,1
ID_493E5A6F,1,0.6079349484020239,1
ID_6EEEC09C,1,0.7167530668627029,1
ID_6D754B0F,1,0.6597952493342955,1
ID_5CA4C49B,1,0.7484725995600456,1
ID_3F83756F,1,0.707076495202164,1
ID_6ECF259B,0,0.6411765660696193,1
ID_14AB5AC3,1,0.6159811117949507,1
ID_8C25FA76,1,0.6091974314346874,1
ID_11FDB00C,1,0.4343038195792663,0
ID_8D10D47C,0,0.2784143509470334,0
ID_1FD1314F,0,0.41414338380745264,0
ID_7E5912F5,1,0.6567758019870792,1
ID_AE443008,1,0.649267311863622,1
ID_41D337B0,1,0.7545774481554282,1
ID_09D7C446,0,0.6879856354016548,1
ID_83AAFD44,0,0.6524401093761558,1
ID_34CE69F9,0,0.29835605860748743,0
ID_E70FC09F,0,0.7300282708696016,1
ID_6BC129E2,1,0.5864393172525978,1
ID_BF08FBAF,1,0.5773121047191911,1
ID_8AC9C7A2,0,0.7298195370660672,1
ID_4368BA72,1,0.6213713718805086,1
ID_A9E2B5DB,1,0.7099529750665744,1
ID_68A0B072,1,0.6264290134458227,1
ID_F33E4C0F,1,0.6864506323418771,1
ID_C9EEAE53,1,0.6242572676098396,1
ID_64470C69,1,0.7333950395241324,1
ID_33916BAC,1,0.6311760322785891,1
ID_8CA8C775,1,0.2511956093946242,0
ID_8CA23392,0,0.667528262753565,1
ID_F1648E92,1,0.49201854694364244,0
ID_4C7944A1,0,0.6957369705409855,1
ID_9E7CA86B,1,0.5237439039851066,1
ID_F6569921,1,0.8400448868865666,1
ID_D7A55551,0,0.13550254416311705,0
ID_CFCAF062,1,0.598019525265555,1
ID_6779263C,1,0.7482210428651977,1
ID_C35DE701,0,0.7536917760976946,1
ID_DEFC00DD,1,0.661332450514142,1
ID_F5F7A5F2,0,0.6948308356234565,1
ID_94F1A247,1,0.35007373411346876,0
ID_C7FB3A52,0,0.6112252571053512,1
ID_C689C603,0,0.5643395686327055,1
ID_12557283,0,0.2299303289310237,0
ID_98B5B570,0,0.6039362253834035,1
ID_46131BBD,1,0.546269084955632,1
ID_8EA6695C,1,0.6800005394987408,1
ID_A8929CAF,0,0.15670568916993693,0
ID_89F533F7,1,0.5557538377675038,1
ID_7874DF5F,1,0.673211008760771,1
ID_EC730E0D,1,0.5797718293186702,1
ID_2DC76AA7,0,0.5818696089646738,1
ID_23B088AF,1,0.6064312834561448,1
ID_B875A7E0,1,0.7649490348790613,1
ID_4F621D2D,1,0.575839013142308,1
ID_F7B3C4F9,1,0.72397563262463,1
ID_9F6C8E34,0,0.5865855696272065,1
ID_9E6823EB,0,0.6138855760900984,1
ID_B005EE1D,0,0.6570874678749948,1
ID_9A3B652F,1,0.49934076255603915,0
ID_36ADFA91,1,0.5679710371609467,1
ID_7668458F,1,0.2863958585023161,0
ID_BC9B1D84,0,0.6340102565422365,1
ID_100D7BAE,0,0.14056579879797607,0
ID_F855DF59,0,0.6092853138493448,1
ID_6D8A12DF,0,0.6243972451684746,1
ID_E187FFF6,0,0.2401529815935451,0
ID_248E7637,1,0.5756284739195613,1
ID_8255A677,0,0.2513577561941414,0
ID_AD204E31,1,0.6277544340018295,1
ID_3FFD356F,0,0.6482760332429766,1
ID_E4EB89EE,1,0.5398573858338336,1
ID_0B01AEA8,0,0.5876810894859213,1
ID_B512112C,0,0.6402144135365379,1
ID_225869D5,1,0.5925538024845021,1
ID_97D0A230,0,0.6513230177490754,1
ID_FEDED5D8,1,0.6569105455907821,1
ID_43EB6254,1,0.6273282775313506,1
ID_5AE33179,1,0.5990448063080599,1
ID_B87DA0B4,0,0.29663471530772917,0
ID_F8CD7982,0,0.6128008447934238,1
ID_36EDDEF9,1,0.648059520095611,1
ID_A7069A8D,0,0.20826132770139757,0
ID_9E5A2327,0,0.4692222479084994,0
ID_C2233397,1,0.6064359241908336,1
ID_FE3519FB,1,0.6370342991601445,1
ID_AE050270,1,0.5936260201400017,1
ID_5C788699,0,0.13270357596881713,0
ID_57FB2080,1,0.696055141600776,1
ID_8E88EC94,0,0.28851084653735776,0
ID_A98369A0,0,0.6598659511788542,1
ID_F42FFE93,1,0.6485327988288627,1
ID_0D9C0F4F,1,0.18301306484053032,0
ID_A1ECD988,0,0.47884808963423825,0
ID_6EFC63B4,0,0.7063057405224006,1
ID_8893E31B,0,0.5491363765149554,1
ID_EFFFFB4C,1,0.5991402747543053,1
ID_1072D91F,0,0.21349265837307632,0
ID_CA526674,1,0.5234180953496764,1
ID_0882E1FA,1,0.7517685854165785,1
ID_88E2D0EA,0,0.6879482517540725,1
ID_436E498B,0,0.6765608706372939,1
ID_A3213551,0,0.5984637343839747,1
ID_581EFEB0,0,0.3205641675841269,0
ID_2AD2698A,1,0.6003329079062503,1
ID_BFE87BDD,1,0.5685985086736614,1
ID_6696B2C1,0,0.6190999463861755,1
ID_B0B0CA85,0,0.5647340212616518,1
ID_1B5751D8,0,0.5989104927564326,1
ID_0DE4A42C,1,0.5733218302660841,1
ID_C384F534,1,0.5605982919216493,1
ID_CD9CF2AF,1,0.49416667697818206,0
ID_D5304424,1,0.6787973067699206,1
ID_2E6E72C2,0,0.7047804822512563,1
ID_F8C1E420,1,0.67920578989552,1
ID_F76710EC,0,0.14750952132838144,0
ID_1E167342,1,0.664065083988231,1
ID_E96015A1,1,0.6889309184523271,1
ID_6DD72D96,1,0.6934477695957523,1
ID_3B0B36D7,0,0.4668521846525089,0
ID_82B56921,1,0.6636639158238867,1
ID_6C0CDA63,0,0.6205619230950619,1
ID_F89806AB,1,0.6672043075155301,1
ID_70788C1F,0,0.5149922062481819,1
ID_82889C27,1,0.5300479047264284,1
ID_9181434B,0,0.6848232344963641,1
ID_CD76344A,0,0.6450823621216536,1
ID_63F2ED40,0,0.43891902129992844,0
ID_4F2E6FDB,0,0.6162512392142417,1
ID_892CCBF2,0,0.5290522993057744,1
ID_8216E7D6,1,0.4603037448824565,0
ID_5B5F0382,1,0.7806428999236975,1
ID_C9AB1ED4,1,0.5738996797375991,1
ID_8B0CD64F,0,0.653512489163018,1
ID_6E7E2565,0,0.5802076545797519,1
ID_9DC6C8BA,1,0.6517145310704294,1
ID_B5DD3107,1,0.7048578728226276,1
ID_9E1032F2,1,0.5728821550145574,1
ID_BA502E15,1,0.7728580652349197,1
ID_665DE586,0,0.6361801736003379,1
ID_96BFCE37,1,0.6140157828075254,1
ID_2432E68C,0,0.5412937098610506,1
ID_0F89E903,0,0.1688889613146435,0
ID_DCDF60E2,0,0.687053059013625,1
ID_7FC09736,1,0.23660060833717378,0
ID_CF1D5A2B,1,0.5765232732349743,1
ID_8596D6DB,0,0.41775637650421676,0
ID_98B06070,1,0.6736066317367682,1
ID_680EC3CB,1,0.470509495843285,0
ID_9218A241,1,0.5241416891502392,1
ID_8B628619,0,0.5576239425247836,1
ID_154A0489,1,0.6650094519167242,1
ID_2F103CD9,0,0.6805041905399906,1
ID_14BFC885,1,0.3165106333844221,0
ID_183E7864,1,0.6548590126914523,1
ID_231C52B6,0,0.73409141901599,1
ID_B516E714,1,0.6172899492742806,1
ID_5521C259,0,0.33575322537046143,0
ID_8DBFCD15,1,0.6338285379291645,1
ID_783A77CA,1,0.6076332372520185,1
ID_EA32CBD5,0,0.5869356792194804,1
ID_8C149B19,0,0.5800787893271623,1
ID_80AD0B44,0,0.11012583273265542,0
ID_9B289E58,0,0.5348846273664877,1
ID_12BF1E01,0,0.4791022272325128,0
ID_A3287EA1,0,0.47652762752836875,0
ID_F6F594F8,0,0.45712667453694994,0
ID_F2A43894,0,0.16838226596585731,0
ID_5D85BE89,1,0.5453149684389114,1
ID_DEE0C524,0,0.6384617030703905,1
ID_2B8F69E6,1,0.48513711201338006,0
ID_099F57E4,0,0.6013060713474854,1
ID_732190D2,0,0.5930043164839316,1
ID_26A19F42,0,0.20377762280069642,0
ID_2E2E4E72,1,0.6419386102789111,1
ID_A0F35857,1,0.617877991274553,1
ID_4A6A2CA8,0,0.5234622339902326,1
ID_8D690429,1,0.5471250731065809,1
ID_EEDEC895,0,0.5563237589916845,1
ID_22B7D9A0,1,0.6264744298931323,1
ID_97797D75,1,0.5587269900100476,1
ID_2B128EE1,1,0.6350595263541214,1
ID_58D6F266,1,0.5875464764680061,1
ID_6F8E5150,0,0.5381221385064255,1
ID_21607FCA,1,0.5296496068185296,1
ID_74E7A6AE,1,0.5950912563370844,1
ID_114DAC47,0,0.3900112182316846,0
ID_124611A9,1,0.5798504104307738,1
ID_ED016384,0,0.6499057687378269,1
ID_84A14F7E,1,0.4867906823140281,0
ID_8F59CA20,0,0.6502855216913518,1
ID_6FFD90C8,0,0.43844914103906474,0
ID_21166BD1,0,0.6599153012645446,1
ID_8CB36095,0,0.3847211211441087,0
ID_5FE44C72,1,0.5443582438786094,1
ID_EDE461F3,0,0.5993378769916891,1
ID_9D2A6F66,1,0.6715111834685098,1
ID_5C46C9B7,1,0.6135187800045587,1
ID_7C12CFFE,1,0.6271349767643989,1
ID_BE091F39,0,0.40099011083011615,0
ID_52671C68,0,0.7726320164658398,1
ID_ABFF37AA,1,0.6845007987491932,1
ID_981B899C,1,0.6348176175536752,1
ID_2DAB1C6A,1,0.4568227033246275,0
ID_5D81486C,0,0.32773452083001986,0
ID_FFAE4860,0,0.6330738187857082,1
ID_ADE14713,0,0.5474524940284868,1
ID_DA563220,1,0.6789241779193416,1
ID_D54A4A81,0,0.6096495006840036,1
ID_131F4A77,1,0.4847167619045291,0
ID_4EDA7D0A,0,0.25614926144339195,0
ID_F09CB3D2,1,0.6437777870628166,1
ID_2DE6A631,1,0.5227903684846446,1
ID_41AB9AFF,0,0.6240290644553502,1
ID_E420776A,1,0.617147764778099,1
ID_790C7EBF,0,0.6751519373385236,1
ID_A9472378,0,0.13995352168359604,0
ID_CAFE708F,0,0.5258457877208185,1
ID_4F3CDE60,1,0.6178891314162014,1
ID_9BB9F8B0,0,0.615093098143645,1
ID_23DCB05F,0,0.6985975530135347,1
ID_1CC3A768,0,0.3782664494916505,0
ID_3E74D814,1,0.5839004046996639,1
ID_F00014D4,1,0.7201314179855373,1
ID_B28E57C1,1,0.5860474106136199,1
ID_EEE19CAA,1,0.6377203689058365,1
ID_11B2FCA5,1,0.6287622511781601,1
ID_8AEB7663,0,0.46102042971770124,0
ID_2BC42EC8,0,0.627534261756861,1
ID_ED4B2AD2,0,0.11640167886191959,0
ID_1E518AE9,1,0.6902936125447088,1
ID_7EAD4AE7,1,0.7324594067460533,1
ID_AD5B81C2,1,0.7798911175919928,1
ID_2DECF905,1,0.626880228829522,1
ID_D80097B7,0,0.6323267114877691,1
ID_DDE69130,1,0.6129537329124634,1
ID_9E6D1B9A,0,0.23474335064779017,0
ID_ED0ABC6C,1,0.7006591445289301,1
ID_A6D87237,0,0.6368994096975001,1
ID_360A8551,0,0.27040286401343555,0
ID_E178FD12,0,0.6304474867891104,1
ID_89EF65F9,1,0.6446305392757583,1
ID_68E887E9,1,0.8001246022133518,1
ID_B18254F3,1,0.723166636739814,1
ID_134C3173,1,0.7540943660397276,1
ID_64B44369,1,0.801288948535702,1
ID_5A9C024F,1,0.8073945230561391,1
ID_32DABA53,1,0.8126174471594874,1
ID_6213B017,1,0.813396939985928,1
ID_00E8E896,0,0.43371994446231504,0
ID_1DE60476,1,0.7323264758191252,1
ID_AC40334B,1,0.7764018348142201,1
ID_B3BE4747,1,0.6556641044764147,1
ID_964BC4D4,1,0.7000696474812415,1
ID_602B57FB,1,0.7335787309239478,1
ID_B527E350,1,0.7815520785698286,1
ID_0BE2AA68,1,0.6927263732008682,1
ID_DF47ABFC,0,0.5015591438710152,1
ID_017FCEC9,0,0.6517563480299187,1
ID_9E251BCB,0,0.1923162976233879,0
ID_24151EFB,0,0.7314868602097092,1
ID_434A0352,1,0.5573906366008375,1
ID_1BCC87F8,1,0.6556022513876568,1
ID_161DC7B0,0,0.7414714363465983,1
ID_A06B3222,1,0.6191399933639103,1
ID_7C47E9CD,1,0.5454887240427034,1
ID_301691CD,1,0.6300896657266392,1
ID_A1DC5AAA,0,0.674831380463982,1
ID_87C662C2,1,0.5322249061785131,1
ID_50BEDE24,1,0.5468701048117113,1
ID_F879A493,1,0.5867755657928837,1
ID_666B05C4,1,0.7073336312979849,1
ID_76283B17,1,0.6921130388467245,1
ID_D3F1115C,0,0.31342035950176583,0
ID_8C56D24E,1,0.7332200146835864,1
ID_AE770A5D,1,0.6578947421565994,1
ID_6C50C9C1,0,0.6894025573959787,1
ID_B50C189D,1,0.6274530829696455,1
ID_10DE4148,1,0.6984413369483966,1
ID_964EDC60,1,0.6710346457621139,1
ID_35BDFF67,0,0.7678311371001996,1
ID_1FD84003,1,0.6180776647320989,1
ID_92FD3C47,0,0.7219624501223372,1
ID_71FFD1AD,1,0.7124948772109879,1
ID_2BA5EF87,0,0.6598503254722015,1
ID_28086B39,1,0.7019079665499719,1
ID_6412331A,1,0.7802090853741482,1
ID_DB95BF5E,0,0.2641538924388439,0
ID_23CACBF6,1,0.6974798192375096,1
ID_2CDAAE58,0,0.19449850266461177,0
ID_8099FB9C,1,0.6200174076519295,1
ID_8A614F8B,0,0.5698046285438678,1
ID_CB4F8F61,1,0.5815432585952619,1
ID_64F97593,0,0.7151843380119421,1
