ID,y_true,target_encoded_oof_probability
ID_1FE951BD,1,0.35949737060716475
ID_5927A443,1,0.8475970378719716
ID_C4E67025,1,0.6528314041493438
ID_44DC5CE9,1,0.9227392542170774
ID_33C677BB,0,0.4768170807197821
ID_D236E800,1,0.796727858040716
ID_CF0BD595,1,0.8886827814262763
ID_2578671F,1,0.6457515741844642
ID_2C20EC5C,1,0.9227392542170774
ID_47BCE4E4,1,0.9195741729851199
ID_2F462027,1,0.37221169179814634
ID_4E87DA0C,1,0.8429344207224506
ID_7E828959,1,0.9228208700679192
ID_997B5475,1,0.921333351171881
ID_1ED766BE,1,0.9153909320604944
ID_68CDD69A,1,0.8573515627002711
ID_FD9CEB90,0,0.7511034604814578
ID_21DA9AD7,1,0.4932878502163654
ID_B7F27F63,1,0.9201754934237525
ID_D3C45252,1,0.40109846550663864
ID_24E921F0,0,0.6544684569515585
ID_D794CB38,1,0.46244963086674246
ID_002D2DCE,1,0.4791379516080825
ID_DB01B3C5,0,0.6171396423502852
ID_A512C0C4,0,0.5698283054485719
ID_3467AC70,1,0.8470240770266625
ID_4AF2520D,1,0.8038557481164298
ID_7BC5D8E5,1,0.91354152267627
ID_B1701DBC,1,0.8717022338453045
ID_43155069,0,0.2717965505335335
ID_08FFBD6F,0,0.5153786803489225
ID_EFFEF255,0,0.66533034744326
ID_540FDFB6,1,0.5464428117449127
ID_65A675DE,1,0.9273046345868797
ID_C89D13D6,1,0.7751442574015788
ID_8FF3A884,0,0.6159214305284013
ID_F2957772,1,0.869173012311552
ID_5278A4C4,1,0.9148639863366909
ID_8452358D,1,0.8449895506536409
ID_6F093349,1,0.8702730642804418
ID_B62607AF,0,0.5268711503802066
ID_071B0BCA,1,0.8885293804609603
ID_EED71D9F,1,0.5754340768830345
ID_F2398E60,1,0.5998495290031346
ID_92BAA68C,1,0.8514871254099249
ID_B08C9EE2,1,0.5426877308448156
ID_B753EC09,1,0.8485926941104102
ID_00853859,1,0.9209865783105979
ID_6BA49441,1,0.5739294973497332
ID_C3289F72,0,0.5512730975905484
ID_4B712589,1,0.7232649148626722
ID_3EDCC453,0,0.6107822192074684
ID_20AD8C5B,1,0.7972050195547715
ID_1AC8D537,1,0.9147582435044063
ID_82832774,1,0.6103246853706048
ID_52FF3CF8,0,0.6617514165775188
ID_92E59CC2,1,0.8980566644278299
ID_9F32FCB4,1,0.3773086269976848
ID_E02C6235,0,0.869173012311552
ID_A792B804,0,0.38493134353263914
ID_4771A568,1,0.8904061863770231
ID_EB2856D1,1,0.8797726401933631
ID_EE3405FF,1,0.8904061863770231
ID_442F6008,1,0.6386727377109608
ID_C1158C74,1,0.869173012311552
ID_EB771E87,0,0.9226517921460203
ID_03B6FE88,1,0.9058279591733601
ID_4CE3928A,1,0.9047433615661834
ID_15006571,1,0.6862991178941261
ID_BAA1A435,1,0.9099093533448793
ID_CE667BDB,1,0.800964788801656
ID_D0422C79,1,0.8665836184013687
ID_19D5F507,0,0.5253399493481256
ID_CE2EAF7B,1,0.9192260176581853
ID_77B0997B,1,0.7760258271153586
ID_402DB219,1,0.6829744166980216
ID_9AF35771,1,0.3866167562104128
ID_44B65024,1,0.8371604597577702
ID_C463D596,1,0.5328558747631764
ID_FEE7CBA4,1,0.58803096670971
ID_052EE082,1,0.9112347042859338
ID_ED025255,0,0.9163161368456737
ID_79498CB3,1,0.5342473117287742
ID_92ABB8BB,1,0.8455968183160077
ID_6BD709B3,1,0.869173012311552
ID_BF037E11,1,0.8425116912414872
ID_6D89173F,1,0.4637504119667187
ID_4BACF83A,1,0.9108445177655891
ID_B1777B62,0,0.6251922833688239
ID_3E228C60,1,0.52038958965364
ID_083806BF,1,0.90026881364261
ID_AC817E84,1,0.8904061863770231
ID_7C868BD2,1,0.8679450134969228
ID_6569628D,1,0.5175988154742026
ID_15F1FD16,1,0.5780271531233993
ID_EC10FFE9,1,0.899602092629105
ID_12014A18,1,0.8438084833359544
ID_43BA654E,1,0.9227392542170774
ID_3EC2F125,0,0.9093332178990347
ID_E68BB851,1,0.6799099925103271
ID_3C6B933B,1,0.8638118688285442
ID_E069FF87,0,0.5537026077069395
ID_A94ABC13,1,0.5838151071821892
ID_C3CDF3F5,1,0.869612044195872
ID_47F9010E,1,0.5691103197181531
ID_432DE02C,0,0.8822554572678062
ID_6C1E84EC,1,0.5076843254606282
ID_F87DBF89,1,0.5689577493931652
ID_29BCF620,1,0.4096895377075964
ID_612C68AA,1,0.8834570827138603
ID_D9C38AAC,1,0.5037758373556762
ID_3F33293C,1,0.6515529491160196
ID_8643A4EE,0,0.5404017261204874
ID_54E3DA1F,1,0.6890204826357547
ID_DF440C5F,1,0.8866656156965891
ID_4CEF19D5,1,0.8473977199633442
ID_3F656297,1,0.9227392542170774
ID_7A92A9A3,0,0.6771064497842889
ID_20C3BA14,1,0.9033631095781519
ID_23FC77E6,0,0.5706130626493581
ID_0FD10927,1,0.6145511549716967
ID_9B0992F6,1,0.9227392542170774
ID_CECB65B0,0,0.3320565180146653
ID_F4CC4567,1,0.9241373966779486
ID_76482336,1,0.9215590430833069
ID_12C90873,1,0.46740884588899806
ID_A0168846,1,0.9115680976642585
ID_265B53D1,1,0.7630141459853722
ID_28EC6262,1,0.44471684210065804
ID_8AF58913,0,0.4678745510283152
ID_6B3B7230,1,0.9189430698952941
ID_C4F7832E,1,0.8435655213069949
ID_C1028851,0,0.7517190881547232
ID_7BE20DE8,1,0.6881169987981337
ID_116F5986,1,0.78652944097752
ID_DC678B61,0,0.6282367661120858
ID_D7C0F8E1,1,0.8809278291209857
ID_D693110B,1,0.3907602656921774
ID_16AAFFA4,1,0.8810533030306037
ID_2B7015DE,0,0.7596242880680014
ID_BB6D21F8,1,0.3052972159813419
ID_DA9EEF12,1,0.9174875533712916
ID_78957986,1,0.8904061863770231
ID_6A4657FF,1,0.46937718009428014
ID_5045DC23,1,0.9246983825128956
ID_781ECE50,1,0.8804556379633246
ID_17004110,0,0.623535850567151
ID_B28332B9,1,0.8227798914605835
ID_6643D98F,1,0.44705537842565396
ID_64A0BD4B,1,0.8904061863770231
ID_3DC7DA3E,1,0.3149143420211962
ID_B0DEB458,1,0.8904061863770231
ID_5C616378,1,0.39956771732322877
ID_2161BBF3,1,0.8904061863770231
ID_4E042597,0,0.6779675680825606
ID_550B5CE3,1,0.869173012311552
ID_4A4BC2F9,1,0.8897739723926161
ID_7EF69E89,1,0.7305468571371037
ID_56FA607E,1,0.7853728807318955
ID_D7616E08,1,0.7571220352907522
ID_4A3849B9,1,0.6941827286300721
ID_00A9231F,1,0.9129008909017905
ID_DF61196D,0,0.6754877497476461
ID_4BE94895,1,0.8804556379633246
ID_1BEF5D6A,0,0.6664900389426902
ID_029B00FE,1,0.8662136639750294
ID_D69186A8,0,0.8679146816025456
ID_69BA4960,1,0.8579556544400152
ID_D26F57E2,0,0.8579556544400152
ID_92677253,0,0.8665105960038143
ID_03AFD197,0,0.3505511659033749
ID_39AE476B,1,0.28778891927658845
ID_82688AD1,1,0.863974549055765
ID_38FF4203,1,0.8957014396265234
ID_E499B9B8,0,0.3855129821941769
ID_2565FC07,0,0.6967559458195995
ID_66C42E55,1,0.8995189163822508
ID_911F86B4,1,0.5533830077361471
ID_8FF4BB5D,0,0.7573939014619508
ID_E65AB050,0,0.8904061863770231
ID_286ACDF0,1,0.4353846970663519
ID_03E9D7A4,0,0.7222568636417228
ID_B4B1EEC2,1,0.8834640290415778
ID_714F4E77,1,0.850037367536438
ID_92138467,0,0.5852029506748566
ID_8EE71A53,0,0.4487719606172997
ID_EA309336,1,0.3587159210983728
ID_4083C9A9,1,0.3760445128169832
ID_C8EA287D,1,0.9113530374618234
ID_BB7BEAFD,1,0.903415662986799
ID_E0D93E0E,1,0.9066881507267498
ID_6E4987AC,1,0.854169285653688
ID_74AAB88B,1,0.7648670477876567
ID_9E17C829,0,0.8426586349585538
ID_23183437,1,0.9215288658762593
ID_E4E6EEA5,0,0.7290757538602757
ID_1657FBB7,0,0.5206668592543934
ID_4C614225,0,0.3197852841035818
ID_C6E39914,1,0.8676626148191732
ID_0D85CFE4,1,0.7479362419563932
ID_D79CB72E,1,0.42359290617001444
ID_39312AF0,1,0.6232826031609243
ID_5A83CD7B,1,0.9203762260866993
ID_77A3B272,1,0.2873208358034603
ID_7D528C25,1,0.7119138545910036
ID_2566F653,0,0.44395188007704145
ID_6189B9FC,0,0.41950603500197253
ID_265C3C3B,1,0.8384133430776075
ID_61E503C7,1,0.8669542354990895
ID_C2D40741,0,0.5767790461572165
ID_1702668A,0,0.4344760659134708
ID_8108A483,0,0.38004387912749116
ID_0A8C12F2,1,0.9199489598863904
ID_6B44FC2C,1,0.8661756282066814
ID_86155AAE,1,0.3633335845544784
ID_86A0AB17,0,0.6304647093660884
ID_6C1F4FBF,0,0.49768968313191947
ID_5CEB6CF0,1,0.4952159830969981
ID_4DC9A319,1,0.8482526402175813
ID_A70991D0,0,0.26998928995537474
ID_0B3F430C,0,0.5513590359690643
ID_85A77EE0,1,0.5242020938634011
ID_413375AE,1,0.2616937635117523
ID_42D85B69,1,0.8714514535004539
ID_778DB41E,1,0.8527824225900499
ID_B4160E67,1,0.9227930618310978
ID_54E28BF5,1,0.905593491449964
ID_2888B098,1,0.886834105471269
ID_DE838CE9,1,0.8728270717550288
ID_3461A6A9,1,0.891731113457304
ID_FA58BB34,0,0.5090338940034188
ID_08F02A27,1,0.8697950869933014
ID_41A3AB9B,1,0.852810983633896
ID_82D9FFA5,0,0.5460281826392097
ID_9796915F,1,0.9224330482143652
ID_5B3993BE,0,0.7102017708891586
ID_D99814F1,1,0.8433794425235889
ID_4E9FF5CF,1,0.9227930618310978
ID_B30063C2,1,0.622743738951864
ID_9007982C,1,0.8645213139420467
ID_C1FD0943,1,0.9290059331342625
ID_1C443DEF,0,0.42529108729760834
ID_6EF1C940,1,0.869173012311552
ID_8FA4F8AB,0,0.48145168223637663
ID_71F540D8,1,0.869173012311552
ID_88352921,1,0.9181799245595383
ID_3ABA5A58,1,0.9226208038972321
ID_DEC0C75B,1,0.9226208038972321
ID_9D732C24,1,0.8346045703899801
ID_816F2659,1,0.9277569418056899
ID_493FBA64,1,0.8483501808809341
ID_D0D4CAEC,0,0.6338596363720054
ID_85551C5C,1,0.5133443873483681
ID_B75CCA54,1,0.850020757644356
ID_0FE63445,1,0.7767561486461175
ID_FA7A3BB6,1,0.8491521596343717
ID_F3A658D0,1,0.9277569418056899
ID_A1891718,0,0.332352783527283
ID_0D3DCEE8,0,0.84677197723371
ID_A442976C,1,0.909320308948347
ID_F22B6FA0,1,0.8904061863770231
ID_C65A779C,1,0.8959698236732312
ID_A6F7EA1E,1,0.9227392542170774
ID_91C695DC,1,0.9184489791918738
ID_81F05F63,1,0.70291910722669
ID_D253F35F,1,0.8556761369815143
ID_7A3BEF01,1,0.3591029822135703
ID_81169AB9,1,0.9140197566045136
ID_83395215,1,0.9197446418451408
ID_53495D1A,0,0.5124734753545588
ID_0E9D51C4,1,0.8555445841489155
ID_1204C559,1,0.33910129993718596
ID_72024473,1,0.24181450347654404
ID_33B114CA,1,0.8411520976475302
ID_40FD73EA,1,0.9214946868201254
ID_AB7DD191,1,0.8854372068985752
ID_61CD6E87,1,0.848429725169862
ID_9B785BDB,1,0.5806534569637588
ID_C62C2900,1,0.8429951486913844
ID_E8D31319,1,0.8749221585165939
ID_27790398,1,0.9132576171680605
ID_5F245A32,1,0.7110670422266621
ID_23F04A4D,1,0.8813916656356526
ID_E2E86D13,1,0.8387751138832332
ID_4C92D064,1,0.9240831974791696
ID_6A1C5D57,0,0.43187798671947114
ID_7F500D5C,1,0.8697277347224673
ID_9EB866BD,1,0.4307824063925113
ID_A902E49A,1,0.8263934815148055
ID_7B80D18B,1,0.867784038324528
ID_415E1972,1,0.8928548647682186
ID_46D01EB0,0,0.6035669700601524
ID_8F6951B6,1,0.8729252141446
ID_3DA70DF8,1,0.9254638853230264
ID_E545182B,1,0.434539223914135
ID_3F0646FE,0,0.5834521245014173
ID_938CBD7C,0,0.9167742394793601
ID_82967851,1,0.6084643602418631
ID_297B647B,1,0.7311909415450322
ID_498A3FB4,1,0.8904061863770231
ID_60BA4CAD,1,0.8904061863770231
ID_5711ACFF,1,0.8677762285649087
ID_B9680862,1,0.9199544157161957
ID_C0B01638,1,0.9227392542170774
ID_0EBE53E4,1,0.3192849593483395
ID_888D6464,0,0.9275656820758174
ID_A3000120,1,0.5191461384493906
ID_B860973C,1,0.505634990766335
ID_2FA4E0E4,1,0.9092479409157509
ID_86F49959,1,0.9246983825128956
ID_B31C138B,1,0.4250380496179482
ID_32C3BF2E,0,0.5926287084942453
ID_80450B1A,1,0.8630117749671222
ID_54B659EB,1,0.9152705277252298
ID_64502CAF,1,0.8758284148326075
ID_6ADF83C8,1,0.8522668501366862
ID_2B7D04A5,0,0.6057060282071115
ID_7205C942,0,0.5742463322907567
ID_1A121219,0,0.4902451407941748
ID_F50F0E96,1,0.46193607822277477
ID_F93EC8E4,1,0.9162673012311854
ID_E372B590,1,0.9246983825128956
ID_B13B5007,1,0.786911648168415
ID_5892A516,0,0.5506851742275285
ID_41D5D3BF,0,0.34333197157120515
ID_A02434DC,1,0.8644430517197553
ID_267CFA2B,0,0.7795024504974685
ID_85F50A77,0,0.2856089989950126
ID_82DBEF55,1,0.9184680513407231
ID_4FE20C82,1,0.921512013872967
ID_979875D4,0,0.39925522950970105
ID_1C0CA540,1,0.8529055533292365
ID_50F7DA5A,0,0.9181232276489462
ID_818B8044,1,0.6813456158146564
ID_52BD3587,0,0.4096321627690545
ID_5EEB7A11,1,0.869173012311552
ID_81529176,0,0.5634618754346306
ID_6EFF806B,1,0.8543180666236563
ID_D79F847A,1,0.2576616630427558
ID_57ED45D9,0,0.316539269156773
ID_400D1515,1,0.8641794481155359
ID_10506E50,1,0.9227392542170774
ID_2CB3EA65,1,0.7766908692551857
ID_404D823A,1,0.6646277133451999
ID_BF7D59E5,1,0.781703491022148
ID_B85F7A8E,1,0.8872157509017919
ID_0EFD63CE,1,0.9078775416566064
ID_F045B712,1,0.8783180824867964
ID_14FAFA37,0,0.779647102261479
ID_118AF328,1,0.8809278291209857
ID_5531D8AB,1,0.903775221261342
ID_4E7C9CF1,1,0.8969676840242954
ID_8944720A,0,0.440053960964659
ID_0210A4D9,1,0.9112389463613306
ID_ED8A37A1,1,0.869173012311552
ID_5206EBD4,1,0.8904061863770231
ID_35F6D8AF,1,0.9207301111714637
ID_29F6357A,1,0.8687596351251099
ID_BE03209F,1,0.9244994485688657
ID_53BB310B,0,0.4228584113530453
ID_3D8E659C,0,0.7397416532524079
ID_61EB7B8E,1,0.9194106431263964
ID_8C19B413,0,0.4569546335583758
ID_70A7B799,1,0.9058002244088292
ID_F69D9A69,1,0.9160824971973925
ID_7C2CF736,1,0.9179838598514454
ID_CE420438,1,0.8670833186177012
ID_5145A977,1,0.7182845508863664
ID_2BFC72FD,0,0.4965341137862379
ID_C1996EAE,1,0.8860131908346768
ID_FF31985A,0,0.5556558847434541
ID_E6BC9437,0,0.3688234897378837
ID_54D6571A,1,0.8904061863770231
ID_3491CE65,1,0.869173012311552
ID_CD9FC592,1,0.9204583309802814
ID_583B4352,0,0.7547365763762994
ID_B6B50837,1,0.4690751900684493
ID_8EE60FC5,1,0.8904061863770231
ID_4E7CABD9,1,0.27076685820541685
ID_969A914F,1,0.9215590430833069
ID_79F12136,0,0.5689231182609561
ID_E6D196C5,1,0.9281384454092285
ID_6006A62A,1,0.9290059331342625
ID_1023EC7E,1,0.913766609579744
ID_385B6C0F,1,0.3522925694148117
ID_D575F611,1,0.869173012311552
ID_60DF28F3,0,0.5307215475858222
ID_D0FF2BCE,1,0.5307215475858222
ID_689ADA40,1,0.5819954451343582
ID_CF9506F8,1,0.8550833233524511
ID_E3A271EE,1,0.8722901149027035
ID_758AD5CC,1,0.7350670430146492
ID_24AC56A2,0,0.5679158648161202
ID_0EC5C80A,1,0.9168189033336819
ID_EE85E1C4,1,0.9290059331342625
ID_2251250D,1,0.8664191231629189
ID_F0FC377D,1,0.8220260445662667
ID_19C76F65,1,0.9242543129545585
ID_46D958E6,1,0.8904061863770231
ID_4C91D9EC,1,0.5220204925712452
ID_2ACF8BCD,1,0.869173012311552
ID_551F161A,0,0.8230170386634192
ID_5E8C8DD0,1,0.9290059331342625
ID_6A0DA214,1,0.869173012311552
ID_664D2CCE,1,0.5587464889931723
ID_52DA7C06,1,0.869173012311552
ID_20940827,1,0.910940902254102
ID_25D9B636,1,0.8604494368434157
ID_52CB4FCB,1,0.8702387559160608
ID_FA25A0CD,1,0.869173012311552
ID_E424A1CF,0,0.5653434427414467
ID_4DDA05DD,0,0.5910461728230155
ID_DAA0B177,1,0.9066808435332411
ID_E5A7DE91,1,0.8776993604028236
ID_576448E5,1,0.9143283124945946
ID_CEC08043,1,0.9201674731685672
ID_430EA20B,1,0.5318815983051073
ID_96DD947B,0,0.7408816232672214
ID_D80F826B,1,0.3769306429595619
ID_D373963F,1,0.9242053068159414
ID_0C7BD1A5,1,0.9175921352531631
ID_A6FF700C,1,0.869173012311552
ID_40E867AA,0,0.45082229694362025
ID_688AED11,1,0.9083596588267736
ID_50C9C59E,0,0.3634964017030061
ID_7E773C34,1,0.919216970722214
ID_F337E5D4,1,0.5986703472682752
ID_5312C4BC,1,0.9048994797548986
ID_4D3650B3,1,0.9201816392964021
ID_7118DF81,0,0.5241100039852074
ID_9188AE28,1,0.9158561515646529
ID_55C96DA2,1,0.8904061863770231
ID_A9C73938,1,0.9218736078346468
ID_99A6DD69,1,0.9232144060395534
ID_0767B165,1,0.8762104906491255
ID_7BE450E2,1,0.5692945082859903
ID_35A50C79,1,0.9176760198524108
ID_EA91E84C,1,0.6140075690135396
ID_ABE57139,1,0.915708441907238
ID_D2BB5203,1,0.6881493538410485
ID_FDCD2D3D,1,0.8854372068985752
ID_874EFB18,1,0.5752472916529416
ID_A74F666A,1,0.8270886415649218
ID_6A03E903,0,0.8086747617470073
ID_22359F8F,1,0.9286811302720972
ID_9EC6DADE,1,0.4177465184264051
ID_1E15CBBE,1,0.5068526984238617
ID_717294A3,1,0.9042998729123983
ID_10B91CDB,1,0.869173012311552
ID_9018AB15,1,0.8445575967730777
ID_CF6F0243,1,0.8904061863770231
ID_658E7F32,1,0.9173960086346676
ID_D27C9FEF,1,0.8303667770698175
ID_9FE8D577,1,0.8535523451372604
ID_55D474D3,0,0.5152837301352173
ID_C3816830,0,0.6225320475918517
ID_EBF5B890,1,0.9051423849753971
ID_F5D19F44,1,0.8904061863770231
ID_6BD01315,1,0.788335989345596
ID_DFF8AE6B,0,0.44065787660003175
ID_566B3A80,1,0.47861121053237593
ID_D123B9DF,1,0.440450181410377
ID_2D980B6C,1,0.8904061863770231
ID_50E1D073,1,0.869173012311552
ID_9BF9DA19,1,0.7309464274706194
ID_03422E73,0,0.869173012311552
ID_6C323092,1,0.5941824304476411
ID_E3A697C1,1,0.5679404733787516
ID_44CA109B,1,0.869173012311552
ID_8BB2A13B,0,0.39279184874697576
ID_9B4BF8D2,1,0.7279025457795991
ID_E6B6C0B5,1,0.9229784551096344
ID_E69C2962,1,0.48539499326560687
ID_0BB99803,1,0.6849038690209764
ID_9DCB8F62,1,0.9230807742720915
ID_1F1DFE4A,1,0.7346674132414842
ID_9DE68287,1,0.8872337958913293
ID_882B8937,1,0.8904061863770231
ID_68854D5E,0,0.9227392542170774
ID_CBB83F58,0,0.6745612790953084
ID_5CB62514,1,0.8668739986561041
ID_C16FBD8A,1,0.31015023595257474
ID_DA64D7FE,0,0.6702257427480317
ID_957B8785,1,0.30078931636671385
ID_F6D60A52,1,0.8615583752246923
ID_6BCC8B0E,0,0.5028372109462534
ID_57CBF996,1,0.8534305919351268
ID_22E6A850,1,0.5407771313137248
ID_1225796E,0,0.3775341781115508
ID_E1A709AF,1,0.9174980427066752
ID_C7560DEA,0,0.43043883988671433
ID_1E530CC5,1,0.9175707414003098
ID_5F526927,1,0.9225773029085266
ID_4327C4DA,1,0.6046746679788247
ID_C52F69A6,1,0.8466972371397019
ID_417535DE,1,0.8904061863770231
ID_C6D93FAF,0,0.45660382776703706
ID_80282323,1,0.5108145323139087
ID_646A676C,1,0.9227392542170774
ID_A80CCDB1,1,0.9132354509038217
ID_C9BA1615,1,0.9290059331342625
ID_5935ED7A,1,0.9090984941868195
ID_CD20F70E,1,0.8466972371397019
ID_E5AF8AF9,0,0.8453809415636975
ID_B7E83195,1,0.8128545933729094
ID_148D12D2,1,0.869173012311552
ID_0D0ADD6A,1,0.9266499427341012
ID_DD4E9CFA,1,0.9119289891611153
ID_C864D217,1,0.8806260986734444
ID_58728705,1,0.8806260986734444
ID_27026B6B,1,0.9212766331657187
ID_740037D9,1,0.8966692789685173
ID_CD2937D4,1,0.9246983825128956
ID_DD83C95F,0,0.5438248691164407
ID_488B4AA4,1,0.9235979645963435
ID_C68AD564,1,0.92564173458235
ID_64783AD0,1,0.9227392542170774
ID_3A959363,1,0.8943001546713343
ID_8CD824C6,0,0.869173012311552
ID_1C9747C1,1,0.7471233555970624
ID_59B63426,1,0.869173012311552
ID_AB4475C2,1,0.8830311552537565
ID_EE067B67,1,0.9187505753361939
ID_D804156F,1,0.5562942278075383
ID_BE335041,1,0.9246983825128956
ID_B934AA2E,0,0.4609239202186937
ID_BB481EF6,1,0.8618724345085327
ID_F6AE561B,1,0.9179699650133211
ID_56BE2BD9,1,0.7644820505338089
ID_7EB6F119,1,0.8854372068985752
ID_EE4AB314,1,0.7483083513158311
ID_9EAAC0ED,1,0.8986560521680372
ID_CAEDC886,1,0.612535280068392
ID_5CBA7A86,1,0.8231286852804575
ID_6B82518A,1,0.9126196453686234
ID_5CC7158F,1,0.47214690266124215
ID_0DAFA839,1,0.8613372144058036
ID_DC9B0E28,0,0.777486351094083
ID_5858B4BC,0,0.7342472881193778
ID_FCFEFAF2,0,0.2632088937737594
ID_4FAC6F7C,1,0.8854372068985752
ID_F7C7ADAF,1,0.4199345715394905
ID_6DFAE512,1,0.8498144627111636
ID_A75585F1,1,0.867978602535163
ID_6BF1EC60,1,0.8947422862736499
ID_4B27B222,0,0.6598783405589005
ID_29F51221,1,0.7945511263339688
ID_D0582EDA,1,0.8561575885120468
ID_3585E84F,1,0.45082664623734364
ID_66FF0516,1,0.9005281841918179
ID_B8E0D817,1,0.8866656156965891
ID_527A51CA,1,0.5548580002656489
ID_3D197242,1,0.43279262915263256
ID_810D734C,1,0.5971202524002359
ID_60833321,1,0.630258012132852
ID_015CEE3C,1,0.8598507125921948
ID_15E55F0A,1,0.35144317591724145
ID_643ACF41,1,0.8994601519048256
ID_47933C8C,0,0.869173012311552
ID_0543CB9E,0,0.5996724644278653
ID_C400C8A8,1,0.879821831484219
ID_3FC185C6,1,0.8505200502907433
ID_A776FC55,1,0.869173012311552
ID_CE77BA01,1,0.8946313919501965
ID_1D4B3086,1,0.32296451624688044
ID_4B8CA486,1,0.9170396459798825
ID_C29B4EBE,1,0.5122993073555232
ID_D4539961,1,0.34247344267435414
ID_04DEE23B,0,0.5484758775348437
ID_D842C870,1,0.8618724345085327
ID_93C135A8,1,0.9085624663326708
ID_EF39C8E8,0,0.4906661875421991
ID_A6EDA137,1,0.8969707756595451
ID_20FF216E,1,0.8826877681295425
ID_7D693DD6,1,0.5882392648506949
ID_13913FB2,1,0.869173012311552
ID_C1F239B0,1,0.45802510021049614
ID_89C13F82,1,0.7209110737481889
ID_289050C2,1,0.563766746206929
ID_F4E16FD8,1,0.9187845674412933
ID_7CBCC60D,1,0.8586179577930345
ID_2973AD5B,0,0.7827988399392537
ID_0B40A926,1,0.8531082190132966
ID_6B2D0F38,1,0.7412394255657923
ID_0F89E7B4,0,0.4428832362093182
ID_5EAE1D03,0,0.5945023871074477
ID_527B1488,1,0.8259214949515679
ID_C8C221FA,1,0.914864600093524
ID_6ECE869F,1,0.8804556379633246
ID_F50DFAAB,1,0.8776260537513187
ID_86D13545,1,0.8241500313578132
ID_D772ABF6,1,0.3397463902596629
ID_C85FCA8A,1,0.5624388513074948
ID_6BEEA7A0,1,0.3341772566032583
ID_5A188984,0,0.6671889678986624
ID_AB77D371,1,0.924343055201975
ID_859A7895,1,0.8904061863770231
ID_77FB28D8,1,0.9227392542170774
ID_80F03AB0,1,0.8795617039656951
ID_BBEC5936,1,0.92282269937832
ID_380BAFFF,1,0.8904061863770231
ID_1F304AF0,1,0.5064942563829014
ID_DB28E461,1,0.921219726405021
ID_E5A35FD8,0,0.6918113015542854
ID_AC8983F6,1,0.869173012311552
ID_EFE5B23E,1,0.7184785948158464
ID_A0C28C70,1,0.9290059331342625
ID_04F95B39,1,0.8788514240538992
ID_00D88BD4,1,0.6645753562962677
ID_C41DC317,0,0.36116867826749627
ID_C8089256,0,0.6422848975570139
ID_7A22A216,1,0.9204562276667254
ID_F429DC84,0,0.8626391361904284
ID_0A5147CF,1,0.9190580171964058
ID_05AC72B2,0,0.6325425286666486
ID_BEC74407,1,0.9236364539964214
ID_4D1CC69A,1,0.8886827814262763
ID_FCCFAD14,1,0.3886217519754878
ID_D0372346,1,0.49476889351996317
ID_9075130F,1,0.867784038324528
ID_46A5FD4D,1,0.38668236668452294
ID_545B30EC,1,0.8695607292954659
ID_59C1C19F,0,0.32984452377219625
ID_EFA18D1D,1,0.7741970631870027
ID_FF530A4C,1,0.9188797875939078
ID_99B518EC,0,0.38816167314241234
ID_69B14B42,1,0.34330986756300363
ID_F269CB20,1,0.7297321722443726
ID_63B26E46,1,0.8854372068985752
ID_38C6B40E,1,0.8666352663423016
ID_CDF1AB66,1,0.9136428616580412
ID_CE19B7EC,1,0.8293436269962716
ID_B28940AA,1,0.8758666716902166
ID_0A03FD0B,1,0.9190088101053658
ID_69E249CB,1,0.67302606972108
ID_6EA75B5E,1,0.7481670302759245
ID_6F7D1578,0,0.674637701685938
ID_31E5BBF0,0,0.4743404778157984
ID_2AF11C56,1,0.87317782437453
ID_52D268D0,1,0.8823174915126127
ID_629BF50E,1,0.4231866615578512
ID_C12136F0,1,0.8702730377173519
ID_46571CFC,0,0.40389388734126674
ID_C58AD1A0,1,0.5777003024904707
ID_2EDAC203,1,0.9213476791772937
ID_F722CE17,1,0.30657273061940454
ID_AB39942F,1,0.8779218661314944
ID_6FC961D4,0,0.49972211676989686
ID_8DA9D906,0,0.4448572859995202
ID_A3F73425,1,0.9227930618310978
ID_00401F99,1,0.5768688455015245
ID_575DAE20,0,0.6205273278518793
ID_0293C532,1,0.8355423547801131
ID_919C03F1,1,0.9227392542170774
ID_539FE42A,1,0.7450839936587852
ID_3F4D28FB,1,0.8418828026709391
ID_FE33134F,1,0.9209865783105979
ID_B2F0BB3A,1,0.9199290087746288
ID_004E8CB1,1,0.8466537420193272
ID_049A4279,1,0.4853235723127674
ID_B56D77B3,0,0.35452539612494316
ID_5C9CC4A3,0,0.6511055688965495
ID_AA98DBDB,0,0.38441222671538716
ID_F2624439,1,0.9194253174301642
ID_E83EC397,1,0.9266499427341012
ID_F13E820F,1,0.7225573114150262
ID_C2D9C172,1,0.9194512864529955
ID_75DE388C,1,0.8854372068985752
ID_23E8E465,1,0.9257559674786822
ID_CAFA7E3D,1,0.9227392542170774
ID_4FFE599B,0,0.49107145906454847
ID_485E2F89,0,0.580480387975634
ID_997F9378,1,0.9136870986605014
ID_988B5552,0,0.5752343152726722
ID_3EBE9283,1,0.49412962051041026
ID_BBA683A5,1,0.919454014639887
ID_8560E595,1,0.8904061863770231
ID_9526989A,1,0.921486904393673
ID_D4BEC813,0,0.487547419765821
ID_333F3623,0,0.3249024648643146
ID_31588542,0,0.6083721253889033
ID_A57A2C7B,1,0.9257559674786822
ID_4CC7DD1D,1,0.8963804700052446
ID_1172A0C3,1,0.869173012311552
ID_628BBA45,1,0.8748870876135882
ID_3AE03F40,1,0.4000312369416349
ID_72B06281,1,0.869173012311552
ID_55FB74C6,1,0.9221701045746348
ID_A70980A7,1,0.5018221506706058
ID_42812CC8,1,0.3984878218600857
ID_F91F31FF,1,0.9187124077913706
ID_3C85DA2E,1,0.8200545716231679
ID_D7982FA1,1,0.3686949464727212
ID_4318A129,1,0.5220074349537187
ID_A5D08754,0,0.3649522562878599
ID_5F92544B,1,0.9135311043895149
ID_7A523104,1,0.9165970212829662
ID_9A645C06,1,0.8904061863770231
ID_779470C6,1,0.9150306872739474
ID_01F28D8A,0,0.8278699394116462
ID_93C1057E,1,0.8953159950890629
ID_FB8A7E68,1,0.8904061863770231
ID_68C18D0C,1,0.9151775837622407
ID_D5B5A96E,1,0.8586637243548253
ID_31C45552,0,0.5556963409642373
ID_B2EFA99A,1,0.8797996707789772
ID_0B26A673,0,0.2962418383323804
ID_7E3ECD00,1,0.8586074107374617
ID_7F3FA94D,1,0.9003144209506404
ID_C5A0A3E7,1,0.8623943856398206
ID_A1735C93,1,0.5700642166397878
ID_22CC4EBD,1,0.698288904246239
ID_A0FECCDD,0,0.7737927188750109
ID_572B35A6,1,0.8898080867146858
ID_9519C5DD,1,0.8945090199634219
ID_C7AD2EDB,1,0.5537151344099374
ID_6F2445AC,0,0.8664191231629189
ID_75FAF9C7,1,0.45924398309723835
ID_CEBC2A3A,0,0.6555571530173415
ID_0C066F7F,1,0.9242811843410045
ID_49B36E72,1,0.3185628660563606
ID_A862E174,1,0.5933633758886417
ID_44F47F00,1,0.5961719105429073
ID_7BC18A25,1,0.9207097784656186
ID_3A7F6175,1,0.9119485163179375
ID_E3400838,1,0.9049452531985464
ID_20EBBDDF,1,0.9199749499178768
ID_84AC03B4,1,0.8881080241633158
ID_D5FBFF68,1,0.9167347229383669
ID_E04C3FFD,0,0.6661756015477056
ID_D85E383F,0,0.48554853046964486
ID_C455C5A4,0,0.4637978925429594
ID_09C8FD41,1,0.5925986492332058
ID_F033A3D0,1,0.910254444687808
ID_84885023,1,0.9205414727288735
ID_4838110C,1,0.31746960614790687
ID_367663C7,0,0.6018858615925706
ID_B6DE147F,1,0.8593026680978338
ID_18BBDDE7,1,0.8891870119843962
ID_765470AE,1,0.6972169361145636
ID_08C3B372,1,0.869173012311552
ID_29720097,1,0.9277268561104189
ID_73E8EA1D,1,0.5325658582055331
ID_7E061FB2,0,0.44360168430513447
ID_42800C10,1,0.9227392542170774
ID_C886ED25,1,0.8297233349440528
ID_168AB1A3,0,0.5341908758186664
ID_C4BF2217,1,0.890464356704956
ID_884E201A,1,0.8521659094019406
ID_D0E294E4,1,0.4685985076706615
ID_68919C16,1,0.8754097979747079
ID_37222ADD,1,0.5604003791722498
ID_02512E4D,1,0.8904061863770231
ID_41B6BDF4,1,0.40783357515267427
ID_C87A8477,1,0.9079902896949033
ID_D53FD9DF,0,0.9227392542170774
ID_7AA26E71,1,0.8688748679854016
ID_D33C684E,1,0.869173012311552
ID_389A2F84,0,0.40071897354683267
ID_7F47ABE8,1,0.8867966230373134
ID_EFC8020D,1,0.8384353839733611
ID_DCE312D0,1,0.48754797741108347
ID_87B45FAE,1,0.8631665210056365
ID_00298A4E,1,0.9149761233602933
ID_3A8ED15B,1,0.8904061863770231
ID_05B98279,0,0.5947247192537405
ID_170F2439,1,0.8862634306782959
ID_F412081A,1,0.9122624363041439
ID_E5BB2015,1,0.9193844127937594
ID_37B84904,1,0.3823585021834179
ID_9E3FD2CB,1,0.9046796120213078
ID_D851BB05,1,0.9286811302720972
ID_DDCEB930,1,0.5221577342151749
ID_CA551AEC,0,0.3756367848655942
ID_B992ECCA,0,0.8697277347224673
ID_F5A3A556,0,0.4647750757040284
ID_090A94C7,1,0.8664191231629189
ID_0902CF20,1,0.8904061863770231
ID_6B2C8E86,1,0.9215985339778908
ID_52435B30,1,0.9201131513117541
ID_009995F8,1,0.8644066080238421
ID_A0B09509,0,0.2755872067979632
ID_B4B7ACAB,1,0.8812230264863135
ID_DC9B94E2,0,0.8283972915657588
ID_131E93CA,0,0.869173012311552
ID_30E1D8A5,0,0.7615728939626135
ID_37551D30,1,0.8631665210056365
ID_0CB6BBF9,1,0.869173012311552
ID_AC6DC5D0,1,0.868191646190557
ID_D5406377,1,0.8904061863770231
ID_8479C56D,0,0.7877039516894478
ID_B786D4DD,1,0.7601552503890358
ID_C134F30E,1,0.8904061863770231
ID_50463576,1,0.8717022338453045
ID_5767AF74,1,0.8601332240881385
ID_3805BB8C,0,0.3065631465498112
ID_CD31D3D8,1,0.8592108102639724
ID_17A37F50,0,0.7417608665875147
ID_9188944F,1,0.37493956271439727
ID_16F57F38,1,0.9204583309802814
ID_3C66A21A,1,0.8630403237413089
ID_1BB22422,1,0.8212857848151468
ID_2F9A0B54,1,0.8904061863770231
ID_FD0BE1C2,1,0.5358815621488449
ID_7606E49F,0,0.7599400013795543
ID_B39C15E3,0,0.59437348730134
ID_531F07A7,1,0.8726160823357005
ID_F2F68D10,1,0.9286811302720972
ID_46AC79CB,1,0.868191646190557
ID_5A548062,1,0.867784038324528
ID_D8C7E62F,1,0.35277444002584485
ID_5555CB0E,0,0.7169799177026476
ID_9B7CE721,1,0.6419600296404568
ID_0BACB672,1,0.8907063089005988
ID_D46638E1,1,0.8344884618779038
ID_413B4C3A,1,0.905942056832156
ID_31BEF6AE,0,0.25167967540579267
ID_0AF2900C,1,0.7487287159491407
ID_BD535717,1,0.8154408191472332
ID_24F0FFD1,0,0.5605495480411761
ID_A787FFEE,1,0.4708536960108774
ID_ED0AEE49,1,0.45679193778262084
ID_6AB6F500,0,0.4192889252806055
ID_CEAF495C,1,0.869173012311552
ID_C69689F8,1,0.9227392542170774
ID_638342E9,1,0.4308030592944211
ID_A57B2D5D,1,0.869173012311552
ID_C88F2A0D,1,0.32998928795120436
ID_BE2B8687,1,0.869173012311552
ID_6E691B06,1,0.864127059813834
ID_E89B6F06,1,0.8904061863770231
ID_1B3F601B,1,0.8791745831032948
ID_0702D9DD,1,0.8808663442787631
ID_23CCE190,0,0.7418133756509726
ID_8BAEEA40,1,0.8904061863770231
ID_CFA8014B,0,0.28744183757288083
ID_4865C78F,1,0.866147670008418
ID_F5D7D294,1,0.7348552892411071
ID_AC75E872,1,0.8904061863770231
ID_00A82A05,1,0.4047472884274455
ID_82265C5C,1,0.6741078453887059
ID_1A2A9670,1,0.41947948883549924
ID_BA192FF6,1,0.8767146916463404
ID_8CE3B56E,1,0.9149491524183044
ID_AF651D55,1,0.8895682398281147
ID_77B65FEF,1,0.7496293879160092
ID_8477B7A0,0,0.7329401982938031
ID_9376523B,1,0.8904061863770231
ID_65E91C12,1,0.9211366169544818
ID_EC889D3D,1,0.6526930563756111
ID_E1288747,1,0.7598638277556846
ID_64A2C9DF,1,0.9186634881090517
ID_35DB2B29,1,0.9148005973506842
ID_9F4AF4AE,1,0.869173012311552
ID_49FFC76C,1,0.8904061863770231
ID_B47CE1BA,1,0.8586560300244231
ID_ACD191E9,1,0.8383426908703044
ID_96DEB397,1,0.9220899200486717
ID_36E9B205,0,0.4139967604251861
ID_BB0102B4,1,0.7908592613204962
ID_1C9550A6,1,0.5763188883900242
ID_797D15FA,1,0.8586560300244231
ID_C7E7AAB7,0,0.598551430255102
ID_59DF74CC,1,0.8570011396480096
ID_82576A52,1,0.9071532663607895
ID_858CA23D,1,0.4148186874494933
ID_8740DACB,1,0.8926776945579877
ID_02E5F04F,1,0.34407744799402007
ID_5EF899EF,0,0.761469707120225
ID_42DB49E0,0,0.869173012311552
ID_6C14A5E8,1,0.8250602491908726
ID_819CB208,1,0.9094987269612689
ID_F6256E9E,1,0.6114861336183764
ID_4F92160F,1,0.8745552845738485
ID_08D1DE2E,1,0.37119807326406357
ID_2AA3917E,0,0.5828093352710991
ID_D6AEB1B1,0,0.4128015064896397
ID_3373490F,1,0.9042816814953543
ID_2E0433E2,1,0.869173012311552
ID_9D81D14E,1,0.869173012311552
ID_A75F78DE,0,0.30614440766322265
ID_078BBCB2,1,0.8594003364032904
ID_82B09C2E,0,0.6111142511406712
ID_9F79A368,1,0.6496276014868025
ID_98D0A0CA,1,0.8974643923008262
ID_A6A408AF,0,0.7131763293437035
ID_B8439785,1,0.8839756117485646
ID_D16165F4,1,0.7690339096269445
ID_5890619E,0,0.9121190138070738
ID_8FF803F4,0,0.48960659787133604
ID_9FA0D218,1,0.8979342869273407
ID_40AA8925,0,0.3776335553625846
ID_B9A58907,1,0.8089229348345546
ID_BF59D5B1,1,0.5415142298856138
ID_3070742E,1,0.9241373966779486
ID_4262A398,1,0.4428764588573395
ID_E17DB819,1,0.8866656156965891
ID_1445ED40,1,0.8736255123548626
ID_A94A1E86,1,0.917522437846718
ID_04FF56E0,1,0.25848237863029355
ID_DD634450,1,0.5242432399907363
ID_1C851BD0,1,0.906002006699527
ID_CCCD6B89,0,0.8404979889603535
ID_2DE99080,1,0.828395757012799
ID_C2BF04B1,1,0.8871904977316736
ID_A55B440A,1,0.8904061863770231
ID_4FEED3A4,0,0.7030415094449988
ID_163722A0,1,0.869173012311552
ID_B56D8A1A,0,0.5985385575229314
ID_01AB4F85,0,0.398118401551952
ID_16304866,0,0.2925369962849015
ID_4D46DC53,1,0.869173012311552
ID_05D0A293,1,0.9173106451804232
ID_3AA44D1F,0,0.6627745777465085
ID_D6738EC4,1,0.8521406308747379
ID_CE578DF2,1,0.8828453214117641
ID_B40367FE,1,0.9189430698952941
ID_59EFC0C8,1,0.9189430698952941
ID_2DBD1AFF,1,0.7291411188010032
ID_1770B0FC,1,0.8018210252935338
ID_DF71BE47,1,0.9061279867280968
ID_0AC907B7,1,0.9084723701792907
ID_CB054B9B,1,0.8646240512526828
ID_A2ED9EEC,0,0.7328328762109906
ID_096E6CEE,1,0.8804556379633246
ID_76508CF3,1,0.6930111943106005
ID_162E91A6,1,0.6942510944234281
ID_4263E11D,0,0.7389463534334196
ID_A17F1BC9,1,0.46750644165783173
ID_9B42CDAF,0,0.4242651026518793
ID_E7AA9AE0,1,0.28665549668677365
ID_E561060E,1,0.8662136639750294
ID_64AD66AA,0,0.28755392052709555
ID_0BD19985,0,0.5239469685886423
ID_B4DA4719,1,0.8904061863770231
ID_3E761C3C,1,0.8082424562258598
ID_C044B203,0,0.42905169645464164
ID_153B74C9,1,0.6488101965223119
ID_DE74CAE8,1,0.9025029151900463
ID_364E6636,0,0.3100217249205287
ID_6633F6B5,0,0.5758390484995732
ID_14C8A712,1,0.9128464347585439
ID_F0CB5EBE,0,0.6804466303445865
ID_C1473F59,0,0.8741257548807332
ID_193A3EE7,0,0.35569791723433136
ID_4BCED682,1,0.8562853008848762
ID_435A4AC7,0,0.4226608446996089
ID_6EF21266,0,0.8876299898248965
ID_A1DDAA22,1,0.8908109040659368
ID_70FA0E69,1,0.7859922562088814
ID_2F77C255,1,0.32720653814967526
ID_0AF1070F,0,0.3238571510121907
ID_B911AD7D,1,0.8654449400436064
ID_6D03AECD,0,0.6122080387863577
ID_B35F99ED,1,0.5294270542534861
ID_9A9ACBEF,0,0.3037499406435624
ID_FC37970C,1,0.9148868450276296
ID_64B802D6,1,0.8554716366397046
ID_187C8C2E,1,0.469867719642965
ID_67892CFA,1,0.8953988632712516
ID_5303E988,1,0.9055175218204808
ID_A51E6E6C,1,0.8554716366397046
ID_3BC200F7,0,0.6939061963743605
ID_047A11DD,0,0.9269426359770245
ID_5F1BBDFF,0,0.47820981705098076
ID_4E2136ED,1,0.752799767641348
ID_4071219A,1,0.8282331230932362
ID_F8DC3EF7,0,0.44440811410176734
ID_AFF04870,1,0.8762420101503453
ID_23543D3E,1,0.9188749773534324
ID_13CFA982,1,0.43086941519925487
ID_8B6043C8,0,0.3567373043385244
ID_57680E20,1,0.8629651016029941
ID_855BBE30,0,0.5655531106700052
ID_FA9888D0,1,0.2102407336202242
ID_7E70793A,1,0.4697133800573146
ID_919982EB,1,0.9227392542170774
ID_D3186EE5,1,0.8854372068985752
ID_F939517A,1,0.9227392542170774
ID_F26D88DC,1,0.9187356495319229
ID_C09B3D0D,1,0.7190764099740086
ID_9017D140,0,0.47311866477245723
ID_F9F16AD0,1,0.8976340614594743
ID_0C32145A,1,0.8794113332296637
ID_1AEAB2CE,1,0.9236364539964214
ID_50520809,0,0.5052994661271244
ID_3D682D48,0,0.7249048065442648
ID_6AACFD62,1,0.8978332367303318
ID_7E7FC533,1,0.5133446994137109
ID_1801E65D,1,0.7231234221877169
ID_E5EFBC54,1,0.83595914758573
ID_FED5B936,1,0.869173012311552
ID_2C6A02B7,1,0.9215933997543102
ID_4D771E7C,0,0.8873098807746305
ID_51AAE2C9,0,0.2739740614064945
ID_89D3DC85,1,0.9227930618310978
ID_6CE4E8D4,0,0.4534851437015741
ID_A7432300,0,0.595411194156807
ID_2A54B55A,1,0.7038533278622016
ID_D1BF8BFE,1,0.8860131908346768
ID_2618F364,0,0.3195689154661437
ID_C144A2CF,0,0.904011821976462
ID_AEAE2FB9,1,0.8443325477311191
ID_6BB12A67,1,0.8537178416504043
ID_5C390239,0,0.22790907470326516
ID_535AED56,0,0.29374722466340086
ID_36643EB4,1,0.9165970212829662
ID_1E3FADAD,1,0.8644430517197553
ID_7D7DA535,0,0.33207356523535525
ID_2D17ADE8,0,0.3637290505806704
ID_6A6BB8D6,1,0.9198586894325089
ID_42A5B393,1,0.9202925006036559
ID_5914064B,1,0.8889298381596064
ID_A8E13829,0,0.2241127733624957
ID_2A0044E5,1,0.2586917552486082
ID_D149062B,1,0.5345030604174796
ID_EDF737C3,1,0.6264086884933527
ID_8F47E3E8,1,0.7285259677933374
ID_7DB14AC8,0,0.6889282399390159
ID_77E6EF43,1,0.337614327165403
ID_823C5F46,1,0.5800577783766111
ID_EDDC7B82,1,0.21326075424009103
ID_D004D910,1,0.9244994485688657
ID_DD426C56,1,0.9207097784656186
ID_49EB8CA5,1,0.8904061863770231
ID_C4C536C9,0,0.4275107825266142
ID_1E90C204,1,0.8904061863770231
ID_4B7A5DDF,1,0.9227930618310978
ID_D4507538,1,0.9121052331935753
ID_2D152555,0,0.3106820485198739
ID_DE5B99E0,1,0.9289489692141791
ID_E30CCAAF,0,0.26427016160355193
ID_86249821,1,0.9289489692141791
ID_D89F20AB,0,0.6095483860808161
ID_7E06072E,1,0.5571334031747004
ID_7DB45ACA,1,0.8755966286182628
ID_31F62C97,0,0.2361968615397465
ID_F75915BA,0,0.4776629480093881
ID_E463D8FC,1,0.8854372068985752
ID_0BA4B502,0,0.27031878179340124
ID_1FA26E45,0,0.3257532266058993
ID_5F6D84B3,1,0.8904061863770231
ID_8AE6AED0,1,0.6905439719804332
ID_3444066B,0,0.324379534855396
ID_1170083A,1,0.914181685178108
ID_BFABCB2F,0,0.3041593013233771
ID_CFC00C8B,1,0.25295172902334473
ID_9C0C7012,1,0.3964530134078136
ID_F691A2F8,1,0.8904061863770231
ID_1CF99A7B,0,0.4377287308632108
ID_5EB63757,1,0.9194362995376549
ID_CCD4679E,0,0.9050735988183104
ID_485AA2DD,1,0.8668379481784338
ID_54914F4C,0,0.3609172388099772
ID_D3F6BB00,1,0.9227392542170774
ID_8C4342FD,1,0.8133592243580826
ID_47CDCA16,1,0.8707278557686338
ID_B3A537F3,1,0.884119311179353
ID_12D388F4,1,0.9166078431418724
ID_8778E9DC,0,0.39058526845092395
ID_FEFE765F,0,0.42679881876021897
ID_11979FC6,1,0.8586386257990698
ID_43FA21C1,1,0.9087168591201354
ID_885431D9,1,0.5409715754897475
ID_8AD650B9,1,0.8907763554910004
ID_4CDDEBC1,1,0.9247503546636116
ID_F035AE69,1,0.897902443484041
ID_4AFFBF49,0,0.8904061863770231
ID_E9677018,1,0.9227392542170774
ID_030F8237,1,0.9286811302720972
ID_0696CEB5,1,0.6256812639048965
ID_C4EDCD74,1,0.9227392542170774
ID_763DE411,0,0.27058273221690227
ID_8CA56258,0,0.35703825891977475
ID_82F08703,1,0.2867392015133393
ID_AD3E6504,1,0.20308798049371252
ID_4A6AEEAA,0,0.6604892978634943
ID_5D28A6CC,0,0.3294694816339508
ID_43E7D5FF,1,0.923502285593567
ID_D5B7C838,1,0.2119346427872987
ID_6DF1F577,1,0.868191646190557
ID_B503BA22,1,0.9133226924483708
ID_AB25E9F1,0,0.21053993314746577
ID_B46ECF07,1,0.8897133061220298
ID_BE5FACDA,0,0.5901690582450484
ID_5CA6DED9,1,0.8167699657271104
ID_538F1367,1,0.8904061863770231
ID_BEC23094,1,0.9227392542170774
ID_4E0B548A,1,0.8854549020142707
ID_0282DAB2,1,0.9250849810576577
ID_000F2E9A,0,0.4724742554202672
ID_73DDBFB8,1,0.8976182840626167
ID_39E44BF7,1,0.8998590007202163
ID_8C05E274,0,0.684543424784222
ID_6B4A29F3,1,0.48936101662746184
ID_FBC9E807,1,0.9021536338468845
ID_ECE52050,1,0.8298121440230933
ID_F1FDA3D2,0,0.4606136196025272
ID_0E198FBA,1,0.9052582571512456
ID_8A237487,0,0.9227392542170774
ID_84E513AF,1,0.8242777088719154
ID_926A8541,1,0.35797409434702004
ID_8EA6097E,0,0.3170059234180388
ID_E583A454,1,0.8761778820156416
ID_06962E6C,1,0.8777371220479648
ID_D702E2A6,1,0.3170059234180388
ID_96A9B97C,1,0.9001615175194275
ID_016E2FB4,1,0.920062539820654
ID_FEC14492,0,0.28792222414024277
ID_304F528E,0,0.33478949842187167
ID_AFB00B93,1,0.8570815945993261
ID_9C4693A7,0,0.2525920965515852
ID_518521EA,0,0.5182242613804505
ID_C6DA519C,0,0.5582949030279997
ID_101094AC,1,0.8904061863770231
ID_59E6922E,1,0.9155504182226009
ID_2551F0DD,1,0.8761778820156416
ID_CAF453C8,1,0.8418391960059309
ID_44C3D7A6,0,0.25935963460530514
ID_0AA2AB27,1,0.8904061863770231
ID_D3DD08C8,1,0.3847334223555354
ID_EE9F9D59,1,0.8746071224741733
ID_ECA51D9E,1,0.29634485502268443
ID_D4F88032,1,0.3625997560946293
ID_01446E6D,1,0.7922890742790785
ID_FC3671BD,0,0.869173012311552
ID_A9F400DC,1,0.8150320888571485
ID_D620C881,1,0.7308584090521438
ID_FE1B58A1,1,0.31177499005901654
ID_6F067799,1,0.40166800477188247
ID_8EAF82DE,0,0.21885916016277843
ID_3C62F4DD,1,0.9108067960441184
ID_1FAB8811,0,0.41167814464682834
ID_F679E96C,0,0.5501077113160581
ID_727DE3EC,1,0.8407632804254036
ID_519BD3F9,1,0.8024601459198044
ID_F7A127F1,1,0.9214944108039445
ID_EC8B670E,1,0.8578851172957442
ID_4FA26B7A,1,0.8709576612032243
ID_FC713166,1,0.3907292534404415
ID_E612D67C,1,0.42042374943043065
ID_713B3D3A,0,0.551164730176559
ID_B77326E4,1,0.701662082052316
ID_FEA0A39A,1,0.8485588480357326
ID_38E9FA6A,0,0.30941530898197395
ID_4EB915C2,1,0.8980784880399264
ID_142D4039,1,0.918028186723302
ID_58E13646,1,0.869173012311552
ID_B99F170C,1,0.4564739756483558
ID_911EF7B9,0,0.9227930618310978
ID_5D9B616B,0,0.5406362433065712
ID_F535DB79,0,0.7333424773024324
ID_E8DF06B0,0,0.2853626003088888
ID_B2F27EA4,0,0.6439668132849112
ID_C41DD6F4,1,0.9120743478784952
ID_300C1A4B,1,0.43687936795762433
ID_C8FD6478,1,0.4688610216175907
ID_4DE517D2,1,0.8197839488219426
ID_DFA2F7B5,0,0.49708312668583116
ID_04B94479,1,0.8904061863770231
ID_A4FD6155,1,0.9190834938715996
ID_4B745A87,1,0.8962452293823664
ID_7C597C82,1,0.27940186434830294
ID_B144C832,0,0.4591539794486072
ID_5C78B566,0,0.22087803169556064
ID_F16F88FF,0,0.22634127900000525
ID_84203A3C,0,0.29963733038639306
ID_8B625442,1,0.869173012311552
ID_D6C698F2,1,0.22371536065904624
ID_B2D9847F,0,0.38149047678902936
ID_976005EC,0,0.36151790184828647
ID_D8B5E151,1,0.869173012311552
ID_CAA95A47,1,0.869173012311552
ID_E2D61930,1,0.29198981477191077
ID_0DA5E0B4,1,0.8862351124402711
ID_F7314F55,1,0.9193650672131354
ID_1CA90D52,1,0.8904061863770231
ID_3D5FFF90,0,0.6097607746060237
ID_9880EF6A,0,0.4056351918210833
ID_93054FBF,0,0.21986226088021912
ID_A17F4DB0,1,0.8810375113483994
ID_EBCBDBC7,0,0.6278161718290957
ID_2C0AABC9,1,0.8687383795497873
ID_A3BD8AAE,1,0.4634425546542492
ID_CE508739,1,0.9205364739712036
ID_D1FA5545,1,0.9195210262540295
ID_31E84A55,1,0.9243337464255498
ID_1851F627,1,0.5459009977574174
ID_193A888A,1,0.9057284882283955
ID_46F9F869,1,0.9064370906058704
ID_752C158B,1,0.5043401696364692
ID_9B5E7962,0,0.4050354409537919
ID_BAB75CC3,0,0.6392120443759525
ID_ADB6E192,0,0.6930826300158235
ID_83033C9C,0,0.5484214547598544
ID_72A98E3F,0,0.6103796147115392
ID_9BB473A4,1,0.3687610933774703
ID_400F0754,1,0.471982921226646
ID_E483A748,1,0.8665692551846311
ID_094FF53C,1,0.9089624540739548
ID_A84E071E,1,0.9118303584676124
ID_589FB0BB,0,0.33333533571103924
ID_779BB385,1,0.7506307692573566
ID_A5C1C3D5,1,0.877922268291111
ID_3D3AEB01,0,0.6654344393160114
ID_9903D033,0,0.7392051591782394
ID_FBF9A40B,1,0.8907792546299962
ID_2691F373,0,0.37323702402808573
ID_3C3FA6CD,0,0.7369509504137101
ID_E5864A19,1,0.33634866020740783
ID_85B6BE5A,0,0.6154361226498571
ID_539262F6,0,0.7207298272020563
ID_D2904177,1,0.5455895481030381
ID_780E49B7,1,0.9127762060792775
ID_2E2FD893,1,0.47670790274475144
ID_CB7A0821,1,0.686785362006908
ID_1F7135F6,1,0.8944093665353415
ID_4726D3CE,1,0.4301230142594431
ID_BEA23D9D,1,0.604201151066381
ID_FD8D65D8,1,0.8294899883546916
ID_94E5E8C9,0,0.6260426907782005
ID_AD6CEB5A,1,0.5838784278685442
ID_4520428C,1,0.8316488447350495
ID_DC294D8A,1,0.35802742019845285
ID_56643AF6,0,0.3963290493997155
ID_8B9DEF69,0,0.7929423393067134
ID_D355CF11,1,0.8814213439643461
ID_45C9F535,1,0.8259159955373552
ID_6960195B,1,0.8420467683356201
ID_81CE2B65,0,0.47110963534427164
ID_39800FBA,1,0.8321199487305483
ID_9F63930A,1,0.848643440447633
ID_4C6DF45F,1,0.9226358796864607
ID_1715B9E3,1,0.9168513726269724
ID_0BA55AB7,1,0.9103666093329044
ID_C746BCAB,0,0.5571686276827941
ID_2ED3DFB8,1,0.8272382662751914
ID_2B49D501,1,0.8254855391925191
ID_270E05CB,0,0.31476217658977335
ID_A6EE3440,1,0.4320277411402515
ID_A69C41ED,1,0.8622172620977726
ID_0559893B,1,0.8569812649833085
ID_1EE20B79,0,0.5080246143171694
ID_D26C05E1,1,0.8486086543577308
ID_6C60372E,0,0.8673898925264142
ID_815F0951,1,0.8847975507955024
ID_6237C479,1,0.9139024501627266
ID_4EBA230C,1,0.920539367555105
ID_C66D64EB,0,0.5211058804712729
ID_1B608ACB,0,0.4014947151710207
ID_BAC9FEAC,1,0.893067491342705
ID_8D1FA66E,1,0.8725578192709913
ID_779A7B92,1,0.7496573005726324
ID_6446BB3D,1,0.9161616517431147
ID_F8D50AD8,0,0.2792859990689814
ID_C1E14AB1,1,0.8798617843927423
ID_67F337C8,1,0.8828474297213874
ID_988481AF,1,0.863436877796523
ID_0C806B90,0,0.35119841693332166
ID_FB45045B,1,0.8579556544400152
ID_C1D2F3B8,1,0.8699107007017168
ID_30AF6611,0,0.832284284756257
ID_C1902636,0,0.5454573812673117
ID_684F308B,1,0.8876928214943755
ID_F2A0B3E1,1,0.7173376706233543
ID_0A8E6F81,1,0.8986488455771877
ID_BC21DEDF,1,0.9227392542170774
ID_411167C1,1,0.35478330560768234
ID_2A858F02,1,0.8809278291209857
ID_894585BA,1,0.9227306535607087
ID_52F752A7,1,0.8046895828482188
ID_FF1A406D,1,0.8486797308977736
ID_614EA5C8,1,0.9227930618310978
ID_77F91D1E,1,0.8824453343386905
ID_4F3163DE,1,0.9233769187309147
ID_F563E1DE,1,0.3619316264583169
ID_F76B0B0F,1,0.922978139775425
ID_B3369DF9,1,0.8824453343386905
ID_40EC13C2,0,0.37641329873281315
ID_DCC2F61C,1,0.9234156106363465
ID_24D5D4D7,1,0.8614303538701458
ID_340F5D4A,1,0.8284471234852845
ID_6B4ACE06,1,0.8512606315538069
ID_C7951919,1,0.9092107382051315
ID_16A979E5,1,0.9273048864757689
ID_809FCAA9,1,0.4770328306749871
ID_AF5C2C20,0,0.2812614904061503
ID_B9831E67,1,0.6421046142716149
ID_FAEF6913,1,0.8978761394358742
ID_3E1E5CE8,1,0.29122490739314555
ID_7BD6FF58,1,0.860428999287407
ID_6096A4CC,1,0.8539407951210762
ID_E03E6C59,0,0.6740202015187884
ID_F82F4BCC,0,0.38722698099590824
ID_B427C50C,1,0.8512606315538069
ID_4A0CDCA9,0,0.3737740646278967
ID_807A9BAF,1,0.8821036035692935
ID_E30EFE48,1,0.9136535338975871
ID_82DBA902,0,0.5845470301921665
ID_0A636CFB,0,0.24953595120725122
ID_F9FD6547,1,0.8614774660535043
ID_14504422,0,0.5962851654769442
ID_69A0F5F7,1,0.8904061863770231
ID_E7E7E690,1,0.8904061863770231
ID_F98871DA,0,0.5706447992648305
ID_26AC4AE8,0,0.285324917194055
ID_0375938A,1,0.8669542354990895
ID_CE7745EB,1,0.9252500654486245
ID_6E843353,1,0.2551760800681835
ID_6F5F875F,1,0.8709327433764115
ID_62B25047,0,0.344376564996528
ID_2305F034,1,0.869173012311552
ID_A4C9AD78,1,0.5750265144334558
ID_9D9AB53B,1,0.5853608746148898
ID_D44B078B,1,0.8224806140699138
ID_442F09A8,1,0.9140921239003559
ID_ADE8549F,1,0.9225790804922765
ID_3E41C7A0,1,0.9227392542170774
ID_07B4F38C,1,0.9139139923134101
ID_6B09DE63,1,0.8904061863770231
ID_AB653BC3,1,0.8709327433764115
ID_104F8356,1,0.9170270009163114
ID_CF50E1B1,0,0.6743456046612197
ID_B8B2F568,1,0.8904061863770231
ID_56647606,1,0.8709327433764115
ID_B5C2322D,1,0.8904061863770231
ID_09872F21,1,0.869173012311552
ID_7E6023AA,1,0.8641794481155359
ID_A533B0E6,1,0.9145418146814351
ID_A0E50908,1,0.8904061863770231
ID_0A69F0D7,1,0.9161436356050543
ID_10EECCD6,1,0.9213539788392265
ID_2CBC0ADD,1,0.8898080867146858
ID_01EEFFB3,1,0.3466997883214513
ID_340394B2,1,0.9207205007950775
ID_1945A42F,1,0.8473655365669115
ID_8F597E56,1,0.901554963348934
ID_3B4D5725,1,0.8975225232367249
ID_556E288B,1,0.9121536987787005
ID_A0AE2B1F,0,0.8319046568900936
ID_5DF9AE2E,0,0.5829129567969282
ID_C1C98504,1,0.3520764205757083
ID_8F6E96FB,1,0.8668379481784338
ID_35E2C9E8,1,0.861769430976206
ID_F473AB1E,1,0.8877006036710836
ID_DE356570,1,0.8863665346884793
ID_D098A206,0,0.6144550856796911
ID_105D036A,1,0.9227392542170774
ID_5F10229F,0,0.864127059813834
ID_8BEFCCE9,1,0.9225636906984075
ID_1E6A3B81,1,0.5171673026552184
ID_B099F857,1,0.898060380501783
ID_9FCDFDFD,1,0.42767240964383735
ID_0F8FF9A4,0,0.3463436172603718
ID_07BC044F,0,0.6326389832759782
ID_237B6548,1,0.3685973856368601
ID_DF3B8F93,1,0.9024791623593243
ID_E975906F,0,0.418239510144263
ID_18D74648,0,0.5211363624960578
ID_209B8728,0,0.4516782667150178
ID_4EA0DC93,1,0.8815154730755994
ID_F3BE425E,1,0.9175393455695883
ID_C14E803C,1,0.8739548573584368
ID_E9ECFF64,1,0.883799535924995
ID_E4743507,1,0.3121012630730251
ID_1EC74989,1,0.888695982773455
ID_AB910A4D,1,0.8509772353044439
ID_1EF81679,1,0.9195264355961118
ID_BA715AEB,1,0.8820545545608471
ID_812456CD,1,0.869173012311552
ID_28B8E746,1,0.8779508827414372
ID_E47D2FF3,0,0.322593137243229
ID_3E426FF4,0,0.44127835230531115
ID_9FFAA5F7,1,0.6167656792066781
ID_F2152BE0,0,0.3821349310429689
ID_E1484B08,0,0.2812217034939269
ID_BD0449F1,0,0.869173012311552
ID_AE579796,0,0.8161070415628496
ID_4F06217B,0,0.8705769534733864
ID_A605425A,0,0.4887038127973302
ID_15C1F430,1,0.8064791466690211
ID_0D535467,1,0.632178913666712
ID_875F64FE,1,0.258122810525103
ID_43E6C472,1,0.9146416451117578
ID_80704B49,1,0.3266052257461672
ID_0919F493,1,0.5159724758843907
ID_D4F1555F,0,0.3168164072453018
ID_A5FDA98A,1,0.8454142914274613
ID_C28710EA,1,0.911146545999161
ID_1704D0D2,1,0.7990980077870121
ID_C5B518B5,0,0.4706605207784566
ID_7879BA0C,0,0.34875441519566447
ID_B4D4F1B5,0,0.34473625845003153
ID_5A17B1BE,0,0.42622337713952374
ID_AFAB13D5,1,0.9208512511435188
ID_34B78B49,0,0.3663440281869996
ID_7A06CE3F,1,0.7590760913854393
ID_3ED022CA,0,0.5174250635004215
ID_7C4C37E7,1,0.9163823760821816
ID_7F1FEC43,0,0.7515702115883951
ID_7D52E578,1,0.8889337980083208
ID_B813FF91,1,0.9035299681511673
ID_627CC68B,0,0.7318302816346991
ID_102A5AFB,1,0.3623350864920983
ID_00F1330D,1,0.9264297114432105
ID_D5DA0748,1,0.304030798834194
ID_688EC74F,1,0.28614947898279885
ID_28EC478C,1,0.869173012311552
ID_E8625B43,0,0.5240480732391782
ID_0552A190,1,0.9243337464255498
ID_0BC6B333,0,0.378179854119308
ID_B4B46D57,0,0.7275541059028452
ID_93456367,1,0.9185259955767452
ID_7563FB6E,0,0.29935452378583577
ID_FFEF7450,1,0.24340533554130583
ID_00C0D83F,1,0.8234068054449972
ID_B384E920,0,0.8518170092987066
ID_A56CB441,1,0.2853011792073117
ID_FDB25B2A,1,0.869173012311552
ID_B0F586E3,0,0.6178541510856207
ID_9BD7BFB1,1,0.45351871708290925
ID_268899E8,0,0.494677664009571
ID_0ABEBC4C,1,0.293580358860218
ID_73D28F6F,1,0.8972610968969968
ID_C8765D26,0,0.6745257024599344
ID_8A0DC559,1,0.8746620705039343
ID_407835CF,1,0.2963888036343364
ID_094D4C0B,0,0.39479844667323877
ID_0C67179E,0,0.5114722325971133
ID_B5BB8ED8,1,0.33454623235193
ID_29D9B2F4,1,0.36270361734120016
ID_739E1A0D,0,0.869173012311552
ID_A9C941C0,1,0.8668739986561041
ID_BE4F4901,1,0.8904061863770231
ID_CE134C1D,0,0.8370388143878206
ID_3717EDA0,0,0.589572990350445
ID_6301C33C,1,0.3467451794384536
ID_B1170B41,1,0.8618724345085327
ID_85816B8B,0,0.4250057427634697
ID_E6E28172,1,0.9173783973627222
ID_3E57FD20,1,0.9239775399279687
ID_D89F4E00,1,0.32645251857281493
ID_C8DAA498,1,0.32738739154610436
ID_937877B0,0,0.5695747696989347
ID_4BA77164,0,0.7276006243797286
ID_50CC6728,0,0.4787100221901713
ID_FCF0279F,0,0.49218939245912907
ID_59EC0CAD,1,0.8911948214283607
ID_AF7372F3,1,0.869173012311552
ID_0C6D6BE4,1,0.8663736640830263
ID_213EF8F9,1,0.869173012311552
ID_2C85E621,0,0.3208824532254879
ID_7E737617,1,0.7622967090010396
ID_A1EA43E9,0,0.4842546930904061
ID_69E28344,1,0.8514871254099249
ID_52C883DA,1,0.3517166651873392
ID_382C114B,1,0.5264135288521017
ID_71105B42,1,0.919615756891207
ID_2EC5EEB8,1,0.890630305405689
ID_3B4A18AA,0,0.3180017877135092
ID_FF549570,0,0.922456664373251
ID_CFDBA593,0,0.3923057534729742
ID_5F03BBAD,0,0.27656977073342054
ID_5240A230,0,0.33833619105598706
ID_8CC1B75E,1,0.8461546381293231
ID_7090BC01,0,0.33044442560575826
ID_5A23DC2A,1,0.8388920855083885
ID_744387E3,1,0.27098766692540327
ID_B684EB63,1,0.8938609989743771
ID_15B389EE,1,0.29765578746549837
ID_CD78B998,0,0.29152154224967597
ID_50371C5D,1,0.7540348399673131
ID_99C66407,1,0.4284287188709412
ID_53C1808A,1,0.27060689445964653
ID_3302DA2C,1,0.8992452523685056
ID_3AA23750,1,0.8992452523685056
ID_7C964897,1,0.8925609417089123
ID_0348012B,1,0.8726551895523889
ID_089A13B3,1,0.7477370896248705
ID_20C0BD2D,0,0.26366702165699696
ID_9770BA05,1,0.9163007651639343
ID_7ECB264B,1,0.42527988377692444
ID_0BFE4716,1,0.8977662722351157
ID_22AD34CB,1,0.869173012311552
ID_055E1D08,1,0.8398602460998471
ID_66F7C4D6,1,0.9026034616976764
ID_348B55F6,0,0.869173012311552
ID_412F96A4,1,0.2969613092194019
ID_FBAD87BD,1,0.6275211764709128
ID_7F9E4580,0,0.8792604672918987
ID_75DDDD09,0,0.6980650341892805
ID_35C85AC6,1,0.21859146477952646
ID_AF6A71C8,1,0.840358113871572
ID_76E1FDED,1,0.3879337720197663
ID_1BE46448,0,0.2802697039203258
ID_93020649,1,0.8428774909032754
ID_AD11D866,0,0.6934839557766819
ID_78BBB326,0,0.472790955236523
ID_59BFC155,1,0.8068617364163061
ID_B55ACEC6,0,0.27956048961445706
ID_EB8C2F6F,0,0.30016220976633884
ID_6BC76215,0,0.4001260092689866
ID_BC5677E9,0,0.6600493028182121
ID_22D60092,1,0.8798357948587189
ID_38798717,1,0.8668547167864581
ID_F3E2445C,0,0.2752615562404925
ID_5E897DB3,1,0.9219014433642168
ID_3ACDA640,0,0.6894972030684031
ID_3B32151E,1,0.5382073803247972
ID_08AE8A03,1,0.8756519121177305
ID_EE4FB01D,0,0.5002852362800897
ID_21E4C476,1,0.848397254454289
ID_4ED2263A,1,0.9105027705855391
ID_5DD27FBF,1,0.8462841458308893
ID_A50C5337,0,0.8741015212574885
ID_F89A43D3,0,0.3205684266920642
ID_21B5D43B,0,0.312414858596026
ID_51811200,0,0.5420939979464113
ID_4A2C8090,0,0.6767816268196234
ID_C10DFA7A,1,0.8904061863770231
ID_B3DACCED,1,0.922838171051117
ID_3081ABC9,1,0.9222900742870576
ID_525ED29C,0,0.45727924888879684
ID_14B624C7,0,0.3054040376549715
ID_38992FD4,0,0.6300030265609227
ID_86486D00,1,0.9197623347890161
ID_78D06D65,0,0.29034480326818035
ID_5CD64AE2,1,0.8763130728720698
ID_44A588ED,1,0.866294899135069
ID_2C5D6E01,1,0.26174987198410665
ID_3B376CEE,1,0.23830028255607158
ID_032F5E8E,1,0.6672648674345913
ID_FA96C968,0,0.20085556110093447
ID_8F08B4A2,0,0.2593876273090864
ID_08F0C9D4,0,0.85653964476146
ID_D9937EF3,1,0.9116029525630066
ID_F83D23DD,0,0.5987297197525079
ID_B79ECF68,1,0.869173012311552
ID_AD2D36A4,1,0.9135341769114967
ID_3C2B2EB8,0,0.6106807281616122
ID_E215A0F7,1,0.91178973374827
ID_4B3AF133,1,0.8952904632597358
ID_A539C14C,0,0.4290366976692198
ID_467875A5,1,0.5589463084440089
ID_13146468,1,0.8576028765613369
ID_E66174C9,1,0.869173012311552
ID_1E3CEF35,1,0.8898080867146858
ID_87A2E62D,1,0.5277286249029777
ID_FB0E1F94,0,0.4382348315286615
ID_3B883771,1,0.8936482765676665
ID_AD0A7204,0,0.5109780450246918
ID_923144BD,0,0.6887985366810642
ID_36201C38,0,0.4939664926680774
ID_14E67B35,1,0.32191376967288793
ID_A33ADCC7,1,0.8920321767288452
ID_D6FFE625,1,0.9222900742870576
ID_17F7573A,0,0.2759550911914224
ID_73D5916D,1,0.8908024036051038
ID_31471464,1,0.9254189214424271
ID_4711C9CD,1,0.9218516839519327
ID_AD4D2BDC,0,0.5706818616774758
ID_47222B6B,0,0.3852571289782011
ID_0C717DBF,0,0.6908565066556454
ID_F5D2E7D9,1,0.8742178358442401
ID_C2F6C445,1,0.8606611191170278
ID_3A10A55F,1,0.8891870119843962
ID_144550CB,0,0.7132029270701358
ID_E5819641,0,0.43070246136590373
ID_5E04A04F,1,0.8891870119843962
ID_879255FD,1,0.32489174559885836
ID_07E194D7,1,0.4675470299311884
ID_79FBC6C2,0,0.8591257999730646
ID_808F480A,0,0.44953848622668025
ID_9D1A839B,0,0.8904061863770231
ID_F856A075,1,0.9189706953379341
ID_2E0958E1,1,0.869173012311552
ID_37C1FFF9,0,0.40321691647200264
ID_3555330A,0,0.4539665700263874
ID_31337BC4,1,0.5933387286590219
ID_0B0FE47C,0,0.3032729573238764
ID_3880CBAF,0,0.4356590385823715
ID_CE72A475,0,0.612200964228717
ID_9FE785EF,1,0.9102419260320703
ID_80C44BDD,0,0.3585221107202458
ID_9683D371,0,0.36079914760037013
ID_F2194E87,0,0.3787875010166485
ID_7F3B7AF8,1,0.8904061863770231
ID_6798F677,0,0.48606741583603863
ID_03EE5CA6,0,0.3545274691119527
ID_442D8B82,0,0.2531969021140953
ID_46E04F35,0,0.43701746515638473
ID_339CE03C,0,0.30097224900007713
ID_D1FA4351,1,0.8999273008733765
ID_A180F116,1,0.312414858596026
ID_154BCA51,0,0.24648889023287365
ID_4C9367A7,0,0.4101429708513714
ID_59705366,0,0.5835556158717189
ID_5C03E74D,0,0.2557708479044534
ID_8F56C9B3,1,0.31489889563615564
ID_8DF953A3,0,0.3505915401937012
ID_9ACED3E9,0,0.25254080624723024
ID_8DF1874F,1,0.9095289759834558
ID_09180935,0,0.6002989446029195
ID_BD21D1E5,1,0.9210301837682533
ID_8B51A157,0,0.7664752919157208
ID_07775D4A,0,0.556394585710585
ID_CA1B8D7C,1,0.867784038324528
ID_CC57C130,0,0.5081355861483244
ID_87D75A4B,1,0.868191646190557
ID_2E7076DA,1,0.8904061863770231
ID_6BD98360,1,0.8661873036209506
ID_547B31AC,1,0.6649339590914075
ID_CD52F47E,1,0.507602432758567
ID_E013774B,1,0.9125503431549358
ID_C3F5C111,1,0.8596831571976471
ID_770B2653,1,0.906873968337517
ID_0C10E9EE,0,0.6819009267534195
ID_D1A5BBB1,1,0.869173012311552
ID_C29683F3,1,0.9162645610983019
ID_4480F5BE,1,0.5047435372066156
ID_219E3660,0,0.3396258010127032
ID_DD7D91EE,1,0.869173012311552
ID_9DEEAAB8,0,0.6471168965244851
ID_96FD30C2,1,0.8845031323833945
ID_9A5BFC0A,1,0.8558766047966506
ID_7B82601A,0,0.6431018841003296
ID_9B37A06D,1,0.4456261781936103
ID_DB68CB06,1,0.33218405421242747
ID_BC65D346,1,0.21791487302063658
ID_D508FBD7,1,0.9149748579877874
ID_1012F735,0,0.24112106378155101
ID_C90AFA61,1,0.9221440442711987
ID_8502EAE4,1,0.7534916433012164
ID_F7F39FB1,0,0.8508525448137757
ID_5928C7B4,1,0.38789015788820846
ID_732137AC,0,0.5368811195042275
ID_34AE1AD1,0,0.3438415489673451
ID_4E80EB2C,1,0.866294899135069
ID_867E5D61,1,0.9070755617698821
ID_F7203E94,0,0.43242835607249447
ID_A2DBA17E,1,0.9174540175893867
ID_0118A452,1,0.8882216285447002
ID_C78F5072,0,0.5361212583256524
ID_5CBD23C2,0,0.8131493392763388
ID_F75E1F58,0,0.4844699944698715
ID_DD47CE5B,1,0.6170914459430977
ID_06A68CB3,1,0.5246792894460196
ID_B90C8DD6,1,0.8668739986561041
ID_B8C89957,1,0.2309380570398535
ID_40B5E25A,0,0.33329304482781213
ID_9491006A,1,0.857640099255543
ID_F4CA0798,1,0.30753264785315015
ID_F7FAA735,0,0.27378649615392586
ID_2451B278,1,0.36305161783448375
ID_EAAB5465,1,0.7348291066142455
ID_25DA7850,1,0.6461411627401865
ID_1DE09B87,1,0.8638893857041346
ID_E00ADBE9,1,0.7795958336570971
ID_8834257B,0,0.6498699437609867
ID_1AA3EB26,1,0.850558554562764
ID_5F15D93C,1,0.34629924885557584
ID_9BA0A316,0,0.27378649615392586
ID_C77B61EB,0,0.8432608401176627
ID_D0602FFE,1,0.8904061863770231
ID_68427136,1,0.9177324563996377
ID_5A530A76,1,0.9238346830912736
ID_EC34530B,0,0.36083424862508456
ID_453558CD,0,0.5582774317496841
ID_592C41F0,0,0.26502903539322664
ID_D16695AF,1,0.915627724694451
ID_D9C4DE5D,0,0.7321878578143259
ID_C924AF40,1,0.9200837488787265
ID_9ECA05DE,1,0.6338211427666899
ID_3047340B,0,0.6343387997534953
ID_C2B3EBE9,0,0.20331727453803025
ID_A02A1F3A,1,0.869173012311552
ID_741B1698,0,0.20220363336017588
ID_527CDABB,0,0.3434925009399219
ID_7650545F,1,0.8518317445944175
ID_C54D4BB3,0,0.8046339699656058
ID_D962B5C8,1,0.73200912798771
ID_7C3CE296,1,0.3835761038860121
ID_59584DE2,0,0.44834967214147864
ID_F0870057,1,0.869173012311552
ID_5B44BC62,1,0.9222900742870576
ID_D444F49E,0,0.3217589935171671
ID_62984E70,1,0.20108252950659536
ID_81CB1E53,1,0.8441198125272192
ID_6947EBF8,0,0.6017265620874769
ID_6C02E366,0,0.19782508480549335
ID_E9B175B8,0,0.4698965564566882
ID_1172845D,0,0.20331727453803025
ID_7D62C7B4,1,0.9230232187406091
ID_7EE083F6,1,0.8684743066812656
ID_F87D7A5E,1,0.9191063077578848
ID_E5CF226B,1,0.869173012311552
ID_B88A687B,0,0.5690819664386259
ID_F6B42C69,1,0.6663059292413395
ID_8D3BE249,0,0.2527632399343062
ID_EFEEE4DC,1,0.1966590894249739
ID_57696C66,1,0.8423606391405969
ID_2E1F1356,0,0.6560320244708799
ID_097A1AE2,0,0.41061617135838413
ID_0E52A980,1,0.920267430780837
ID_6D8BD6F9,0,0.6576779507525236
ID_6822636C,1,0.7496548647836649
ID_D92D8920,1,0.5893422107070913
ID_8E013E3B,1,0.9049306053584328
ID_4D25DBA0,0,0.632240507921668
ID_281CBEE4,1,0.9197445083786671
ID_5F02F43C,1,0.8994989265577239
ID_B0BCB7BB,0,0.5294732320594898
ID_4141AE14,0,0.21604049861053432
ID_9DC403DD,1,0.5955103921361988
ID_E7C95AE3,1,0.8314099813772836
ID_10111648,0,0.451650837573429
ID_FE0E817A,0,0.2527254667804686
ID_6829EABA,0,0.869173012311552
ID_406485D0,1,0.9176544880081854
ID_06CCC654,0,0.32751393252509425
ID_3EAC5DE5,0,0.4261555672447553
ID_B1536921,1,0.8707397761638861
ID_7A756030,1,0.3480777040037349
ID_8FD16DDB,1,0.764572515163436
ID_50634530,1,0.9089863421297066
ID_C491D9F1,0,0.34908341855049096
ID_2688A993,1,0.7233359396482097
ID_23A79DEE,1,0.869173012311552
ID_DEC5EF45,1,0.8038285678809303
ID_368F78F4,1,0.5383265909989864
ID_B47BF9A4,1,0.827484508414819
ID_6BF13F5C,0,0.2375137991045844
ID_58405619,1,0.9165244447809127
ID_8CF66F56,0,0.5127237281772562
ID_5E690A23,1,0.869173012311552
ID_A02DD622,0,0.5323664767328735
ID_C34FF5E0,1,0.7567743946804671
ID_FA0CBB3A,1,0.8586943896109772
ID_BE0F5056,1,0.9196797598116417
ID_46D3DFA5,0,0.5780480009707133
ID_C8E68EA5,1,0.869173012311552
ID_8DF439BD,0,0.2960156480074378
ID_0009323C,1,0.9207205007950775
ID_737AD764,1,0.44879904273571214
ID_8B627B00,1,0.9263688358141663
ID_42D7085C,0,0.473490192844311
ID_01DE75FD,1,0.5799165994034724
ID_546749E5,0,0.5650514025139706
ID_FBC1EA2E,1,0.8954709274315306
ID_A0E915D6,0,0.6258606320100665
ID_F26D2407,1,0.6496824677360462
ID_EE8368FB,0,0.3571443119388635
ID_1715891F,0,0.3351400133412519
ID_E7333459,1,0.8665836184013687
ID_B2E187EC,1,0.9189119748439255
ID_3A306020,1,0.9151323946813762
ID_9079C0AB,1,0.5601210943281055
ID_C385F772,1,0.8792036957721501
ID_BEF72188,1,0.3075760128851346
ID_6F49C9B1,1,0.8678363309175879
ID_1910F18E,0,0.5457826814227704
ID_97C88931,1,0.8631037191586677
ID_B8F65EC8,1,0.869173012311552
ID_8192ADCA,0,0.3187442985579496
ID_103D10E4,1,0.9002878618335793
ID_151B779C,1,0.9214844331734747
ID_F585EBC5,1,0.6990506865435152
ID_005F20F3,1,0.9210639888232593
ID_7F16EFCB,0,0.2959547055988018
ID_BEA23452,0,0.6733962402415481
ID_DAA90AF9,1,0.5217918435716352
ID_4E4A0566,0,0.3148126143968523
ID_621DBB39,1,0.6426183612100843
ID_8B3C693D,1,0.3015152446624962
ID_F1274E1C,1,0.8763872243237278
ID_53AE93A2,1,0.8416406542951187
ID_C4DD14EB,1,0.8538671760599164
ID_F5A8CBBF,1,0.536098273344076
ID_5C5EC039,1,0.6214518255317624
ID_67B8640A,1,0.6918945964393339
ID_246D5AC6,0,0.4217624444484927
ID_005A5FF2,1,0.7676392944514765
ID_F80930B1,0,0.7716277826324672
ID_285E2CD4,0,0.6156828740380823
ID_46C72335,1,0.9170253076489969
ID_E65ABD00,0,0.49260620415916
ID_5EB616C0,1,0.5076627181529301
ID_C9729349,1,0.8929526853710285
ID_F0F70F41,1,0.8359706537225884
ID_A733F687,1,0.6377859131517022
ID_3D231180,1,0.8904061863770231
ID_70FFDEEB,0,0.8921442055519554
ID_DF57913A,1,0.9192004799736014
ID_DC1ADFB2,1,0.33686454546492944
ID_5614C35C,0,0.5886436327178229
ID_B3BCA915,1,0.5802360904775393
ID_1F36D5A0,1,0.9002316529916818
ID_BA4B647F,1,0.9236364539964214
ID_3821A620,0,0.5500294971983455
ID_605D92FA,1,0.292006924157144
ID_5BAA7B65,1,0.7308088198791804
ID_809126E1,1,0.8606254309340917
ID_4AA2BD96,1,0.6279183600529347
ID_F193CC05,1,0.8904061863770231
ID_211A68DA,0,0.2800789385194387
ID_6AB9BFA2,0,0.8466790353362699
ID_CC0E6AF8,1,0.8904061863770231
ID_1D805FA7,1,0.869173012311552
ID_5CD12B20,0,0.42825226230160424
ID_D8E53B09,0,0.6449887515926109
ID_B84EA7D2,1,0.40377369872709706
ID_E6AC9C0D,0,0.47491720954832767
ID_2B828500,1,0.9181232276489462
ID_58BD8D2E,1,0.9201070464982277
ID_176B62BE,0,0.3508906928462337
ID_9939A707,1,0.5678554216829319
ID_B06A50A0,0,0.2734262791329036
ID_B5DC0DD8,1,0.6784347678214181
ID_D278F527,0,0.2605413090799547
ID_F3E76501,1,0.5647049486759144
ID_DEE14400,1,0.8709296586843637
ID_7F08AB52,1,0.9063237001325314
ID_87EE7923,1,0.8808768761370276
ID_0FAD9133,1,0.9128557526141269
ID_BF50EE64,1,0.5051069740154227
ID_FE685384,1,0.8594090360072467
ID_D95DE758,1,0.8468398956566489
ID_3F6EC28D,0,0.6591296183387948
ID_FF42A4AA,1,0.9289489692141791
ID_987EA733,1,0.9236096443779599
ID_587A0D3B,0,0.9218078756057926
ID_48CC1A22,1,0.9286811302720972
ID_03194293,1,0.5106908494250461
ID_7EAF6A8B,1,0.2722112107294297
ID_5BE27F5D,1,0.4529807657692417
ID_90999D74,0,0.6434820820016541
ID_299AE6D5,1,0.9214990809275734
ID_1583FB56,0,0.2466047128999724
ID_340A2DFC,1,0.9152760684021402
ID_D7DF694F,1,0.8671683248223953
ID_AB1E69C3,1,0.9227392542170774
ID_0DD966B7,1,0.8904061863770231
ID_0E46BA5B,1,0.37941542009017365
ID_1A820B9C,1,0.380613935702559
ID_E77D1E93,1,0.919650448171805
ID_18C54303,1,0.919650448171805
ID_6D8F5F51,0,0.5261896544651805
ID_C556E881,1,0.8904061863770231
ID_FDFD742B,1,0.9286811302720972
ID_48C09B78,0,0.610655888769256
ID_3B42F325,1,0.8719474360449985
ID_11E5536C,1,0.8386962602303162
ID_04833010,1,0.9213921069295712
ID_B17A66FD,0,0.3992240151783481
ID_46AB13B6,0,0.43059096885043996
ID_E6EADAB7,1,0.9227392542170774
ID_96B717BC,0,0.5916885178078238
ID_CBAE2C77,1,0.580444353635967
ID_3DAE504C,1,0.40374639754046543
ID_D895BE10,1,0.866294899135069
ID_B29E42E1,1,0.8753492105052474
ID_11D39E35,0,0.31790535005170756
ID_069F26D5,1,0.8563259335290957
ID_A35ADB65,0,0.6143005604102366
ID_60D6F4DA,1,0.8904061863770231
ID_C99B128E,0,0.690339044522009
ID_0F2D3F4B,1,0.888695982773455
ID_1C8B7B4D,0,0.2415200435207848
ID_3624194B,1,0.8878801318012866
ID_31328AA4,0,0.6960489760588099
ID_46EEDAA1,0,0.4263085209516286
ID_177C2FC0,1,0.25616835109788455
ID_59C031E8,0,0.3120031724814657
ID_6F15DC28,0,0.2943165590535187
ID_1706FB5A,1,0.27790033034332323
ID_45DE8B65,0,0.6591615079959643
ID_C1F2FFA0,1,0.7192946475692653
ID_30A5B5E8,1,0.9243337464255498
ID_DFB55110,0,0.89377632751808
ID_59DF0128,0,0.4457998965784193
ID_8BA95961,1,0.3236039304444037
ID_29CDFD86,1,0.26676030798783906
ID_8125F79E,1,0.9145363401655994
ID_749555CB,1,0.8572124284286906
ID_D810C59C,1,0.8904061863770231
ID_CF62CDB1,1,0.9183698031557121
ID_7DE6DBD0,0,0.614769461751165
ID_A7C01623,1,0.8427263545963791
ID_810ADD10,1,0.9256167091922468
ID_B5375DBA,1,0.8741163185061409
ID_E0871C33,1,0.9208034725642865
ID_B985F692,0,0.42771288576278466
ID_D457BAFC,1,0.6405108033348133
ID_2A71E91F,0,0.37033922454004414
ID_639D6F87,0,0.564135658253146
ID_47344E69,1,0.869173012311552
ID_E8D5D768,1,0.8550186252399755
ID_250EF6C6,1,0.8665692551846311
ID_912985B4,1,0.9236364539964214
ID_890FF2E2,1,0.9152913292489324
ID_1BD27051,1,0.873071504532423
ID_618C40C9,1,0.5642938800149876
ID_629B9A8C,0,0.8395113999984074
ID_96161EC3,1,0.6296837969293293
ID_0D38946D,1,0.3234356938667982
ID_015BCEE9,1,0.8108566989339747
ID_1ECC5B8C,1,0.750749982947323
ID_DB39E331,0,0.3378099007372337
ID_6644262A,0,0.6695658263348412
ID_E46E3036,1,0.8747105448054675
ID_5C5C2FAB,0,0.5305469764121056
ID_4737522B,1,0.9048758270779017
ID_698C9CA9,1,0.869173012311552
ID_CF6DC307,1,0.874085564292961
ID_4A143847,0,0.3514990490073263
ID_67CB80BD,1,0.8580806418305195
ID_BE5B127B,1,0.7085673688592176
ID_91A48F42,1,0.8866656156965891
ID_7527318A,1,0.43165770385854796
ID_27BA56AF,0,0.4301428940713384
ID_5E74D85C,0,0.4197628480849272
ID_5C436CC2,1,0.42066001949585713
ID_3F7BF32A,1,0.863982821829742
ID_A6106788,1,0.9267972862725973
ID_1D2A3894,1,0.8665836184013687
ID_0E339616,1,0.8880919145189884
ID_80A1E360,0,0.5301857890142083
ID_4F9EA0B1,1,0.8486086543577308
ID_85E4E044,1,0.24062531177375462
ID_94E5A4F2,0,0.2529269975646138
ID_C3B8C432,1,0.7531748660197956
ID_35DED30B,1,0.9148388086714726
ID_8B490047,1,0.5081027185645577
ID_060EDEFA,1,0.9034647067421652
ID_47E16FC8,0,0.35325127937639417
ID_B252C0B1,1,0.8433774589104307
ID_3314A937,0,0.41027928109349693
ID_DE155501,1,0.8421137693596298
ID_2434410E,0,0.23440286454775985
ID_CE88A389,0,0.3358798656981842
ID_4DB1F270,1,0.37387149243543255
ID_2686AE59,0,0.4346396581524281
ID_21946D58,0,0.2531969021140953
ID_14AE7A83,1,0.9157215989864385
ID_8056583D,0,0.4778915785989171
ID_3F33B6B7,0,0.4374579324850597
ID_D17F7BF6,0,0.6180939725814213
ID_B9F88959,1,0.9215288658762593
ID_13E5355B,0,0.4733431849393177
ID_43A1503F,1,0.3232324062505263
ID_928FE6BB,1,0.3250640622532631
ID_F638AFC3,0,0.460811753721795
ID_68B50E0C,0,0.596807996942563
ID_3E03DDC3,1,0.869173012311552
ID_0978856F,0,0.5124096003432499
ID_4D12008E,1,0.869173012311552
ID_3218ACEF,0,0.4250256979729585
ID_76174F48,0,0.3311401866418947
ID_5EC02681,0,0.2857415769460542
ID_E180F18F,0,0.3400800761786531
ID_CAB24566,1,0.8579556544400152
ID_2707E8D1,0,0.4579447925491175
ID_09014A49,1,0.8955369400403791
ID_63EFC541,0,0.23614270611291924
ID_7CB030AA,0,0.32516078004151916
ID_AD804540,0,0.2501011577135409
ID_0A4006EB,0,0.8206823567316051
ID_A33990FE,0,0.33068540982783995
ID_67F005D5,1,0.9174193239635011
ID_28B1D2BE,1,0.8510772002874796
ID_3B94F958,1,0.39761692083106687
ID_FC381D4E,0,0.30765597035965336
ID_03ECFE35,1,0.6604136118526007
ID_3A03F6E8,0,0.510314444621935
ID_5D950BE1,0,0.9195944908275382
ID_1B37313A,0,0.7534992745499904
ID_7E5A62FE,0,0.3781274279464112
ID_1C509F48,0,0.24837055395517382
ID_EE9D9524,0,0.3205684266920642
ID_E003A582,0,0.27397341390306795
ID_E5015BA7,0,0.31072028683775066
ID_969A8EAD,1,0.8454390976969021
ID_CC8DBB0E,0,0.36599316504124935
ID_BCBE1F2F,1,0.30895028590948914
ID_902F5275,1,0.9051056599515452
ID_68666A8B,0,0.8558063424027935
ID_8257413E,1,0.8165886119967278
ID_EDAE28D4,1,0.8853205634652335
ID_978A3DC9,1,0.855501659332941
ID_CDA20C89,1,0.7796527821428626
ID_25FE6FA8,1,0.9202861855699567
ID_F44999BA,1,0.8618223160628778
ID_AF1B9BF7,0,0.4534343766724577
ID_509D12A0,1,0.7857037033747715
ID_D78B9FF7,1,0.9183123669781283
ID_45A165B4,0,0.6303390095468896
ID_4B40CA76,1,0.8664755446505081
ID_48FED589,1,0.27754311988088426
ID_12AAB290,0,0.5975535045624223
ID_74B314CB,1,0.876061061581576
ID_CDE9D6DD,1,0.9244190689730811
ID_C71ED593,0,0.866629612905564
ID_FAE8F3F8,1,0.8912797385144204
ID_A4F913D7,0,0.4273081550577461
ID_2FA9421D,0,0.6307415739001917
ID_AB180C11,1,0.6752914434451068
ID_2E8CDFAC,1,0.9265088672232851
ID_08EB078D,1,0.906008921654823
ID_78E59B70,1,0.840153222693629
ID_9D4759C3,1,0.9140033995842313
ID_483A072A,0,0.5381633891657782
ID_114F7028,1,0.9137788458329477
ID_28C47CC3,1,0.9167874886033625
ID_B5632E50,1,0.8287874558924652
ID_0FE6DCA2,1,0.9126002760275504
ID_933D1BF8,1,0.8742508206060735
ID_B8682A1B,1,0.36659870228472885
ID_48E85E13,1,0.8514617730540327
ID_B0C2B600,1,0.8874601878672626
ID_0ACF3E54,1,0.9042274645762457
ID_C5BA8C82,1,0.8869312002340313
ID_53A11E0F,1,0.8880897228604283
ID_EBFDFB7C,0,0.44601952456409
ID_76A681D0,1,0.8596262150685302
ID_2759B987,1,0.869173012311552
ID_51B9F674,1,0.2868520110217102
ID_71FDFD84,0,0.28323372799428154
ID_0BD81259,0,0.312414858596026
ID_AF476A64,1,0.9171319283808096
ID_D3B7511B,0,0.6385095232508375
ID_EB2A235E,1,0.868191646190557
ID_DB5BBAEC,1,0.9104968866209278
ID_CAC90D06,1,0.31903214001199615
ID_4AA34D5E,0,0.5500289227341578
ID_3AC58D13,0,0.24299250945061532
ID_3E9924AA,1,0.9155017078416551
ID_37DE1628,1,0.8222941176601283
ID_E1CFB842,1,0.9261036132756898
ID_29F2A03B,0,0.6328562693271897
ID_5EB7F5AB,0,0.9147625269030215
ID_4DCADB5F,1,0.869173012311552
ID_B2A633FF,0,0.4351846807101114
ID_E857637D,1,0.9243337464255498
ID_90A48661,1,0.8450806919447638
ID_D2B3D911,1,0.833521266714634
ID_FE21FEBB,1,0.9071439482358259
ID_F9FFC5D8,1,0.3632399698103814
ID_3D0867D0,1,0.914066241524638
ID_27F03870,1,0.9243337464255498
ID_7D7841CB,1,0.8624067412264236
ID_4D74EAE3,1,0.8655378683975605
ID_0D85DE6F,0,0.9138647245573043
ID_6244F7F4,0,0.38061920358341544
ID_CD3345C3,1,0.918128084044705
ID_5A5A75AB,0,0.6617048504176263
ID_15337116,1,0.5103501414740954
ID_B59F47AF,1,0.3467921235378394
ID_A3661793,1,0.29535754365849237
ID_4C0C7E38,1,0.9197927238252686
ID_0B877009,1,0.869173012311552
ID_5273EA5A,0,0.21469979274024947
ID_CE16CE3A,1,0.2801739367685935
ID_E92A8445,1,0.9281498993928033
ID_8EF5DE1E,0,0.2753088672798349
ID_9EC1578F,1,0.9212791785869205
ID_B9EC3F3E,1,0.8666149234677125
ID_EAF6A5C2,1,0.916572007930579
ID_F94DDFEB,1,0.8692388652159572
ID_A2CB4773,1,0.46361269380540077
ID_F082DF61,1,0.9060321427514852
ID_E780E795,1,0.8337202434234936
ID_3070F7C7,1,0.9085864764923893
ID_8C7B84D8,1,0.8904061863770231
ID_A91486F5,0,0.40120260944749037
ID_88C94449,1,0.8519359021747561
ID_7F66F1B4,1,0.9016740309205068
ID_320E8AFD,1,0.762770488157357
ID_C49460D2,1,0.9106969898782582
ID_23C7D986,1,0.8607841923126136
ID_C5328D40,0,0.39857570114492613
ID_08A3DCDE,1,0.8504567441487467
ID_94748462,0,0.312414858596026
ID_6D7ADA50,0,0.24999966797055972
ID_0EBAAC3D,0,0.5344688760012554
ID_8F13B8DC,1,0.6332130108881998
ID_E80D410D,1,0.312414858596026
ID_A800E3A7,0,0.4634213509806522
ID_BE4BD1D8,0,0.2228467977648388
ID_24683B74,1,0.9197612545587629
ID_1AD133C0,1,0.8559351319501265
ID_2EDB7019,1,0.8559351319501265
ID_ECA2EA30,0,0.297161023332803
ID_D14B7E30,1,0.9024469604614848
ID_A14D5C7A,0,0.5579839977019608
ID_7423D512,1,0.80918459908034
ID_721D8B96,0,0.22233174035675485
ID_9A8D5505,1,0.8994168992743528
ID_74D5D826,1,0.8290036189841323
ID_29C1A79C,1,0.8066204337042984
ID_586F0EAC,0,0.4000359509974781
ID_F6834934,1,0.705256069401836
ID_F5A9C66D,0,0.9165562499244769
ID_F196D941,1,0.8133309811168934
ID_CC97150B,1,0.864127059813834
ID_7B72AC38,0,0.3665165751321396
ID_982B7117,0,0.5599703727134124
ID_0CEDF753,0,0.7144685542582877
ID_04B398BE,1,0.8404544224310371
ID_06EDF2C5,1,0.39446352987886163
ID_F1840664,1,0.8591998458821091
ID_36DE3A2C,1,0.7208791070184956
ID_78DBC108,1,0.7642465509973303
ID_251C5E7B,1,0.8239259757946324
ID_02D6CC7E,0,0.7106308287210978
ID_551E9321,1,0.8974628855443028
ID_56697475,0,0.30855245454218727
ID_813690D0,0,0.3736989298871037
ID_689ECC7C,1,0.9244994485688657
ID_DF3F6320,0,0.29921672829498464
ID_0C0AE7CE,0,0.46519987377087035
ID_9C913696,0,0.9168495883150706
ID_AE7417E1,1,0.9248025243391054
ID_CD7FA1C1,1,0.7566736070827565
ID_01E76305,0,0.2881367660369677
ID_8E47FF6A,1,0.9198943994686235
ID_8B413EBD,1,0.920018623184527
ID_AB6170D8,1,0.6483923686847066
ID_E3FB686B,0,0.3818753393394061
ID_DA2BBF85,1,0.553356359263318
ID_184493DB,1,0.917513329459655
ID_EC14393E,1,0.6624476240945144
ID_9C06393C,1,0.8611032087535464
ID_A29DDA7B,1,0.8673760445079316
ID_8D8353D3,1,0.8745870121733237
ID_514AC75F,0,0.26109936066823264
ID_015F549D,1,0.9116056457434224
ID_3CACEE78,1,0.8504297777251474
ID_86207DA4,1,0.8355024506789749
ID_51449CB7,1,0.8561423794950124
ID_D50B6B2E,1,0.23694323587458324
ID_55051F92,0,0.6711774926718219
ID_0BE3C437,1,0.8879246043950173
ID_E558DFE4,1,0.8666149234677125
ID_382C2F5C,0,0.32430441600683035
ID_91AA12D2,0,0.7054605234854119
ID_51DDBB72,1,0.8379558087672837
ID_3F62E2B5,0,0.32466373195038795
ID_963FADF1,1,0.8495216131758521
ID_59CA812A,1,0.28606006499710435
ID_BE18B0A3,0,0.42931458274496626
ID_1ED3B847,1,0.8906559018523456
ID_04ABE6F4,1,0.5425634253361836
ID_F1965AE8,0,0.4499356038082906
ID_494BC1E1,1,0.916081581358671
ID_2FD16DAF,0,0.21263095391604292
ID_9FE67D22,1,0.9089561211718183
ID_2E30B2A9,0,0.25951916720249746
ID_7A8F3AB3,0,0.43093129164128746
ID_32052803,1,0.827029140002697
ID_814C4E11,1,0.6747860564403518
ID_50D26CF6,0,0.3929341514773251
ID_8D617339,0,0.5538060304815183
ID_D682ADB0,1,0.312414858596026
ID_C53D1E62,1,0.9070674869181875
ID_6A54156D,0,0.26314760456923775
ID_BE4102C4,0,0.22605169427348465
ID_CDBE136A,1,0.8625508727528763
ID_D37DE78E,1,0.5837327200665388
ID_5675D2E5,1,0.8544430150743668
ID_E798FFC6,1,0.7002304825893442
ID_89DCF2A6,1,0.90775349843796
ID_DFC909C4,1,0.9244762166649557
ID_F5EA0D82,1,0.9186668339635
ID_C0895BEF,1,0.4735499147052106
ID_A93CF7A9,1,0.8593259259299396
ID_8D2A9F7E,1,0.7160674409106466
ID_21B7AFC4,0,0.22465330107923825
ID_7CD335C8,0,0.8095769142881872
ID_BA7F38A2,0,0.5162280527172646
ID_057EF710,0,0.5901559787200371
ID_89E60B62,1,0.8898080867146858
ID_788C81AB,1,0.9244994485688657
ID_7609E7D7,0,0.32614089807538554
ID_475EC88A,0,0.4863197299400521
ID_B8E08E9F,1,0.6262604607004107
ID_25DE439A,1,0.2734876357922852
ID_EEEAA445,0,0.28204055165072855
ID_431DE1CE,1,0.8846974588729525
ID_FBD641A2,0,0.7981447432009277
ID_1904729E,0,0.2311224000270031
ID_B396AA70,0,0.5611143885302685
ID_704B6C40,1,0.5805288528652098
ID_B231F7AE,1,0.49405982741923476
ID_F8720ED9,0,0.4675983574378204
ID_AA56284A,1,0.8167318975524493
ID_E1C353D4,1,0.8995870151892031
ID_A08C5A99,1,0.5324278599321534
ID_D7CB4754,1,0.864715330989627
ID_7BA0854E,1,0.8812478102405161
ID_7A630F32,0,0.3741868097773687
ID_F61F3F82,1,0.9003995355956947
ID_6DF24565,0,0.3229236163605863
ID_F1390B77,1,0.6336826878132635
ID_61036D59,1,0.4173989317793269
ID_7CC99AF3,1,0.8673497275956659
ID_56F7E329,1,0.8656651300032264
ID_841CC4ED,1,0.9137421388863117
ID_0E488C85,0,0.33047137644465574
ID_85D74861,1,0.9197583526934845
ID_C484F061,1,0.21922016947501766
ID_8D032499,1,0.9232162483272183
ID_E6073624,1,0.8668379481784338
ID_FB2BFE29,0,0.7573719702901363
ID_996F454F,0,0.7406348208791396
ID_A7BC3143,1,0.8190463150833868
ID_2E720CAF,0,0.7033292058221333
ID_5BEE8E34,1,0.31944316715531024
ID_2B619A78,1,0.6483207777784318
ID_2EF4E9CE,1,0.47457046946283926
ID_25F59269,1,0.869173012311552
ID_4DE9EB83,0,0.2473238563138905
ID_0CE8334B,1,0.869173012311552
ID_A05B6BA8,0,0.7152547653100306
ID_65D89C82,0,0.7628001581101016
ID_A64F11E1,1,0.9128816563649839
ID_927B0B3C,1,0.5656443567006212
ID_C4C20BBF,1,0.8904061863770231
ID_BADA53F3,1,0.8749301494889237
ID_89FF66E4,1,0.866294899135069
ID_A7704533,0,0.2212283902318733
ID_EA670B5B,0,0.7283614103518585
ID_95186CB7,1,0.8937664672008526
ID_2EFDD533,1,0.9018904431087602
ID_D0045E86,0,0.46415993789404536
ID_D03AFE42,0,0.6969202189487794
ID_73262FE9,0,0.7435549725404282
ID_0BE3EE37,1,0.869173012311552
ID_1A360F45,0,0.6518496906025899
ID_C2B58DF5,0,0.24814763329763628
ID_85618BF2,1,0.868191646190557
ID_0FAE3AD6,0,0.5215360183232646
ID_0508C8CD,1,0.39837499012981414
ID_A5EA4783,0,0.4131792507693812
ID_9BAA8CE8,1,0.49788274454541476
ID_4DCBF175,1,0.9053686530436725
ID_9CE7B358,1,0.688828311150448
ID_6B476CAC,1,0.8668739986561041
ID_7C9B14D5,1,0.9183809540318904
ID_A5820EB3,0,0.28384216918061933
ID_DD478297,0,0.4229214703213514
ID_10CEB0B6,0,0.3231539594107545
ID_E3A61030,1,0.856085918765351
ID_1A33FE2A,1,0.8664191231629189
ID_0D607AA8,1,0.5957079690990513
ID_0D3D44C4,0,0.866294899135069
ID_2D947422,0,0.6687532636263778
ID_6D5FA144,1,0.8798394246923553
ID_B176021A,0,0.672895385511949
ID_D309FF51,1,0.903892868486244
ID_2BFFA669,1,0.884380960350268
ID_F0CD7E98,1,0.4668153316686227
ID_3D0A0178,0,0.6318321049543488
ID_8ADE11DD,1,0.9047175160264879
ID_79393E0D,0,0.6625905402730281
ID_77402B4B,1,0.9140908254030587
ID_92E37CBC,0,0.312414858596026
ID_11C28394,1,0.9135138638265455
ID_6EAB5131,0,0.25374669878256473
ID_027795D3,0,0.312414858596026
ID_592688E4,0,0.31116778438978
ID_FEFB6E56,1,0.26308372212371484
ID_C68C0C11,1,0.869173012311552
ID_E22E5670,1,0.44236049783568937
ID_BEF47D20,1,0.6922377356791839
ID_DB5E60A1,0,0.20450061147967158
ID_942D08CD,1,0.9169076516933606
ID_249B5F06,1,0.8864156260893512
ID_F0CED294,1,0.9101000228281207
ID_8BEBAA3E,1,0.35517215116078665
ID_186AA83C,0,0.328291765795329
ID_A7BAC4AC,1,0.859463868602339
ID_50796C93,1,0.5269249736904714
ID_376C015E,0,0.3442735623205582
ID_C067803C,1,0.9233538929582189
ID_F486B826,1,0.8772806590367479
ID_0205A25F,0,0.9169076516933606
ID_1D726805,0,0.725219456938577
ID_B7E3EAC0,1,0.7155427887612029
ID_D9C5D2E6,1,0.8813829287965828
ID_2176C16B,0,0.32282758149752067
ID_69C640BA,1,0.8790313987440164
ID_9CF401D7,0,0.6739445055943724
ID_CAB5D15F,1,0.4796977273968602
ID_63030202,0,0.679190943921854
ID_48B6FE01,1,0.9203415901924205
ID_FEED869D,1,0.49405964587001605
ID_9917ACCB,1,0.6966981988774368
ID_3F70A923,1,0.9220730800478208
ID_B90C5F4F,0,0.361748951580293
ID_78B7930E,1,0.8904061863770231
ID_EEF8D243,1,0.5098583630783621
ID_000A98B3,1,0.8998691660034976
ID_CDD567F6,1,0.7483487921858379
ID_9AAB02FF,0,0.24269860607337904
ID_17F75038,1,0.41148151678443584
ID_C745E672,0,0.6824138382404502
ID_18413A45,1,0.9051812877472404
ID_C7468C47,1,0.24122253473883146
ID_1CCF35F3,1,0.6840149124124874
ID_4B06CFDD,0,0.6193782264071951
ID_7D4D6BA6,0,0.22986021136284737
ID_6323F1FD,1,0.8587388525935779
ID_7D64918C,0,0.6562142828178101
ID_D99E6B28,1,0.8665836184013687
ID_24FC1C39,1,0.506428899186113
ID_8F7E8A8C,0,0.3553174329246088
ID_5C5C18C4,0,0.2733334889182988
ID_415D629A,1,0.8708182656078315
ID_ECA04FA9,1,0.8433774589104307
ID_33E8335A,1,0.8774069706028901
ID_A0382821,0,0.22805648692015645
ID_FFFB3548,1,0.8286818956421133
ID_3B4B2E12,1,0.8694564481232444
ID_F0AD0D9A,1,0.869173012311552
ID_C2FCB388,0,0.5664454658931418
ID_42854645,1,0.3513810083046602
ID_A6AA2C79,1,0.9203107454684362
ID_78718D20,0,0.2158274936588621
ID_B087D9F7,0,0.21942668047470792
ID_587DFF3D,1,0.908218046640875
ID_0EDE33A5,0,0.7354911860769158
ID_C565734D,1,0.8368346706435753
ID_3964B0B3,0,0.31657023891245123
ID_F64028C9,1,0.591847883372338
ID_301C3A56,0,0.3284951346052622
ID_62DAA960,0,0.49508896981457307
ID_CC67CB1A,1,0.791477469281018
ID_978F3C79,1,0.8823542067396988
ID_DB56F6D6,1,0.861516447163533
ID_145567D0,0,0.43133290471489194
ID_501C5FE3,0,0.6864025109282044
ID_BF363A93,0,0.36284050841845544
ID_495A1569,0,0.6460899835538012
ID_8AE7F685,1,0.7552007257455265
ID_2F206D6A,1,0.7893853974597017
ID_50DED3D4,0,0.7800676673859394
ID_B6856820,1,0.9116694985824981
ID_59493C3B,1,0.7724451590770661
ID_EFE33DB1,1,0.8465926038481465
ID_95AE1049,1,0.7855579202879008
ID_38F774A5,1,0.7343210838972072
ID_8FEE6C43,1,0.3139207248361774
ID_1B1645BF,1,0.8851703878020367
ID_E1011795,1,0.9084580162748062
ID_2C7C0A7D,1,0.279363733527145
ID_03D13F93,1,0.8952146468410159
ID_42C9ECC3,1,0.8322415913299764
ID_1EFA7D22,0,0.3720024196024358
ID_23A5F238,0,0.4488763928194461
ID_74DAFC8B,0,0.8781030708839519
ID_65BD80AC,1,0.886224435815227
ID_B767B8DE,0,0.5353891980410226
ID_4FCCBF4F,0,0.2590109111564728
ID_12E3C10E,0,0.3658098223909966
ID_B4395F25,1,0.879374691915652
ID_E625910E,0,0.6806605908804366
ID_D1113C0F,1,0.8390145049897291
ID_E2E66B06,0,0.33085720070873953
ID_718C39B8,1,0.8083482490001113
ID_2A564828,1,0.3862364279409886
ID_2CD3B3D5,0,0.2841186497639247
ID_FB5D0523,1,0.7624175986797975
ID_CD6F53D6,0,0.2449496649532804
ID_75661254,0,0.8998944357258529
ID_1EF26929,1,0.9087307545728124
ID_141D286B,0,0.88951217368867
ID_1FACB9CF,0,0.4664993931231547
ID_6B5E4FBD,1,0.605886526680529
ID_DC37BB55,0,0.6585194475316628
ID_FBA6BD3D,1,0.9112787569546603
ID_313006D3,1,0.24247647621924573
ID_A9ADCFC3,1,0.6595405712189519
ID_2BE0FDF5,0,0.4098942855897725
ID_B01341C4,1,0.9208968875838973
ID_C26ABC13,1,0.8395922285463752
ID_B667C3F9,0,0.869173012311552
ID_170B95CA,1,0.3017629875095995
ID_A271F41F,1,0.7744576195344154
ID_BB26CE1A,0,0.22645663513242056
ID_67FAEF16,1,0.869173012311552
ID_FEF7D268,0,0.6023847070851329
ID_F3BB8F25,0,0.5354010494316821
ID_DFA3B86A,1,0.4803143596241984
ID_BF7586D3,0,0.3598399935825284
ID_8242FEC9,1,0.6355570017874784
ID_0FE2C221,0,0.343138795697008
ID_527B2CCD,1,0.6241404045771803
ID_13C0901A,0,0.2559263237716165
ID_CE52740B,1,0.7234341439061086
ID_832444DE,1,0.7544408736433098
ID_B1F8F22E,1,0.7020521558956728
ID_53F05EB5,0,0.8503788186356815
ID_436E6F90,0,0.7243506457256946
ID_FEAB674A,1,0.4686341899660203
ID_271F9C34,0,0.32140283696790656
ID_9DEFD9C8,0,0.47895619332907574
ID_FD2FD1CD,0,0.31552971934293594
ID_C4B6CE56,1,0.697484698936282
ID_56FBD79A,0,0.4606477891958353
ID_F9275BF2,0,0.6438282149515492
ID_6877FE97,0,0.6560687331251999
ID_48A4E598,1,0.38485163694622754
ID_08CFB0DC,0,0.43872471732851887
ID_7132F107,1,0.515553522952116
ID_FE41D776,1,0.4632685265710116
ID_182A9026,0,0.42494831379612424
ID_A875A7B4,0,0.7268789566704053
ID_6D773098,1,0.8081358735799873
ID_81451889,1,0.2901219147422452
ID_73A5F934,1,0.4386691662835533
ID_BF0C3E3F,0,0.41421149817550723
ID_61477F47,0,0.4232628608621749
ID_7869D7F9,0,0.668317465740951
ID_81FD2DFE,1,0.6522965625811021
ID_4A2CE217,1,0.8233169485325137
ID_F5DB795D,0,0.6531693696362287
ID_36E83AF7,1,0.6166337348218286
ID_30FF881D,1,0.7432979329810555
ID_836A30AD,1,0.8381566879769069
ID_6894A687,0,0.2893009910091635
ID_9CB3D6E7,0,0.7233962878434154
ID_355175F4,1,0.7679023757991618
ID_30DAACE9,0,0.5407027408583972
ID_5DBFD2B1,0,0.25861065263768146
ID_F1957D81,0,0.560946948592822
ID_CFD9942F,0,0.8197121966707187
ID_1CBA4936,1,0.7518844644659033
ID_E4BAF1A9,0,0.2412706881595764
ID_2CF3EF64,1,0.23966587299245118
ID_9FE1F20D,1,0.3981077074483419
ID_DB50CE3C,1,0.5033728552787942
ID_EAC7C855,1,0.22532836618047666
ID_6DB81E74,1,0.8034428279336663
ID_6FC8FF93,0,0.3283934059221656
ID_C2F5CBAE,1,0.8384410449833601
ID_275D1638,0,0.6553157390152273
ID_81EA24A4,1,0.6500755059771599
ID_2533B8DF,1,0.6452832344341204
ID_77A74C54,0,0.8696337637955132
ID_52C9B04E,1,0.689823932498971
ID_353D8806,0,0.5827598020938818
ID_0BDC7DF3,0,0.7513058551537329
ID_9093AEF8,1,0.8444388067685379
ID_D5B84308,0,0.6420601917994221
ID_D505FF95,1,0.4541027253894511
ID_5F9F0B60,1,0.7586283015640721
ID_5D43F25B,1,0.25701582653873006
ID_8B3B10A0,1,0.8519584448394404
ID_AA8DE70E,1,0.7385865705186637
ID_FA076BB3,1,0.65623488764421
ID_63342485,0,0.3401793950495963
ID_D63C4A4C,0,0.26514597973654297
ID_BA5359E6,1,0.5130956014408224
ID_5761ED00,1,0.4573762549280768
ID_B6C6C310,0,0.3339372045063835
ID_ED888ADA,1,0.7465222200088467
ID_D9C2F90C,0,0.5136699767988492
ID_0FE6493B,0,0.6093122294886492
ID_8617CCC7,1,0.6595255325179831
ID_8D20170D,1,0.7504061565920606
ID_4327327B,1,0.47830654088612495
ID_A2D25055,1,0.22177092094888418
ID_38269349,1,0.6055427744128513
ID_40E4A690,1,0.43939938728086714
ID_79180E57,1,0.7392563193138408
ID_1093DE08,0,0.4158504440477426
ID_59D27028,1,0.5767502546496434
ID_8C78AE5F,0,0.44476222082456257
ID_E300C0DF,0,0.5698185174933914
ID_B7B5A3B2,0,0.42916000852666014
ID_4AD3888E,0,0.4858146967676085
ID_72672EB0,0,0.5128276721858899
ID_6F6F1FF3,0,0.7465059945727119
ID_6F1E6677,0,0.3351721128270412
ID_43A2B57D,1,0.4627946732897743
ID_37955C28,1,0.34197774525471836
ID_BBA55771,1,0.7234624457114237
ID_CB4EB5D3,0,0.41148459497185796
ID_894AEF7B,0,0.7028435579332868
ID_78EC100C,1,0.4851605669202193
ID_27F52696,0,0.4720109034858858
ID_72B01EF4,0,0.5458557736298237
ID_AA845F68,0,0.35236543441731605
ID_DC8A2937,1,0.21514556692878345
ID_061D4BE7,0,0.5095935430422227
ID_653FEFA9,0,0.2882526675944521
ID_C80287EC,1,0.7009127827655286
ID_F32CC9B3,0,0.7615120940327339
ID_21EFD37A,0,0.3164250306136416
ID_9A2EF2B6,0,0.27541255796317404
ID_C4E5EEA4,0,0.8254972277128929
ID_0D085F3A,1,0.3999471872238503
ID_0F28FE12,0,0.6431647990368106
ID_B7F8686F,1,0.5094190970129796
ID_D0A7C687,0,0.5141756721381032
ID_F769F4F5,1,0.5106034774383704
ID_1695AC91,0,0.4127673435648163
ID_65241D60,0,0.8397547492041338
ID_41420D78,0,0.6771785879734372
ID_DA364266,1,0.7735040036211479
ID_B57947DF,1,0.8019449020731197
ID_580BD289,0,0.2410600542376162
ID_98CA7A5D,0,0.2652020762340685
ID_8CFCB467,0,0.3679885978760607
ID_C498D781,0,0.49820093004582267
ID_8FD4BB3D,0,0.4112438122807453
ID_CD749A06,1,0.525865178722297
ID_C31987D0,1,0.4330475018722407
ID_4718A7CE,0,0.753573172927977
ID_D5EA9CB8,0,0.8352224986588513
ID_9E9411DD,1,0.7536875691827575
ID_48EB6CA7,0,0.5896922077697996
ID_89E6A1CF,1,0.7197732708833529
ID_B2E79121,0,0.49063281636895284
ID_CB63AF6D,0,0.7316264628587815
ID_99F7E4BD,1,0.6448172671718841
ID_78E36ECD,1,0.4577230450660864
ID_58F71E37,0,0.7886695092919394
ID_6EB2C182,1,0.7060000799602766
ID_9144EA2A,0,0.38010137850389286
ID_BA906158,1,0.36994949444530445
ID_46CAE0B1,1,0.6615257404896119
ID_58023D99,1,0.3761505552410874
ID_31983DE2,0,0.6199720093613238
ID_E5A74F6D,0,0.8094382700298104
ID_D614372B,1,0.4688592266112911
ID_602A4013,1,0.7166032781667573
ID_5F57A1E8,0,0.6340573228028975
ID_8EA0A89C,1,0.35058400604500495
ID_7138F4B4,1,0.6069876041229321
ID_33210098,0,0.6610710277325251
ID_733AD053,0,0.6623624830757769
ID_D2A9244A,0,0.5408430881379899
ID_F4F0F0EB,0,0.46483840514991165
ID_9F1BEE9D,0,0.4830227122991012
ID_0F279EAF,1,0.3548868003058637
ID_0D666C9C,1,0.39896144291549335
ID_50E4B864,0,0.7328124477639224
ID_6C287A75,0,0.4787075224827685
ID_E02538C6,1,0.6417473445132984
ID_197C566F,1,0.724604142487611
ID_02EAD433,1,0.8303709235341311
ID_A024E6C4,0,0.7286403619848063
ID_78A563B4,0,0.5182077228888706
ID_182537B4,0,0.6201200961922309
ID_A6FC98D1,1,0.6205948802168393
ID_6F9F0A4B,0,0.48903082304700113
ID_4063A107,0,0.7887360731846266
ID_B3580DB5,1,0.649411363789126
ID_25FB9EF5,0,0.20534060249882666
ID_89B7850D,1,0.4103027939718778
ID_18BB1E1D,0,0.4909766158097742
ID_C8F9B181,1,0.641434924668272
ID_DFAB0DC0,1,0.43950291649634265
ID_CD9F1BAE,1,0.5615630428422801
ID_62660687,0,0.5804858719314273
ID_7EE7FB7D,1,0.3604732127163916
ID_806047A1,1,0.619936152113938
ID_315EA79D,1,0.5350358425086081
ID_92040576,1,0.833033825553492
ID_D6D3B7C9,1,0.550080951633035
ID_A84A4E09,0,0.6329481670274352
ID_D18674A9,1,0.5290293349570774
ID_24F9077C,1,0.5890159764622152
ID_80FAFC9C,0,0.6289494910120861
ID_CDC1A566,0,0.5254701373361773
ID_0F531FE3,1,0.8152956361108465
ID_005683D4,1,0.8290820939510894
ID_C1CE60E6,0,0.5138349368164158
ID_9936390D,1,0.4825316845182491
ID_C4121D0D,1,0.5841807066626128
ID_9E1DD0FE,1,0.8431389318808249
ID_B3BD97E9,1,0.3571791443707454
ID_0404783B,0,0.314557782104037
ID_C97F04E8,0,0.3696204787224737
ID_04AFA6D7,1,0.8423206680725716
ID_DB7DF071,0,0.5560796750527528
ID_755169C9,1,0.8411268472515431
ID_6156F5D1,1,0.5763510229954033
ID_67E81CF0,1,0.5003266680599482
ID_FD9747F7,0,0.29066924869615246
ID_9E33D604,0,0.7005464519948528
ID_B78878A5,1,0.5014367375673793
ID_60002389,0,0.3947929030032424
ID_B8B0A504,1,0.6279145669603621
ID_8732DDC2,0,0.5125612869801526
ID_32FE590C,1,0.4334247954681908
ID_6097727C,1,0.5442890424019153
ID_9F43AFF1,1,0.5889690758110595
ID_451F5539,0,0.6221444236556495
ID_6ADB1597,0,0.6287773462659322
ID_1899A566,0,0.39633384870230354
ID_B08DCCD6,1,0.5333166026078904
ID_9948AFFD,1,0.5870664323289781
ID_076A1D19,0,0.34235457222895466
ID_069E35F8,0,0.4308413596151943
ID_6A6A888E,1,0.6683700603635914
ID_F5F91578,0,0.6232815749940571
ID_C452A5D1,0,0.4555765330267417
ID_4DBB1A7F,1,0.4268327220127002
ID_554399A5,0,0.46306146054132163
ID_9A6EADF4,0,0.6593765925816459
ID_40545E43,1,0.623463527372753
ID_BFE690D2,1,0.2309118801468253
ID_6984365C,1,0.67687167301268
ID_F1B982C6,1,0.6485958998453718
ID_8D0DB5B1,1,0.6249957717313269
ID_1C8FAF4C,0,0.7010377650106664
ID_E37B5F72,0,0.6508905591684582
ID_6A90E941,0,0.22625272047257902
ID_7C686CE3,0,0.6239011813384139
ID_F3A92A03,1,0.3980095306956082
ID_6917AC09,0,0.4575795419649014
ID_106707A6,0,0.7451250517522197
ID_47F10EF3,0,0.7481273527946752
ID_6D7BAE04,0,0.37636094445602325
ID_B3189DE5,1,0.27892626275354726
ID_01C1FDDF,0,0.766341197286135
ID_25C496F5,0,0.6341819973784906
ID_0961308A,0,0.6485820460233517
ID_BFB325DE,1,0.33354501146664467
ID_8356C1DF,1,0.395806457656861
ID_E44D9E05,1,0.5621548912091165
ID_213C1C83,1,0.519564883895929
ID_86A3DE27,1,0.33435560656326374
ID_ECD5069E,1,0.7827555694535038
ID_871628E9,1,0.7307611167142463
ID_982C9E93,0,0.525776449438256
ID_F6CD238C,0,0.5152545450872271
ID_7B88C2A2,0,0.7376943142889216
ID_2793519F,0,0.8245517439109832
ID_5D346D09,1,0.67760963507201
ID_E9016F46,1,0.8186044466345577
ID_DA5058F1,0,0.4142388981881647
ID_B7E758ED,1,0.8287559539274446
ID_7DBCCEDB,1,0.8669959122394905
ID_8F699AAB,1,0.8138556233325694
ID_1763FFD5,1,0.395694846485874
ID_11F90F39,1,0.4340035154307172
ID_9D81902B,0,0.36823187341019764
ID_DEBB135D,0,0.6444927904290326
ID_ACE3B11B,1,0.521681793632421
ID_E4C34704,1,0.7463512535613371
ID_3336D8ED,0,0.25376154678262186
ID_5E3F664A,1,0.519325385158618
ID_94944F79,0,0.853228118779009
ID_67CEFC9E,1,0.8645512497248178
ID_61AB4667,1,0.7279017492137139
ID_24960F7C,1,0.7664643332438088
ID_26E1818A,0,0.8472159740944678
ID_A96770FB,1,0.8509265510958517
ID_053BD7E6,0,0.6293383428963225
ID_8CB7A423,0,0.5331211296985521
ID_2358593C,1,0.6182319584034512
ID_21A0A034,0,0.24409607132416128
ID_6B498AD0,0,0.40829164427148285
ID_6F5EA99F,1,0.572677151746814
ID_FC4908F4,0,0.5820600790433845
ID_85B2E8D5,1,0.3458777163983281
ID_7A91B4F8,1,0.5045234727867431
ID_FA127A7A,1,0.6771749811348516
ID_CF74CB0A,0,0.7434056060907338
ID_9EA85F6D,0,0.5045399742047686
ID_B0627DB1,1,0.6573330110579297
ID_AD4C66B3,0,0.48975942565714586
ID_B3A78042,0,0.6292903292197053
ID_B5BDAC4A,1,0.7038278398381828
ID_AC809EC4,0,0.4504049261614874
ID_C78297BE,1,0.494127704535599
ID_39BBC9C4,0,0.40784108990620366
ID_DE8711C7,1,0.6763925708429781
ID_C76FC534,0,0.8112962359077361
ID_6578EB1A,1,0.6691609299623836
ID_041A97FC,1,0.7270958774059668
ID_098A2751,1,0.5209324663827403
ID_05A19E29,0,0.47266510884513147
ID_2FBB24C3,0,0.5424742004827948
ID_1CEC46C6,1,0.580605119119816
ID_A9ECDD45,1,0.7906528617479816
ID_41686F47,1,0.5498261445004488
ID_A512A7BF,1,0.6657636375840645
ID_6FE7F20F,0,0.7439953717694533
ID_40114046,1,0.5342664582429487
ID_C6DBA230,1,0.7104027814471089
ID_ADDA8275,0,0.6861894150940996
ID_80C3DDED,0,0.48671390537841214
ID_DF6943DD,0,0.2656147392860192
ID_BCF19353,1,0.6725838548160173
ID_DAE7A070,1,0.4761553172076222
ID_1CAF709A,0,0.45491388442662245
ID_57BA05B4,1,0.5666228241802391
ID_49E96110,0,0.7044188071396619
ID_E77C3225,0,0.5747575566055455
ID_228BA221,1,0.6508471360415963
ID_4100CD5E,1,0.5777535793933785
ID_27513625,1,0.6277704738904393
ID_ABD9FF2E,0,0.20081542164325386
ID_2B519491,0,0.6508515840125111
ID_50186F5C,1,0.39495748699034877
ID_9AF99CA1,0,0.6441130399165974
ID_E07CE31A,1,0.5681895916245204
ID_45BF946D,1,0.6450525008922879
ID_F4FF09B1,0,0.7535252379866408
ID_E62402F6,1,0.6441130399165974
ID_866A71E5,1,0.802487597476336
ID_CB74FB23,0,0.32337302266750323
ID_CB8AB28F,1,0.773643224330622
ID_42CB8E7D,1,0.42415149736315577
ID_2A370007,0,0.7660387990271508
ID_F291417B,1,0.482801240679613
ID_E8FBDDDB,1,0.2601520117994824
ID_3F718CA0,1,0.5313652111473192
ID_5147A702,0,0.4310366754751142
ID_B342CA68,0,0.796849783238576
ID_39A72B52,0,0.26116852000760077
ID_0AADD1FA,0,0.49075870014793266
ID_A0CCC191,1,0.5406981323294433
ID_A109F9C4,1,0.7433123991500196
ID_10024099,0,0.7625514726070075
ID_5EC10095,0,0.524702104340629
ID_8F8BCFEF,1,0.4210249531346823
ID_1B0FC0C5,0,0.49702842267957714
ID_05F4B753,1,0.7731761743083893
ID_9E81620C,0,0.27088318005332596
ID_3E167FBE,0,0.2506736302609161
ID_D3F740C3,1,0.7554183820620511
ID_862D6588,1,0.7762386507373553
ID_FCFFE7A8,1,0.5265216309732643
ID_5F927947,0,0.6196268821968562
ID_7262A90A,0,0.5132168431511582
ID_AC72458E,0,0.5157058712329113
ID_94687102,1,0.5475771015695636
ID_3CD622B3,1,0.4584295431341665
ID_E62A2FE8,1,0.808336253715645
ID_D0D59F48,1,0.5385340153118734
ID_0E41AB64,1,0.7188384354427192
ID_0D510A88,0,0.2024245949708192
ID_7D67BBD6,0,0.5041452102747742
ID_51ACD151,1,0.6955550632842582
ID_17C966FB,0,0.47673498888713783
ID_84561476,0,0.4105666684449618
ID_AE0FAF20,1,0.24623683644436242
ID_0760E69D,0,0.5101973049428952
ID_A26F3EE0,1,0.7828735165299978
ID_4F35775C,1,0.6337149682058975
ID_857C56F5,0,0.7301588832193606
ID_6C6D71E3,0,0.26191886484854976
ID_80F27D76,0,0.8589745463344135
ID_7F2A60F7,0,0.3145053323642846
ID_7A791664,0,0.4326093776676168
ID_10FDF045,1,0.5123987622206858
ID_2B8FCBE8,0,0.5633925439395631
ID_39D37181,0,0.3738156322597205
ID_841CD8F0,0,0.4784569256563938
ID_CE807148,0,0.8463277209564217
ID_C9194BE8,1,0.5144161767371132
ID_2D157B93,0,0.8344111626682834
ID_7D03048F,0,0.4541048888332141
ID_90B69B2C,1,0.4373806618535147
ID_F9A67CC4,0,0.21817526866144393
ID_09589CCA,1,0.3748086131167969
ID_05E2F8DF,0,0.610271534587041
ID_DA52FF4E,1,0.4903991028826549
ID_DAB35ADC,1,0.6738043801765401
ID_1466FF3E,0,0.8005896872619476
ID_7E53A235,0,0.7186098358812117
ID_6E402A0E,1,0.7623075649133311
ID_87061BA2,0,0.6790293154129846
ID_6E91CF71,0,0.416008619410628
ID_A029650A,1,0.4680297751254736
ID_51E155DB,0,0.5476183734661847
ID_EC23E7EF,1,0.6616087178168303
ID_BACC0D39,1,0.6594563652017409
ID_E78E20FE,1,0.4670430873716387
ID_DE0742EB,1,0.48692467949479284
ID_553DE5E1,0,0.5981131944888116
ID_8D1115EA,1,0.39468007602570293
ID_FF6F5309,1,0.7732414160503417
ID_31AE99CB,0,0.6884129282318056
ID_4281049B,0,0.45657647991599215
ID_9158CFF2,1,0.6581849005966434
ID_524FCD8A,0,0.48375265095434306
ID_CE087004,1,0.7058124311409225
ID_F9E56630,1,0.5588988550455344
ID_E31C72D6,0,0.7221407768047228
ID_702CAA90,0,0.6296837969293293
ID_11E1A72D,0,0.7093894507060395
ID_22EB1062,0,0.42285578372330956
ID_71A025E2,1,0.5714588108623506
ID_DA9BE9AD,1,0.4063791052040298
ID_42023BBC,1,0.7377778452701633
ID_688900EB,1,0.7754115588977771
ID_A45F00C1,0,0.8074898215376539
ID_3B458EC4,0,0.3940999358012214
ID_1623C03B,1,0.6656784765229078
ID_2DC654D8,0,0.45767588805778375
ID_1FF9E26D,1,0.37144143591158574
ID_85ACE793,1,0.6786085761633862
ID_E6F7F719,1,0.4155421168894606
ID_4584FB4C,1,0.42599124071507066
ID_9978D125,0,0.8059941677300919
ID_38F50721,0,0.40197690254131707
ID_C55C7C63,0,0.8525846391004948
ID_D990DB0E,1,0.33831102116054046
ID_92E049E7,1,0.8206467594317304
ID_E3BE7D29,0,0.5480239869095425
ID_8ADA5844,1,0.8593920129230496
ID_98BFE939,0,0.5381309615408603
ID_65A5C331,1,0.5392593022678807
ID_93F1BDA9,1,0.5051263950184732
ID_86045B21,0,0.25002567567562733
ID_BBA8AE96,0,0.3983583292425252
ID_9FDBAB50,0,0.7864852460178061
ID_9E1BF144,0,0.46848909433499925
ID_06541CBA,1,0.8311044132500187
ID_E2F73B1C,1,0.4329571922755315
ID_BB711853,0,0.49797261102559015
ID_642C67C4,0,0.43032376876987544
ID_3087E07E,1,0.7772015464610792
ID_85897BF7,1,0.8330616145179605
ID_18CBD81B,0,0.8206467594317304
ID_B9687139,1,0.8670243357500533
ID_60A56B14,1,0.8432043210901017
ID_1A3A50E7,0,0.8265562718631735
ID_9C4276DB,1,0.793911028499156
ID_658DF851,1,0.4418869755720995
ID_D6BBB11C,0,0.7528486470063
ID_9D20EBEE,1,0.5808022938399935
ID_1DE62157,1,0.7700667046627798
ID_90E2CD8D,1,0.540266245771454
ID_2E3A4F2A,1,0.6627002526392705
ID_811143FE,1,0.8275019067801009
ID_3A79CE93,1,0.47926695751642856
ID_8A9E4F40,0,0.4370351464070037
ID_4D63B91B,1,0.4468365234525473
ID_DE46F2BC,0,0.5042858216177156
ID_F0D2211A,0,0.29718090015211945
ID_BA1357F3,1,0.2695487379162928
ID_DC8FDBCD,1,0.4320313739522141
ID_EDB01063,1,0.5595537424551827
ID_9756520F,1,0.6922249376807431
ID_E56ADB22,0,0.5293747099420887
ID_493E5A6F,1,0.7373081852156199
ID_6EEEC09C,1,0.7791897483680306
ID_6D754B0F,1,0.4934513495114444
ID_5CA4C49B,1,0.5049330764919928
ID_3F83756F,1,0.7921361046153889
ID_6ECF259B,0,0.7942620620249484
ID_14AB5AC3,1,0.4542958475777275
ID_8C25FA76,1,0.7586231930363829
ID_11FDB00C,1,0.2979655869961837
ID_8D10D47C,0,0.8101219432081624
ID_1FD1314F,0,0.6369877071114212
ID_7E5912F5,1,0.654737836504996
ID_AE443008,1,0.36632461325186194
ID_41D337B0,1,0.8029515631419136
ID_09D7C446,0,0.4780993661808518
ID_83AAFD44,0,0.42587712104309106
ID_34CE69F9,0,0.4655722714404189
ID_E70FC09F,0,0.8682932675822832
ID_6BC129E2,1,0.45135954873925666
ID_BF08FBAF,1,0.7843614286464086
ID_8AC9C7A2,0,0.6810649576717758
ID_4368BA72,1,0.812090879392346
ID_A9E2B5DB,1,0.6435852390278336
ID_68A0B072,1,0.5208600175468031
ID_F33E4C0F,1,0.7421155795805398
ID_C9EEAE53,1,0.6599951612814746
ID_64470C69,1,0.7756025260218832
ID_33916BAC,1,0.42694397170004234
ID_8CA8C775,1,0.47750527322477065
ID_8CA23392,0,0.6030791100499752
ID_F1648E92,1,0.47585080863481133
ID_4C7944A1,0,0.4686664458208441
ID_9E7CA86B,1,0.41790324074118385
ID_F6569921,1,0.7874519016283177
ID_D7A55551,0,0.3092778921245914
ID_CFCAF062,1,0.7760699126420894
ID_6779263C,1,0.8229485050673567
ID_C35DE701,0,0.8048595654729428
ID_DEFC00DD,1,0.7538144027539833
ID_F5F7A5F2,0,0.46678320582607136
ID_94F1A247,1,0.4584436900399466
ID_C7FB3A52,0,0.7334793150711942
ID_C689C603,0,0.4725767861998215
ID_12557283,0,0.546612714609554
ID_98B5B570,0,0.42410648454904515
ID_46131BBD,1,0.39400439837492035
ID_8EA6695C,1,0.41515754023007223
ID_A8929CAF,0,0.2685973260974578
ID_89F533F7,1,0.7823175559764549
ID_7874DF5F,1,0.5235184476491284
ID_EC730E0D,1,0.7563352501455207
ID_2DC76AA7,0,0.4234026233573539
ID_23B088AF,1,0.5423735061929428
ID_B875A7E0,1,0.7781149910494027
ID_4F621D2D,1,0.657624341289455
ID_F7B3C4F9,1,0.7645164012057091
ID_9F6C8E34,0,0.7795470316480446
ID_9E6823EB,0,0.4627423103452052
ID_B005EE1D,0,0.8164482106469249
ID_9A3B652F,1,0.5975863815360157
ID_36ADFA91,1,0.3726084145667007
ID_7668458F,1,0.6810927782299501
ID_BC9B1D84,0,0.5666801201639196
ID_100D7BAE,0,0.2724238361728311
ID_F855DF59,0,0.3797888156302967
ID_6D8A12DF,0,0.7812795058769578
ID_E187FFF6,0,0.6654976798106098
ID_248E7637,1,0.6525056825016103
ID_8255A677,0,0.682503347630438
ID_AD204E31,1,0.7116558396563523
ID_3FFD356F,0,0.7116558396563523
ID_E4EB89EE,1,0.4302025021165685
ID_0B01AEA8,0,0.7049055251604995
ID_B512112C,0,0.3917497407595431
ID_225869D5,1,0.6812310208307901
ID_97D0A230,0,0.5125150964448373
ID_FEDED5D8,1,0.527506537661414
ID_43EB6254,1,0.4481518611622098
ID_5AE33179,1,0.5168879320266404
ID_B87DA0B4,0,0.6880972233302937
ID_F8CD7982,0,0.7397331484655223
ID_36EDDEF9,1,0.6943788423293169
ID_A7069A8D,0,0.40115440943685426
ID_9E5A2327,0,0.5251038168925112
ID_C2233397,1,0.5759040134703123
ID_FE3519FB,1,0.5496792331261273
ID_AE050270,1,0.727330187871445
ID_5C788699,0,0.46937431586519185
ID_57FB2080,1,0.6142120288871737
ID_8E88EC94,0,0.7008871281696675
ID_A98369A0,0,0.8393747055523655
ID_F42FFE93,1,0.4315482248024831
ID_0D9C0F4F,1,0.615459676238539
ID_A1ECD988,0,0.7348790314504934
ID_6EFC63B4,0,0.8100727405657089
ID_8893E31B,0,0.604417158350574
ID_EFFFFB4C,1,0.7158218674959447
ID_1072D91F,0,0.2943931410633247
ID_CA526674,1,0.41891032384846194
ID_0882E1FA,1,0.5933192927381635
ID_88E2D0EA,0,0.5089938748363808
ID_436E498B,0,0.5089938748363808
ID_A3213551,0,0.48187524956992667
ID_581EFEB0,0,0.280351129265895
ID_2AD2698A,1,0.6790146387028323
ID_BFE87BDD,1,0.7410522304427797
ID_6696B2C1,0,0.8208663346317245
ID_B0B0CA85,0,0.7523689840359326
ID_1B5751D8,0,0.5012900896816479
ID_0DE4A42C,1,0.7741655270545388
ID_C384F534,1,0.6625596620529381
ID_CD9CF2AF,1,0.40667423875590414
ID_D5304424,1,0.618285784326583
ID_2E6E72C2,0,0.48676660800084925
ID_F8C1E420,1,0.6438237269297391
ID_F76710EC,0,0.3298408291500979
ID_1E167342,1,0.6557339761348014
ID_E96015A1,1,0.7224617201410881
ID_6DD72D96,1,0.7382030597923136
ID_3B0B36D7,0,0.5369661831653509
ID_82B56921,1,0.604568923382768
ID_6C0CDA63,0,0.7452524508914218
ID_F89806AB,1,0.7353936854359739
ID_70788C1F,0,0.3525578601427809
ID_82889C27,1,0.6074236867748227
ID_9181434B,0,0.6452122870614354
ID_CD76344A,0,0.6935352991044499
ID_63F2ED40,0,0.7142207117036116
ID_4F2E6FDB,0,0.5683407247196473
ID_892CCBF2,0,0.48792652871416786
ID_8216E7D6,1,0.4949096508105974
ID_5B5F0382,1,0.8212414936970067
ID_C9AB1ED4,1,0.45205826859858655
ID_8B0CD64F,0,0.8246334808485654
ID_6E7E2565,0,0.6681625742994448
ID_9DC6C8BA,1,0.7003032808972429
ID_B5DD3107,1,0.7186988703190804
ID_9E1032F2,1,0.6183566616298891
ID_BA502E15,1,0.7957623789930726
ID_665DE586,0,0.37262324426069826
ID_96BFCE37,1,0.47587520740257483
ID_2432E68C,0,0.6043099910152223
ID_0F89E903,0,0.24647472099465267
ID_DCDF60E2,0,0.5766672404258535
ID_7FC09736,1,0.523894693002228
ID_CF1D5A2B,1,0.8222433334247377
ID_8596D6DB,0,0.24068869185164563
ID_98B06070,1,0.5243087934771679
ID_680EC3CB,1,0.2625463615157255
ID_9218A241,1,0.822040406590459
ID_8B628619,0,0.7226592865174928
ID_154A0489,1,0.5449842143781773
ID_2F103CD9,0,0.7588302984999423
ID_14BFC885,1,0.6757118583219165
ID_183E7864,1,0.7980382993031713
ID_231C52B6,0,0.5638885517349013
ID_B516E714,1,0.8286960943246465
ID_5521C259,0,0.5867987396781628
ID_8DBFCD15,1,0.5495384593348258
ID_783A77CA,1,0.439383139316825
ID_EA32CBD5,0,0.8123749477695817
ID_8C149B19,0,0.7089362859966358
ID_80AD0B44,0,0.3580845603096486
ID_9B289E58,0,0.42554042770877726
ID_12BF1E01,0,0.8411861836641784
ID_A3287EA1,0,0.7166847667836193
ID_F6F594F8,0,0.3605250864223115
ID_F2A43894,0,0.33973137722884383
ID_5D85BE89,1,0.410900671693744
ID_DEE0C524,0,0.4050629184059497
ID_2B8F69E6,1,0.3360288695849198
ID_099F57E4,0,0.641531819367028
ID_732190D2,0,0.641695909416562
ID_26A19F42,0,0.3145053323642846
ID_2E2E4E72,1,0.8073927883176845
ID_A0F35857,1,0.8087658395884231
ID_4A6A2CA8,0,0.729551203520249
ID_8D690429,1,0.5603643754424068
ID_EEDEC895,0,0.5809077222532272
ID_22B7D9A0,1,0.5994049536779914
ID_97797D75,1,0.5981146214125727
ID_2B128EE1,1,0.7228688147006012
ID_58D6F266,1,0.7248170855423274
ID_6F8E5150,0,0.5494840918774281
ID_21607FCA,1,0.6028204354960827
ID_74E7A6AE,1,0.5533287525459623
ID_114DAC47,0,0.7164087938199124
ID_124611A9,1,0.47194432816565546
ID_ED016384,0,0.3987153595086707
ID_84A14F7E,1,0.7741794428264507
ID_8F59CA20,0,0.545586187636062
ID_6FFD90C8,0,0.3908617115204726
ID_21166BD1,0,0.5323173958661779
ID_8CB36095,0,0.6914628110750896
ID_5FE44C72,1,0.6389236336626753
ID_EDE461F3,0,0.692939371417015
ID_9D2A6F66,1,0.447328705951577
ID_5C46C9B7,1,0.7796906414523612
ID_7C12CFFE,1,0.4348941103388226
ID_BE091F39,0,0.4549629447988853
ID_52671C68,0,0.8458221290630701
ID_ABFF37AA,1,0.8133309016318737
ID_981B899C,1,0.7570311430394622
ID_2DAB1C6A,1,0.4527897294085934
ID_5D81486C,0,0.3755982070125805
ID_FFAE4860,0,0.5303186875864312
ID_ADE14713,0,0.44694457471264515
ID_DA563220,1,0.5764484994189002
ID_D54A4A81,0,0.4370493594278293
ID_131F4A77,1,0.423132573517535
ID_4EDA7D0A,0,0.28154407676317966
ID_F09CB3D2,1,0.45560764466427317
ID_2DE6A631,1,0.7159185050351089
ID_41AB9AFF,0,0.4912441785789486
ID_E420776A,1,0.39549444008981793
ID_790C7EBF,0,0.6332311947315836
ID_A9472378,0,0.19466752085935748
ID_CAFE708F,0,0.7641275342311984
ID_4F3CDE60,1,0.4551375411694885
ID_9BB9F8B0,0,0.5148453612049507
ID_23DCB05F,0,0.7701318523552633
ID_1CC3A768,0,0.7508855943516959
ID_3E74D814,1,0.5621063417451023
ID_F00014D4,1,0.8121755106011948
ID_B28E57C1,1,0.6380184498674893
ID_EEE19CAA,1,0.48108027272034615
ID_11B2FCA5,1,0.7720908844532751
ID_8AEB7663,0,0.6931015133135691
ID_2BC42EC8,0,0.6868199419391833
ID_ED4B2AD2,0,0.21529523089119096
ID_1E518AE9,1,0.48078604608577946
ID_7EAD4AE7,1,0.634562656835609
ID_AD5B81C2,1,0.7322167398201666
ID_2DECF905,1,0.690432019681461
ID_D80097B7,0,0.8394020327592036
ID_DDE69130,1,0.688362239515996
ID_9E6D1B9A,0,0.2996113971288758
ID_ED0ABC6C,1,0.810787085540426
ID_A6D87237,0,0.6682630415891492
ID_360A8551,0,0.3190039199611432
ID_E178FD12,0,0.7753017116217517
ID_89EF65F9,1,0.8099469632520918
ID_68E887E9,1,0.6168313526402138
ID_B18254F3,1,0.8375933788671323
ID_134C3173,1,0.7952885995805066
ID_64B44369,1,0.8441341622709683
ID_5A9C024F,1,0.8509390653677519
ID_32DABA53,1,0.8541885908979747
ID_6213B017,1,0.7831334624416318
ID_00E8E896,0,0.7041197983050829
ID_1DE60476,1,0.8493673078498047
ID_AC40334B,1,0.785470676114622
ID_B3BE4747,1,0.773180118523723
ID_964BC4D4,1,0.8650296775228583
ID_602B57FB,1,0.7539492421420472
ID_B527E350,1,0.8738760918846079
ID_0BE2AA68,1,0.8575333724967477
ID_DF47ABFC,0,0.6720787488173011
ID_017FCEC9,0,0.6046977862982642
ID_9E251BCB,0,0.43780856289721154
ID_24151EFB,0,0.8813311420405879
ID_434A0352,1,0.5107039155680979
ID_1BCC87F8,1,0.7446171340275929
ID_161DC7B0,0,0.5899848613506229
ID_A06B3222,1,0.631835974273563
ID_7C47E9CD,1,0.6379393524317968
ID_301691CD,1,0.8109277509774347
ID_A1DC5AAA,0,0.7231972195304879
ID_87C662C2,1,0.5393227645939402
ID_50BEDE24,1,0.5745072469773078
ID_F879A493,1,0.6387267733868052
ID_666B05C4,1,0.7046231443510093
ID_76283B17,1,0.8083666499399952
ID_D3F1115C,0,0.46205735249752206
ID_8C56D24E,1,0.8634121644360807
ID_AE770A5D,1,0.8224550616524237
ID_6C50C9C1,0,0.8289002807723412
ID_B50C189D,1,0.6993347543987961
ID_10DE4148,1,0.7487536828557211
ID_964EDC60,1,0.7880460764656154
ID_35BDFF67,0,0.7358169028405955
ID_1FD84003,1,0.512396815896016
ID_92FD3C47,0,0.6372979612224028
ID_71FFD1AD,1,0.6695004802078515
ID_2BA5EF87,0,0.7211680928139331
ID_28086B39,1,0.6663595368062997
ID_6412331A,1,0.8251505898167482
ID_DB95BF5E,0,0.4224188848899233
ID_23CACBF6,1,0.8211818716225352
ID_2CDAAE58,0,0.32370466040993523
ID_8099FB9C,1,0.6852018629095014
ID_8A614F8B,0,0.7736092260358406
ID_CB4F8F61,1,0.7904730792383899
ID_64F97593,0,0.5386706497219024
